{"Mean": -115.02342951192196, "min": -119.63986006191311, "max": -106.35351273526003}{"Mean": -111.0505033718411, "min": -122.38996038562556, "max": -104.01787635905048}{"Mean": -99.09904381293819, "min": -108.39288562811166, "max": -18.52511714580965}{"Mean": -70.65962787938037, "min": -106.18291675273392, "max": -18.45501468937168}{"Mean": -26.537923653194536, "min": -104.95975982555716, "max": -12.411423594179109}{"Mean": -40.708281966314146, "min": -119.11836088082008, "max": -12.019525561081602}{"Mean": -21.02255648554726, "min": -104.34992729165334, "max": -9.214035239787163}{"Mean": -28.524881172236412, "min": -101.65176688750833, "max": -8.399901156802512}