{"0": {"mean": 0.96, "min": 0.7999999999999999, "max": 1.0999999999999999}, "1": {"mean": 0.9099999999999999, "min": 0.7999999999999999, "max": 1.0999999999999999}, "2": {"mean": 0.9199999999999999, "min": 0.7999999999999999, "max": 1.0999999999999999}, "3": {"mean": 0.96, "min": 0.8999999999999999, "max": 1.0999999999999999}, "4": {"mean": 0.9499999999999998, "min": 0.7999999999999999, "max": 0.9999999999999999}, "5": {"mean": 0.9099999999999999, "min": 0.7999999999999999, "max": 0.9999999999999999}, "6": {"mean": 0.9399999999999998, "min": 0.7999999999999999, "max": 0.9999999999999999}, "7": {"mean": 0.93, "min": 0.8999999999999999, "max": 0.9999999999999999}, "8": {"mean": 0.9099999999999999, "min": 0.7999999999999999, "max": 0.9999999999999999}, "9": {"mean": 0.96, "min": 0.8999999999999999, "max": 0.9999999999999999}, "10": {"mean": 0.8899999999999999, "min": 0.7999999999999999, "max": 0.9999999999999999}, "11": {"mean": 0.9299999999999999, "min": 0.7999999999999999, "max": 1.0999999999999999}, "12": {"mean": 0.9899999999999999, "min": 0.8999999999999999, "max": 1.0999999999999999}, "13": {"mean": 1.09, "min": 0.7999999999999999, "max": 2.500000000000001}, "14": {"mean": 1.61, "min": 0.7999999999999999, "max": 2.400000000000001}, "15": {"mean": 2.0300000000000002, "min": 0.8999999999999999, "max": 2.600000000000001}, "16": {"mean": 2.610000000000001, "min": 0.9999999999999999, "max": 3.3000000000000016}, "17": {"mean": 3.680000000000001, "min": 2.3000000000000007, "max": 6.099999999999994}, "18": {"mean": 4.129999999999998, "min": 2.400000000000001, "max": 8.599999999999985}}