{"0": {"mean": 32.13333333333333, "min": 8.0, "max": 90.0}, "1": {"mean": 89.13333333333334, "min": 8.0, "max": 500.0}, "2": {"mean": 196.63333333333333, "min": 8.0, "max": 500.0}, "3": {"mean": 428.8666666666667, "min": 74.0, "max": 500.0}, "4": {"mean": 452.3333333333333, "min": 54.0, "max": 500.0}}