{"0": {"mean": 0.95, "min": 0.8999999999999999, "max": 0.9999999999999999}, "1": {"mean": 2.739999999999996, "min": 0.8999999999999999, "max": 14.599999999999964}, "2": {"mean": 7.22000000000004, "min": 0.7999999999999999, "max": 49.10000000000043}, "3": {"mean": 16.020000000000053, "min": 6.099999999999994, "max": 41.70000000000032}, "4": {"mean": 11.880000000000013, "min": 0.8999999999999999, "max": 36.40000000000025}, "5": {"mean": 10.850000000000042, "min": 0.7999999999999999, "max": 50.00000000000044}, "6": {"mean": 6.439999999999996, "min": 0.8999999999999999, "max": 21.00000000000003}, "7": {"mean": 11.280000000000035, "min": 0.7999999999999999, "max": 50.00000000000044}, "8": {"mean": 15.340000000000078, "min": 0.8999999999999999, "max": 50.00000000000044}, "9": {"mean": 17.85000000000008, "min": 0.8999999999999999, "max": 50.00000000000044}, "10": {"mean": 6.949999999999991, "min": 0.8999999999999999, "max": 19.200000000000003}, "11": {"mean": 17.78000000000013, "min": 0.8999999999999999, "max": 50.00000000000044}, "12": {"mean": 22.610000000000174, "min": 0.8999999999999999, "max": 50.00000000000044}, "13": {"mean": 13.810000000000084, "min": 0.8999999999999999, "max": 50.00000000000044}, "14": {"mean": 28.760000000000236, "min": 0.9999999999999999, "max": 50.00000000000044}, "15": {"mean": 23.350000000000172, "min": 1.0999999999999999, "max": 50.00000000000044}, "16": {"mean": 15.810000000000134, "min": 0.8999999999999999, "max": 50.00000000000044}, "17": {"mean": 25.920000000000222, "min": 0.8999999999999999, "max": 50.00000000000044}, "18": {"mean": 32.77000000000027, "min": 0.8999999999999999, "max": 50.00000000000044}, "19": {"mean": 23.050000000000175, "min": 0.8999999999999999, "max": 50.00000000000044}, "20": {"mean": 17.760000000000126, "min": 0.8999999999999999, "max": 50.00000000000044}, "21": {"mean": 35.47000000000031, "min": 0.8999999999999999, "max": 50.00000000000044}, "22": {"mean": 22.100000000000176, "min": 0.7999999999999999, "max": 50.00000000000044}, "23": {"mean": 22.930000000000174, "min": 0.8999999999999999, "max": 50.00000000000044}, "24": {"mean": 25.47000000000022, "min": 0.8999999999999999, "max": 50.00000000000044}, "25": {"mean": 21.89000000000015, "min": 0.9999999999999999, "max": 50.00000000000044}, "26": {"mean": 30.460000000000264, "min": 0.7999999999999999, "max": 50.00000000000044}, "27": {"mean": 40.49000000000035, "min": 0.9999999999999999, "max": 50.00000000000044}, "28": {"mean": 25.50000000000022, "min": 0.8999999999999999, "max": 50.00000000000044}, "29": {"mean": 21.030000000000147, "min": 0.7999999999999999, "max": 50.00000000000044}, "30": {"mean": 35.26000000000031, "min": 0.7999999999999999, "max": 50.00000000000044}, "31": {"mean": 30.980000000000256, "min": 0.8999999999999999, "max": 50.00000000000044}, "32": {"mean": 33.53000000000027, "min": 0.8999999999999999, "max": 50.00000000000044}, "33": {"mean": 8.520000000000051, "min": 0.7999999999999999, "max": 50.00000000000044}, "34": {"mean": 17.040000000000134, "min": 0.7999999999999999, "max": 50.00000000000044}, "35": {"mean": 25.650000000000222, "min": 0.8999999999999999, "max": 50.00000000000044}, "36": {"mean": 35.28000000000031, "min": 0.8999999999999999, "max": 50.00000000000044}, "37": {"mean": 12.080000000000089, "min": 0.8999999999999999, "max": 50.00000000000044}, "38": {"mean": 45.090000000000394, "min": 0.8999999999999999, "max": 50.00000000000044}, "39": {"mean": 40.390000000000356, "min": 0.8999999999999999, "max": 50.00000000000044}, "40": {"mean": 20.900000000000176, "min": 0.7999999999999999, "max": 50.00000000000044}, "41": {"mean": 6.200000000000044, "min": 0.7999999999999999, "max": 50.00000000000044}, "42": {"mean": 26.500000000000217, "min": 0.8999999999999999, "max": 50.00000000000044}, "43": {"mean": 32.240000000000265, "min": 0.9999999999999999, "max": 50.00000000000044}, "44": {"mean": 41.400000000000354, "min": 0.8999999999999999, "max": 50.00000000000044}, "45": {"mean": 40.180000000000355, "min": 0.8999999999999999, "max": 50.00000000000044}, "46": {"mean": 36.7700000000003, "min": 0.9999999999999999, "max": 50.00000000000044}, "47": {"mean": 31.67000000000026, "min": 0.8999999999999999, "max": 50.00000000000044}, "48": {"mean": 25.46000000000022, "min": 0.7999999999999999, "max": 50.00000000000044}, "49": {"mean": 29.020000000000216, "min": 0.8999999999999999, "max": 50.00000000000044}, "50": {"mean": 36.280000000000314, "min": 0.7999999999999999, "max": 50.00000000000044}, "51": {"mean": 19.130000000000123, "min": 0.8999999999999999, "max": 50.00000000000044}, "52": {"mean": 13.420000000000098, "min": 0.7999999999999999, "max": 50.00000000000044}, "53": {"mean": 25.930000000000216, "min": 0.8999999999999999, "max": 50.00000000000044}, "54": {"mean": 16.16000000000013, "min": 0.8999999999999999, "max": 50.00000000000044}, "55": {"mean": 11.13000000000009, "min": 0.8999999999999999, "max": 50.00000000000044}, "56": {"mean": 25.440000000000218, "min": 0.7999999999999999, "max": 50.00000000000044}, "57": {"mean": 28.450000000000216, "min": 0.8999999999999999, "max": 50.00000000000044}, "58": {"mean": 25.900000000000222, "min": 0.8999999999999999, "max": 50.00000000000044}, "59": {"mean": 16.40000000000013, "min": 0.7999999999999999, "max": 50.00000000000044}, "60": {"mean": 21.130000000000177, "min": 0.8999999999999999, "max": 50.00000000000044}, "61": {"mean": 37.670000000000314, "min": 0.7999999999999999, "max": 50.00000000000044}, "62": {"mean": 18.09000000000013, "min": 0.7999999999999999, "max": 50.00000000000044}, "63": {"mean": 13.500000000000096, "min": 0.7999999999999999, "max": 50.00000000000044}, "64": {"mean": 12.770000000000085, "min": 0.8999999999999999, "max": 50.00000000000044}, "65": {"mean": 26.27000000000022, "min": 0.8999999999999999, "max": 50.00000000000044}, "66": {"mean": 28.400000000000226, "min": 0.8999999999999999, "max": 50.00000000000044}, "67": {"mean": 25.9500000000002, "min": 1.8000000000000005, "max": 50.00000000000044}, "68": {"mean": 33.40000000000028, "min": 0.8999999999999999, "max": 50.00000000000044}, "69": {"mean": 22.78000000000018, "min": 0.9999999999999999, "max": 50.00000000000044}, "70": {"mean": 16.980000000000082, "min": 0.7999999999999999, "max": 50.00000000000044}, "71": {"mean": 26.81000000000022, "min": 0.7999999999999999, "max": 50.00000000000044}, "72": {"mean": 15.50000000000008, "min": 0.8999999999999999, "max": 50.00000000000044}, "73": {"mean": 25.47000000000022, "min": 0.8999999999999999, "max": 50.00000000000044}, "74": {"mean": 31.55000000000026, "min": 0.8999999999999999, "max": 50.00000000000044}, "75": {"mean": 17.260000000000126, "min": 0.8999999999999999, "max": 50.00000000000044}, "76": {"mean": 25.47000000000022, "min": 0.7999999999999999, "max": 50.00000000000044}, "77": {"mean": 30.40000000000026, "min": 0.9999999999999999, "max": 50.00000000000044}, "78": {"mean": 21.480000000000178, "min": 0.7999999999999999, "max": 50.00000000000044}, "79": {"mean": 35.75000000000031, "min": 0.9999999999999999, "max": 50.00000000000044}, "80": {"mean": 34.670000000000286, "min": 0.8999999999999999, "max": 50.00000000000044}, "81": {"mean": 37.40000000000031, "min": 0.7999999999999999, "max": 50.00000000000044}, "82": {"mean": 37.63000000000032, "min": 0.8999999999999999, "max": 50.00000000000044}, "83": {"mean": 21.360000000000177, "min": 0.7999999999999999, "max": 50.00000000000044}, "84": {"mean": 47.280000000000406, "min": 22.800000000000054, "max": 50.00000000000044}, "85": {"mean": 13.600000000000085, "min": 0.7999999999999999, "max": 50.00000000000044}, "86": {"mean": 47.040000000000404, "min": 20.40000000000002, "max": 50.00000000000044}, "87": {"mean": 38.190000000000325, "min": 0.8999999999999999, "max": 50.00000000000044}, "88": {"mean": 27.040000000000212, "min": 0.8999999999999999, "max": 50.00000000000044}, "89": {"mean": 27.390000000000214, "min": 0.7999999999999999, "max": 50.00000000000044}, "90": {"mean": 15.9100000000001,