{"0": {"mean": 11.133333333333333, "min": 8.0, "max": 34.0}, "1": {"mean": 17.666666666666668, "min": 8.0, "max": 60.0}, "2": {"mean": 23.133333333333333, "min": 8.0, "max": 66.0}, "3": {"mean": 38.4, "min": 8.0, "max": 223.0}, "4": {"mean": 67.46666666666667, "min": 9.0, "max": 500.0}}