{"0": {"mean": 9.733333333333333, "min": 9.0, "max": 11.0}, "1": {"mean": 18.633333333333333, "min": 8.0, "max": 250.0}, "2": {"mean": 203.6, "min": 9.0, "max": 447.0}, "3": {"mean": 264.96666666666664, "min": 21.0, "max": 500.0}, "4": {"mean": 369.73333333333335, "min": 38.0, "max": 500.0}, "5": {"mean": 401.4, "min": 275.0, "max": 500.0}, "6": {"mean": 441.0, "min": 260.0, "max": 500.0}, "7": {"mean": 444.1, "min": 264.0, "max": 500.0}, "8": {"mean": 443.26666666666665, "min": 193.0, "max": 500.0}, "9": {"mean": 492.8, "min": 392.0, "max": 500.0}, "10": {"mean": 477.53333333333336, "min": 356.0, "max": 500.0}, "11": {"mean": 472.03333333333336, "min": 347.0, "max": 500.0}, "12": {"mean": 481.06666666666666, "min": 337.0, "max": 500.0}, "13": {"mean": 483.3666666666667, "min": 349.0, "max": 500.0}, "14": {"mean": 466.6, "min": 277.0, "max": 500.0}, "15": {"mean": 493.6, "min": 452.0, "max": 500.0}, "16": {"mean": 485.96666666666664, "min": 259.0, "max": 500.0}, "17": {"mean": 493.96666666666664, "min": 351.0, "max": 500.0}, "18": {"mean": 493.1, "min": 293.0, "max": 500.0}, "19": {"mean": 500.0, "min": 500.0, "max": 500.0}, "20": {"mean": 500.0, "min": 500.0, "max": 500.0}, "21": {"mean": 500.0, "min": 500.0, "max": 500.0}, "22": {"mean": 500.0, "min": 500.0, "max": 500.0}, "23": {"mean": 500.0, "min": 500.0, "max": 500.0}, "24": {"mean": 500.0, "min": 500.0, "max": 500.0}}