{"0": {"mean": 79.16666666666667, "min": 9.0, "max": 314.0}, "1": {"mean": 352.73333333333335, "min": 8.0, "max": 500.0}, "2": {"mean": 476.43333333333334, "min": 35.0, "max": 500.0}, "3": {"mean": 189.16666666666666, "min": 9.0, "max": 500.0}, "4": {"mean": 358.3333333333333, "min": 241.0, "max": 500.0}}