{"0": {"mean": 0.95, "min": 0.7999999999999999, "max": 1.0999999999999999}, "1": {"mean": 0.9099999999999999, "min": 0.7999999999999999, "max": 0.9999999999999999}, "2": {"mean": 0.97, "min": 0.8999999999999999, "max": 0.9999999999999999}, "3": {"mean": 1.12, "min": 0.7999999999999999, "max": 2.700000000000001}, "4": {"mean": 1.3300000000000003, "min": 0.8999999999999999, "max": 2.9000000000000012}, "5": {"mean": 2.400000000000001, "min": 0.8999999999999999, "max": 4.4}, "6": {"mean": 4.589999999999998, "min": 1.7000000000000004, "max": 9.699999999999982}, "7": {"mean": 4.1999999999999975, "min": 0.9999999999999999, "max": 9.399999999999983}, "8": {"mean": 6.289999999999991, "min": 0.9999999999999999, "max": 14.299999999999965}, "9": {"mean": 9.000000000000032, "min": 0.8999999999999999, "max": 41.50000000000032}, "10": {"mean": 10.920000000000037, "min": 0.9999999999999999, "max": 48.10000000000041}, "11": {"mean": 7.820000000000027, "min": 0.8999999999999999, "max": 37.80000000000027}, "12": {"mean": 10.39000000000004, "min": 3.3000000000000016, "max": 50.00000000000044}, "13": {"mean": 9.450000000000042, "min": 1.9000000000000006, "max": 50.00000000000044}, "14": {"mean": 6.440000000000014, "min": 0.9999999999999999, "max": 29.400000000000148}, "15": {"mean": 16.73000000000006, "min": 0.8999999999999999, "max": 50.00000000000044}, "16": {"mean": 15.12000000000008, "min": 0.9999999999999999, "max": 43.10000000000034}}