{"0": {"mean": 1.4199999999999997, "min": 0.7999999999999999, "max": 5.1999999999999975}, "1": {"mean": 2.869999999999998, "min": 0.8999999999999999, "max": 9.099999999999984}, "2": {"mean": 3.979999999999996, "min": 0.8999999999999999, "max": 10.29999999999998}, "3": {"mean": 6.489999999999993, "min": 0.8999999999999999, "max": 18.799999999999997}, "4": {"mean": 10.18, "min": 0.8999999999999999, "max": 22.200000000000045}, "5": {"mean": 18.710000000000054, "min": 0.8999999999999999, "max": 50.00000000000044}, "6": {"mean": 26.630000000000148, "min": 0.9999999999999999, "max": 50.00000000000044}, "7": {"mean": 43.52000000000038, "min": 0.9999999999999999, "max": 50.00000000000044}, "8": {"mean": 29.790000000000255, "min": 0.8999999999999999, "max": 50.00000000000044}, "9": {"mean": 45.1000000000004, "min": 0.9999999999999999, "max": 50.00000000000044}, "10": {"mean": 29.620000000000232, "min": 0.7999999999999999, "max": 50.00000000000044}, "11": {"mean": 35.28000000000031, "min": 0.7999999999999999, "max": 50.00000000000044}, "12": {"mean": 32.20000000000026, "min": 0.8999999999999999, "max": 50.00000000000044}, "13": {"mean": 32.93000000000025, "min": 5.299999999999997, "max": 50.00000000000044}, "14": {"mean": 24.69000000000018, "min": 0.7999999999999999, "max": 50.00000000000044}, "15": {"mean": 27.730000000000224, "min": 0.8999999999999999, "max": 50.00000000000044}, "16": {"mean": 39.15000000000032, "min": 0.7999999999999999, "max": 50.00000000000044}, "17": {"mean": 28.630000000000212, "min": 0.9999999999999999, "max": 50.00000000000044}, "18": {"mean": 31.91000000000026, "min": 0.9999999999999999, "max": 50.00000000000044}, "19": {"mean": 13.560000000000082, "min": 0.7999999999999999, "max": 50.00000000000044}, "20": {"mean": 30.32000000000025, "min": 0.8999999999999999, "max": 50.00000000000044}, "21": {"mean": 20.100000000000144, "min": 0.7999999999999999, "max": 50.00000000000044}, "22": {"mean": 25.210000000000218, "min": 0.9999999999999999, "max": 50.00000000000044}}