{"0": {"mean": 11.6, "min": 8.0, "max": 31.0}, "1": {"mean": 11.7, "min": 8.0, "max": 29.0}, "2": {"mean": 14.833333333333334, "min": 8.0, "max": 49.0}, "3": {"mean": 33.1, "min": 9.0, "max": 140.0}, "4": {"mean": 43.666666666666664, "min": 9.0, "max": 140.0}, "5": {"mean": 83.03333333333333, "min": 9.0, "max": 218.0}, "6": {"mean": 133.2, "min": 24.0, "max": 500.0}, "7": {"mean": 122.36666666666666, "min": 46.0, "max": 216.0}, "8": {"mean": 131.9, "min": 30.0, "max": 242.0}, "9": {"mean": 159.73333333333332, "min": 9.0, "max": 500.0}}