{"0": {"mean": 23.966666666666665, "min": 8.0, "max": 147.0}, "1": {"mean": 186.63333333333333, "min": 9.0, "max": 365.0}, "2": {"mean": 294.1333333333333, "min": 146.0, "max": 368.0}, "3": {"mean": 297.56666666666666, "min": 142.0, "max": 378.0}, "4": {"mean": 283.6, "min": 142.0, "max": 500.0}, "5": {"mean": 281.3666666666667, "min": 143.0, "max": 500.0}, "6": {"mean": 314.8, "min": 156.0, "max": 500.0}, "7": {"mean": 390.93333333333334, "min": 199.0, "max": 500.0}, "8": {"mean": 434.7, "min": 179.0, "max": 500.0}, "9": {"mean": 472.9, "min": 194.0, "max": 500.0}}