{"0": {"mean": 19.366666666666667, "min": 9.0, "max": 67.0}, "1": {"mean": 31.333333333333332, "min": 9.0, "max": 60.0}, "2": {"mean": 58.13333333333333, "min": 10.0, "max": 256.0}, "3": {"mean": 104.56666666666666, "min": 9.0, "max": 500.0}, "4": {"mean": 183.93333333333334, "min": 28.0, "max": 500.0}}