{"0": {"mean": 13.1, "min": 8.0, "max": 65.0}, "1": {"mean": 16.5, "min": 9.0, "max": 58.0}, "2": {"mean": 35.13333333333333, "min": 9.0, "max": 256.0}, "3": {"mean": 96.93333333333334, "min": 9.0, "max": 262.0}, "4": {"mean": 140.86666666666667, "min": 18.0, "max": 258.0}}