{"0": {"mean": 13.1, "min": 9.0, "max": 81.0}, "1": {"mean": 42.03333333333333, "min": 8.0, "max": 188.0}, "2": {"mean": 82.0, "min": 8.0, "max": 252.0}, "3": {"mean": 150.4, "min": 19.0, "max": 500.0}, "4": {"mean": 198.73333333333332, "min": 29.0, "max": 500.0}}