{"0": {"mean": 16.733333333333334, "min": 9.0, "max": 74.0}, "1": {"mean": 16.333333333333332, "min": 8.0, "max": 33.0}, "2": {"mean": 31.4, "min": 8.0, "max": 160.0}, "3": {"mean": 68.7, "min": 9.0, "max": 197.0}, "4": {"mean": 114.46666666666667, "min": 10.0, "max": 500.0}, "5": {"mean": 255.73333333333332, "min": 54.0, "max": 500.0}, "6": {"mean": 375.96666666666664, "min": 116.0, "max": 500.0}, "7": {"mean": 479.6, "min": 196.0, "max": 500.0}, "8": {"mean": 500.0, "min": 500.0, "max": 500.0}, "9": {"mean": 467.5, "min": 287.0, "max": 500.0}}