{"0": {"mean": 69.73333333333333, "min": 8.0, "max": 277.0}, "1": {"mean": 134.13333333333333, "min": 9.0, "max": 325.0}, "2": {"mean": 200.6, "min": 130.0, "max": 341.0}, "3": {"mean": 175.63333333333333, "min": 112.0, "max": 359.0}, "4": {"mean": 176.16666666666666, "min": 9.0, "max": 318.0}, "5": {"mean": 200.23333333333332, "min": 100.0, "max": 484.0}, "6": {"mean": 216.76666666666668, "min": 46.0, "max": 500.0}, "7": {"mean": 216.56666666666666, "min": 137.0, "max": 500.0}, "8": {"mean": 235.83333333333334, "min": 122.0, "max": 500.0}, "9": {"mean": 325.0, "min": 149.0, "max": 500.0}, "10": {"mean": 395.7, "min": 150.0, "max": 500.0}, "11": {"mean": 430.56666666666666, "min": 169.0, "max": 500.0}, "12": {"mean": 459.26666666666665, "min": 137.0, "max": 500.0}, "13": {"mean": 457.6333333333333, "min": 249.0, "max": 500.0}, "14": {"mean": 500.0, "min": 500.0, "max": 500.0}, "15": {"mean": 500.0, "min": 500.0, "max": 500.0}, "16": {"mean": 500.0, "min": 500.0, "max": 500.0}, "17": {"mean": 483.6666666666667, "min": 465.0, "max": 500.0}, "18": {"mean": 496.6666666666667, "min": 464.0, "max": 500.0}, "19": {"mean": 495.93333333333334, "min": 439.0, "max": 500.0}, "20": {"mean": 475.1333333333333, "min": 133.0, "max": 500.0}, "21": {"mean": 500.0, "min": 500.0, "max": 500.0}, "22": {"mean": 492.8, "min": 428.0, "max": 500.0}, "23": {"mean": 500.0, "min": 500.0, "max": 500.0}, "24": {"mean": 500.0, "min": 500.0, "max": 500.0}}