{"0": {"mean": 10.533333333333333, "min": 8.0, "max": 17.0}, "1": {"mean": 10.9, "min": 9.0, "max": 18.0}, "2": {"mean": 14.533333333333333, "min": 9.0, "max": 85.0}, "3": {"mean": 49.7, "min": 8.0, "max": 131.0}, "4": {"mean": 64.7, "min": 9.0, "max": 218.0}, "5": {"mean": 124.16666666666667, "min": 65.0, "max": 500.0}, "6": {"mean": 191.46666666666667, "min": 64.0, "max": 500.0}, "7": {"mean": 274.6333333333333, "min": 63.0, "max": 500.0}, "8": {"mean": 400.1666666666667, "min": 131.0, "max": 500.0}, "9": {"mean": 432.26666666666665, "min": 112.0, "max": 500.0}, "10": {"mean": 460.6666666666667, "min": 172.0, "max": 500.0}, "11": {"mean": 484.26666666666665, "min": 264.0, "max": 500.0}, "12": {"mean": 487.3333333333333, "min": 310.0, "max": 500.0}, "13": {"mean": 481.53333333333336, "min": 223.0, "max": 500.0}, "14": {"mean": 491.4, "min": 242.0, "max": 500.0}, "15": {"mean": 500.0, "min": 500.0, "max": 500.0}, "16": {"mean": 500.0, "min": 500.0, "max": 500.0}, "17": {"mean": 500.0, "min": 500.0, "max": 500.0}, "18": {"mean": 500.0, "min": 500.0, "max": 500.0}, "19": {"mean": 500.0, "min": 500.0, "max": 500.0}, "20": {"mean": 500.0, "min": 500.0, "max": 500.0}, "21": {"mean": 500.0, "min": 500.0, "max": 500.0}, "22": {"mean": 500.0, "min": 500.0, "max": 500.0}, "23": {"mean": 500.0, "min": 500.0, "max": 500.0}, "24": {"mean": 500.0, "min": 500.0, "max": 500.0}}