{"0": {"mean": 46.4, "min": 9.0, "max": 239.0}, "1": {"mean": 128.9, "min": 8.0, "max": 316.0}, "2": {"mean": 181.96666666666667, "min": 8.0, "max": 266.0}, "3": {"mean": 252.13333333333333, "min": 8.0, "max": 500.0}, "4": {"mean": 263.3333333333333, "min": 243.0, "max": 500.0}, "5": {"mean": 377.4, "min": 255.0, "max": 500.0}, "6": {"mean": 306.93333333333334, "min": 80.0, "max": 500.0}, "7": {"mean": 384.23333333333335, "min": 127.0, "max": 500.0}, "8": {"mean": 313.4, "min": 245.0, "max": 500.0}, "9": {"mean": 413.03333333333336, "min": 213.0, "max": 500.0}}