{"0": {"mean": 14.666666666666666, "min": 8.0, "max": 116.0}, "1": {"mean": 56.1, "min": 9.0, "max": 133.0}, "2": {"mean": 119.46666666666667, "min": 9.0, "max": 500.0}, "3": {"mean": 119.66666666666667, "min": 10.0, "max": 250.0}, "4": {"mean": 225.36666666666667, "min": 10.0, "max": 500.0}, "5": {"mean": 341.03333333333336, "min": 119.0, "max": 500.0}, "6": {"mean": 474.46666666666664, "min": 116.0, "max": 500.0}, "7": {"mean": 487.6666666666667, "min": 130.0, "max": 500.0}, "8": {"mean": 343.06666666666666, "min": 10.0, "max": 500.0}, "9": {"mean": 404.73333333333335, "min": 31.0, "max": 500.0}, "10": {"mean": 314.6333333333333, "min": 150.0, "max": 500.0}, "11": {"mean": 433.6666666666667, "min": 146.0, "max": 500.0}, "12": {"mean": 321.23333333333335, "min": 140.0, "max": 500.0}, "13": {"mean": 311.6333333333333, "min": 73.0, "max": 500.0}, "14": {"mean": 412.6333333333333, "min": 181.0, "max": 500.0}, "15": {"mean": 414.9, "min": 147.0, "max": 500.0}, "16": {"mean": 420.76666666666665, "min": 138.0, "max": 500.0}, "17": {"mean": 490.26666666666665, "min": 208.0, "max": 500.0}, "18": {"mean": 469.26666666666665, "min": 146.0, "max": 500.0}, "19": {"mean": 453.73333333333335, "min": 147.0, "max": 500.0}, "20": {"mean": 489.1666666666667, "min": 175.0, "max": 500.0}, "21": {"mean": 489.2, "min": 176.0, "max": 500.0}, "22": {"mean": 497.1, "min": 413.0, "max": 500.0}, "23": {"mean": 500.0, "min": 500.0, "max": 500.0}, "24": {"mean": 500.0, "min": 500.0, "max": 500.0}}