{"0": {"mean": 16.8, "min": 8.0, "max": 59.0}, "1": {"mean": 73.13333333333334, "min": 9.0, "max": 179.0}, "2": {"mean": 66.6, "min": 8.0, "max": 181.0}, "3": {"mean": 119.96666666666667, "min": 72.0, "max": 296.0}, "4": {"mean": 152.26666666666668, "min": 43.0, "max": 236.0}, "5": {"mean": 171.7, "min": 77.0, "max": 251.0}, "6": {"mean": 182.26666666666668, "min": 99.0, "max": 312.0}, "7": {"mean": 191.5, "min": 111.0, "max": 324.0}, "8": {"mean": 201.23333333333332, "min": 68.0, "max": 278.0}, "9": {"mean": 218.76666666666668, "min": 96.0, "max": 305.0}}