{"0": {"mean": 0.97, "min": 0.7999999999999999, "max": 1.2}, "1": {"mean": 1.5900000000000003, "min": 0.7999999999999999, "max": 4.699999999999999}, "2": {"mean": 3.459999999999998, "min": 0.8999999999999999, "max": 7.39999999999999}, "3": {"mean": 2.55, "min": 0.7999999999999999, "max": 7.19999999999999}, "4": {"mean": 3.94, "min": 0.9999999999999999, "max": 5.399999999999997}, "5": {"mean": 5.029999999999998, "min": 1.9000000000000006, "max": 6.999999999999991}, "6": {"mean": 4.179999999999997, "min": 0.7999999999999999, "max": 7.899999999999988}, "7": {"mean": 5.359999999999993, "min": 0.7999999999999999, "max": 10.09999999999998}, "8": {"mean": 8.42000000000002, "min": 0.8999999999999999, "max": 37.90000000000027}, "9": {"mean": 17.9100000000001, "min": 1.0999999999999999, "max": 50.00000000000044}, "10": {"mean": 22.820000000000142, "min": 0.8999999999999999, "max": 50.00000000000044}, "11": {"mean": 39.82000000000032, "min": 0.9999999999999999, "max": 50.00000000000044}, "12": {"mean": 45.1000000000004, "min": 0.9999999999999999, "max": 50.00000000000044}, "13": {"mean": 47.540000000000404, "min": 25.40000000000009, "max": 50.00000000000044}, "14": {"mean": 36.44000000000028, "min": 0.9999999999999999, "max": 50.00000000000044}, "15": {"mean": 33.05000000000026, "min": 0.8999999999999999, "max": 50.00000000000044}, "16": {"mean": 33.590000000000266, "min": 0.9999999999999999, "max": 50.00000000000044}, "17": {"mean": 35.28000000000031, "min": 0.8999999999999999, "max": 50.00000000000044}, "18": {"mean": 42.35000000000035, "min": 7.099999999999991, "max": 50.00000000000044}, "19": {"mean": 22.990000000000173, "min": 0.8999999999999999, "max": 50.00000000000044}, "20": {"mean": 35.33000000000031, "min": 0.8999999999999999, "max": 50.00000000000044}, "21": {"mean": 35.79000000000032, "min": 1.0999999999999999, "max": 50.00000000000044}, "22": {"mean": 37.30000000000031, "min": 0.8999999999999999, "max": 50.00000000000044}, "23": {"mean": 36.86000000000031, "min": 0.7999999999999999, "max": 50.00000000000044}, "24": {"mean": 42.810000000000365, "min": 0.9999999999999999, "max": 50.00000000000044}, "25": {"mean": 41.54000000000035, "min": 0.8999999999999999, "max": 50.00000000000044}, "26": {"mean": 40.18000000000035, "min": 0.8999999999999999, "max": 50.00000000000044}, "27": {"mean": 40.37000000000033, "min": 0.8999999999999999, "max": 50.00000000000044}, "28": {"mean": 37.950000000000315, "min": 0.8999999999999999, "max": 50.00000000000044}, "29": {"mean": 35.30000000000031, "min": 0.8999999999999999, "max": 50.00000000000044}, "30": {"mean": 35.290000000000305, "min": 0.8999999999999999, "max": 50.00000000000044}, "31": {"mean": 40.20000000000035, "min": 0.9999999999999999, "max": 50.00000000000044}, "32": {"mean": 21.740000000000173, "min": 0.8999999999999999, "max": 50.00000000000044}, "33": {"mean": 31.060000000000265, "min": 0.8999999999999999, "max": 50.00000000000044}, "34": {"mean": 45.1700000000004, "min": 2.400000000000001, "max": 50.00000000000044}, "35": {"mean": 35.500000000000306, "min": 0.8999999999999999, "max": 50.00000000000044}, "36": {"mean": 33.610000000000284, "min": 0.9999999999999999, "max": 50.00000000000044}, "37": {"mean": 37.3500000000003, "min": 0.7999999999999999, "max": 50.00000000000044}, "38": {"mean": 28.87000000000021, "min": 0.9999999999999999, "max": 50.00000000000044}, "39": {"mean": 38.37000000000032, "min": 0.9999999999999999, "max": 50.00000000000044}, "40": {"mean": 25.60000000000022, "min": 0.7999999999999999, "max": 50.00000000000044}, "41": {"mean": 31.000000000000263, "min": 0.8999999999999999, "max": 50.00000000000044}, "42": {"mean": 42.770000000000366, "min": 0.8999999999999999, "max": 50.00000000000044}, "43": {"mean": 40.500000000000355, "min": 0.8999999999999999, "max": 50.00000000000044}, "44": {"mean": 36.44000000000031, "min": 0.7999999999999999, "max": 50.00000000000044}, "45": {"mean": 30.810000000000265, "min": 0.8999999999999999, "max": 50.00000000000044}, "46": {"mean": 25.920000000000222, "min": 0.9999999999999999, "max": 50.00000000000044}, "47": {"mean": 23.360000000000184, "min": 0.8999999999999999, "max": 50.00000000000044}, "48": {"mean": 40.220000000000354, "min": 0.8999999999999999, "max": 50.00000000000044}, "49": {"mean": 28.480000000000228, "min": 0.8999999999999999, "max": 50.00000000000044}, "50": {"mean": 47.50000000000041, "min": 25.000000000000085, "max": 50.00000000000044}, "51": {"mean": 31.950000000000262, "min": 0.7999999999999999, "max": 50.00000000000044}, "52": {"mean": 45.220000000000404, "min": 2.2000000000000006, "max": 50.00000000000044}, "53": {"mean": 40.34000000000036, "min": 0.9999999999999999, "max": 50.00000000000044}, "54": {"mean": 42.10000000000035, "min": 0.9999999999999999, "max": 50.00000000000044}, "55": {"mean": 35.150000000000304, "min": 0.8999999999999999, "max": 50.00000000000044}, "56": {"mean": 35.27000000000031, "min": 0.7999999999999999, "max": 50.00000000000044}, "57": {"mean": 35.29000000000031, "min": 0.8999999999999999, "max": 50.00000000000044}, "58": {"mean": 45.4300000000004, "min": 4.300000000000001, "max": 50.00000000000044}, "59": {"mean": 26.12000000000022, "min": 0.8999999999999999, "max": 50.00000000000044}, "60": {"mean": 45.2700000000004, "min": 2.700000000000001, "max": 50.00000000000044}, "61": {"mean": 40.12000000000035, "min": 0.8999999999999999, "max": 50.00000000000044}, "62": {"mean": 32.37000000000026, "min": 0.7999999999999999, "max": 50.00000000000044}, "63": {"mean": 35.23000000000031, "min": 0.7999999999999999, "max": 50.00000000000044}, "64": {"mean": 35.22000000000028, "min": 0.7999999999999999, "max": 50.00000000000044}, "65": {"mean": 35.42000000000031, "min": 0.8999999999999999, "max": 50.00000000000044}, "66": {"mean": 34.14000000000029, "min": 0.7999999999999999, "max": 50.00000000000044}, "67": {"mean": 35.54000000000031, "min": 0.8999999999999999, "max": 50.00000000000044}, "68": {"mean": 45.090000000000394, "min": 0.8999999999999999, "max": 50.00000000000044}, "69": {"mean": 40.820000000000334, "min": 0.8999999999999999, "max": 50.00000000000044}, "70": {"mean": 47.87000000000042, "min": 28.700000000000138, "max": 50.00000000000044}, "71": {"mean": 31.050000000000267, "min": 0.7999999999999999, "max": 50.00000000000044}, "72": {"mean": 30.760000000000264, "min": 0.8999999999999999, "max": 50.00000000000044}, "73": {"mean": 29.51000000000024, "min": 0.9999999999999999, "max": 50.00000000000044}, "74": {"mean": 42.27000000000036, "min": 0.9999999999999999, "max": 50.00000000000044}, "75": {"mean": 41.78000000000035, "min": 0.9999999999999999, "max": 50.00000000000044}, "76": {"mean": 37.37000000000031, "min": 0.7999999999999999, "max": 50.00000000000044}, "77": {"mean": 40.76000000000035, "min": 1.0999999999999999, "max": 50.00000000000044}, "78": {"mean": 40.210000000000356, "min": 0.9999999999999999, "max": 50.00000000000044}, "79": {"mean": 38.3600000000003, "min": 3.0000000000000013, "max": 50.00000000000044}, "80": {"mean": 37.740000000000315, "min": 0.7999999999999999, "max": 50.00000000000044}, "81": {"mean": 45.320000000000405, "min": 3.2000000000000015, "max": 50.00000000000044}, "82": {"mean": 45.4500000000004, "min": 4.5, "max": 50.00000000000044}, "83": {"mean": 31.480000000000256, "min": 0.8999999999999999, "max": 50.00000000000044}, "84": {"mean": 35.52000000000031, "min": 0.8999999999999999, "max": 50.00000000000044}, "85": {"mean": 42.41000000000036, "min": 0.8999999999999999, "max": 50.00000000000044}, "86": {"mean": 32.16000000000027, "min": 0.8999999999999999, "max": 50.00000000000044}, "87": {"mean": 40.44000000000035, "min": 0.8999999999999999, "max": 50.00000000000044}, "88": {"mean": 36.390000000000306, "min": 0.8999999999999999, "max": 50.00000000000044}, "89": {"mean": 30.61000000000027, "min": 0.8999999999999999, "max": 50.00000000000044}, "90": {"mean": 50.00000000000044, "min": 50.00000000000044, "max": 50.00000000000044}, "91": {"mean": 36.11000000000031,