{"0": {"mean": 16.1, "min": 8.0, "max": 62.0}, "1": {"mean": 35.9, "min": 8.0, "max": 100.0}, "2": {"mean": 79.23333333333333, "min": 9.0, "max": 320.0}, "3": {"mean": 127.83333333333333, "min": 12.0, "max": 500.0}, "4": {"mean": 255.63333333333333, "min": 58.0, "max": 500.0}, "5": {"mean": 376.6333333333333, "min": 64.0, "max": 500.0}, "6": {"mean": 436.1666666666667, "min": 68.0, "max": 500.0}, "7": {"mean": 466.73333333333335, "min": 131.0, "max": 500.0}, "8": {"mean": 467.46666666666664, "min": 181.0, "max": 500.0}, "9": {"mean": 500.0, "min": 500.0, "max": 500.0}}