{"0": {"mean": 19.166666666666668, "min": 8.0, "max": 58.0}, "1": {"mean": 35.93333333333333, "min": 8.0, "max": 67.0}, "2": {"mean": 67.63333333333334, "min": 10.0, "max": 273.0}, "3": {"mean": 66.2, "min": 10.0, "max": 183.0}, "4": {"mean": 111.13333333333334, "min": 8.0, "max": 500.0}, "5": {"mean": 195.73333333333332, "min": 48.0, "max": 500.0}, "6": {"mean": 257.1666666666667, "min": 39.0, "max": 500.0}, "7": {"mean": 357.8666666666667, "min": 123.0, "max": 500.0}, "8": {"mean": 443.1333333333333, "min": 113.0, "max": 500.0}, "9": {"mean": 487.0, "min": 110.0, "max": 500.0}}