{"0": {"mean": 86.13333333333334, "min": 9.0, "max": 219.0}, "1": {"mean": 240.7, "min": 9.0, "max": 359.0}, "2": {"mean": 275.3, "min": 194.0, "max": 500.0}, "3": {"mean": 327.9, "min": 201.0, "max": 346.0}, "4": {"mean": 214.46666666666667, "min": 190.0, "max": 287.0}, "5": {"mean": 262.73333333333335, "min": 172.0, "max": 500.0}, "6": {"mean": 213.3, "min": 116.0, "max": 352.0}, "7": {"mean": 281.4, "min": 54.0, "max": 399.0}, "8": {"mean": 242.06666666666666, "min": 184.0, "max": 393.0}, "9": {"mean": 281.8666666666667, "min": 218.0, "max": 334.0}, "10": {"mean": 245.96666666666667, "min": 182.0, "max": 388.0}, "11": {"mean": 294.1, "min": 186.0, "max": 473.0}, "12": {"mean": 230.1, "min": 178.0, "max": 420.0}, "13": {"mean": 260.8, "min": 185.0, "max": 391.0}, "14": {"mean": 256.23333333333335, "min": 190.0, "max": 425.0}, "15": {"mean": 267.93333333333334, "min": 179.0, "max": 415.0}, "16": {"mean": 277.73333333333335, "min": 210.0, "max": 444.0}, "17": {"mean": 255.63333333333333, "min": 181.0, "max": 451.0}, "18": {"mean": 230.5, "min": 9.0, "max": 416.0}, "19": {"mean": 272.9, "min": 186.0, "max": 368.0}, "20": {"mean": 300.0, "min": 173.0, "max": 374.0}, "21": {"mean": 261.93333333333334, "min": 200.0, "max": 409.0}, "22": {"mean": 286.46666666666664, "min": 185.0, "max": 335.0}, "23": {"mean": 262.4, "min": 10.0, "max": 500.0}, "24": {"mean": 301.4, "min": 184.0, "max": 500.0}}