{"0": {"mean": 12.933333333333334, "min": 9.0, "max": 39.0}, "1": {"mean": 21.6, "min": 8.0, "max": 178.0}, "2": {"mean": 130.26666666666668, "min": 8.0, "max": 359.0}, "3": {"mean": 225.06666666666666, "min": 44.0, "max": 393.0}, "4": {"mean": 270.5, "min": 145.0, "max": 500.0}, "5": {"mean": 259.06666666666666, "min": 132.0, "max": 500.0}, "6": {"mean": 296.8333333333333, "min": 145.0, "max": 500.0}, "7": {"mean": 355.03333333333336, "min": 140.0, "max": 500.0}, "8": {"mean": 413.03333333333336, "min": 135.0, "max": 500.0}, "9": {"mean": 450.8333333333333, "min": 177.0, "max": 500.0}, "10": {"mean": 489.8, "min": 194.0, "max": 500.0}, "11": {"mean": 500.0, "min": 500.0, "max": 500.0}, "12": {"mean": 500.0, "min": 500.0, "max": 500.0}, "13": {"mean": 500.0, "min": 500.0, "max": 500.0}, "14": {"mean": 500.0, "min": 500.0, "max": 500.0}, "15": {"mean": 500.0, "min": 500.0, "max": 500.0}, "16": {"mean": 500.0, "min": 500.0, "max": 500.0}, "17": {"mean": 500.0, "min": 500.0, "max": 500.0}, "18": {"mean": 500.0, "min": 500.0, "max": 500.0}, "19": {"mean": 500.0, "min": 500.0, "max": 500.0}, "20": {"mean": 500.0, "min": 500.0, "max": 500.0}, "21": {"mean": 500.0, "min": 500.0, "max": 500.0}, "22": {"mean": 500.0, "min": 500.0, "max": 500.0}, "23": {"mean": 500.0, "min": 500.0, "max": 500.0}, "24": {"mean": 500.0, "min": 500.0, "max": 500.0}}