{"0": {"mean": 15.4, "min": 9.0, "max": 171.0}, "1": {"mean": 102.76666666666667, "min": 8.0, "max": 223.0}, "2": {"mean": 171.13333333333333, "min": 9.0, "max": 248.0}, "3": {"mean": 214.2, "min": 175.0, "max": 500.0}, "4": {"mean": 215.63333333333333, "min": 168.0, "max": 500.0}}