{"0": {"mean": 0.97, "min": 0.7999999999999999, "max": 1.3}, "1": {"mean": 1.6200000000000003, "min": 0.8999999999999999, "max": 4.300000000000001}, "2": {"mean": 3.309999999999998, "min": 0.8999999999999999, "max": 10.499999999999979}, "3": {"mean": 6.73999999999999, "min": 1.0999999999999999, "max": 11.499999999999975}, "4": {"mean": 6.6099999999999905, "min": 0.7999999999999999, "max": 13.599999999999968}, "5": {"mean": 12.400000000000016, "min": 4.5, "max": 40.500000000000306}, "6": {"mean": 20.920000000000066, "min": 4.5, "max": 39.9000000000003}, "7": {"mean": 22.270000000000152, "min": 0.7999999999999999, "max": 50.00000000000044}, "8": {"mean": 31.040000000000212, "min": 0.7999999999999999, "max": 50.00000000000044}, "9": {"mean": 25.99000000000022, "min": 0.8999999999999999, "max": 50.00000000000044}, "10": {"mean": 42.19000000000035, "min": 8.799999999999985, "max": 50.00000000000044}, "11": {"mean": 26.22000000000022, "min": 0.7999999999999999, "max": 50.00000000000044}, "12": {"mean": 35.82000000000029, "min": 0.8999999999999999, "max": 50.00000000000044}, "13": {"mean": 36.01000000000031, "min": 0.8999999999999999, "max": 50.00000000000044}, "14": {"mean": 35.29000000000031, "min": 0.8999999999999999, "max": 50.00000000000044}, "15": {"mean": 45.090000000000394, "min": 0.8999999999999999, "max": 50.00000000000044}, "16": {"mean": 23.850000000000176, "min": 0.9999999999999999, "max": 50.00000000000044}, "17": {"mean": 37.65000000000031, "min": 0.9999999999999999, "max": 50.00000000000044}, "18": {"mean": 29.440000000000218, "min": 0.9999999999999999, "max": 50.00000000000044}, "19": {"mean": 23.37000000000018, "min": 0.8999999999999999, "max": 50.00000000000044}, "20": {"mean": 33.72000000000029, "min": 0.7999999999999999, "max": 50.00000000000044}, "21": {"mean": 20.04000000000012, "min": 0.8999999999999999, "max": 50.00000000000044}, "22": {"mean": 25.86000000000022, "min": 0.8999999999999999, "max": 50.00000000000044}, "23": {"mean": 26.08000000000022, "min": 0.8999999999999999, "max": 50.00000000000044}, "24": {"mean": 32.91000000000027, "min": 0.9999999999999999, "max": 50.00000000000044}, "25": {"mean": 30.68000000000027, "min": 0.8999999999999999, "max": 50.00000000000044}, "26": {"mean": 34.750000000000284, "min": 0.9999999999999999, "max": 50.00000000000044}, "27": {"mean": 36.6900000000003, "min": 0.9999999999999999, "max": 50.00000000000044}, "28": {"mean": 39.90000000000032, "min": 4.6, "max": 50.00000000000044}, "29": {"mean": 26.890000000000214, "min": 0.9999999999999999, "max": 50.00000000000044}, "30": {"mean": 28.700000000000227, "min": 0.8999999999999999, "max": 50.00000000000044}, "31": {"mean": 35.37000000000031, "min": 0.9999999999999999, "max": 50.00000000000044}, "32": {"mean": 35.30000000000031, "min": 0.9999999999999999, "max": 50.00000000000044}, "33": {"mean": 35.500000000000306, "min": 0.9999999999999999, "max": 50.00000000000044}, "34": {"mean": 36.740000000000286, "min": 0.9999999999999999, "max": 50.00000000000044}, "35": {"mean": 35.74000000000031, "min": 0.9999999999999999, "max": 50.00000000000044}, "36": {"mean": 37.1600000000003, "min": 0.9999999999999999, "max": 50.00000000000044}, "37": {"mean": 33.220000000000255, "min": 0.8999999999999999, "max": 50.00000000000044}, "38": {"mean": 45.940000000000396, "min": 9.399999999999983, "max": 50.00000000000044}, "39": {"mean": 36.4200000000003, "min": 0.8999999999999999, "max": 50.00000000000044}, "40": {"mean": 36.320000000000306, "min": 0.8999999999999999, "max": 50.00000000000044}, "41": {"mean": 22.890000000000175, "min": 0.8999999999999999, "max": 50.00000000000044}, "42": {"mean": 24.59000000000017, "min": 1.0999999999999999, "max": 50.00000000000044}, "43": {"mean": 21.230000000000118, "min": 0.8999999999999999, "max": 50.00000000000044}, "44": {"mean": 23.860000000000174, "min": 0.8999999999999999, "max": 50.00000000000044}, "45": {"mean": 35.82000000000031, "min": 0.9999999999999999, "max": 50.00000000000044}, "46": {"mean": 23.090000000000174, "min": 0.8999999999999999, "max": 50.00000000000044}, "47": {"mean": 34.25000000000026, "min": 0.9999999999999999, "max": 50.00000000000044}, "48": {"mean": 22.520000000000174, "min": 0.8999999999999999, "max": 50.00000000000044}, "49": {"mean": 35.35000000000029, "min": 0.9999999999999999, "max": 50.00000000000044}, "50": {"mean": 42.02000000000035, "min": 0.8999999999999999, "max": 50.00000000000044}, "51": {"mean": 34.49000000000025, "min": 0.8999999999999999, "max": 50.00000000000044}, "52": {"mean": 25.720000000000162, "min": 0.9999999999999999, "max": 50.00000000000044}, "53": {"mean": 28.800000000000203, "min": 1.5000000000000002, "max": 50.00000000000044}, "54": {"mean": 42.50000000000036, "min": 0.8999999999999999, "max": 50.00000000000044}, "55": {"mean": 29.700000000000234, "min": 0.7999999999999999, "max": 50.00000000000044}, "56": {"mean": 24.54000000000017, "min": 0.8999999999999999, "max": 50.00000000000044}, "57": {"mean": 32.41000000000027, "min": 1.3, "max": 50.00000000000044}, "58": {"mean": 26.950000000000223, "min": 0.7999999999999999, "max": 50.00000000000044}, "59": {"mean": 23.76000000000012, "min": 0.9999999999999999, "max": 50.00000000000044}, "60": {"mean": 32.86000000000026, "min": 1.2, "max": 50.00000000000044}, "61": {"mean": 40.20000000000035, "min": 0.9999999999999999, "max": 50.00000000000044}, "62": {"mean": 29.56000000000023, "min": 0.8999999999999999, "max": 50.00000000000044}, "63": {"mean": 34.92000000000026, "min": 0.9999999999999999, "max": 50.00000000000044}, "64": {"mean": 37.000000000000306, "min": 0.7999999999999999, "max": 50.00000000000044}, "65": {"mean": 33.02000000000027, "min": 0.9999999999999999, "max": 50.00000000000044}, "66": {"mean": 15.840000000000089, "min": 0.7999999999999999, "max": 50.00000000000044}, "67": {"mean": 31.070000000000228, "min": 0.8999999999999999, "max": 50.00000000000044}, "68": {"mean": 35.87000000000029, "min": 0.7999999999999999, "max": 50.00000000000044}, "69": {"mean": 34.65000000000027, "min": 3.800000000000002, "max": 50.00000000000044}, "70": {"mean": 31.84000000000023, "min": 0.7999999999999999, "max": 50.00000000000044}, "71": {"mean": 41.31000000000035, "min": 0.8999999999999999, "max": 50.00000000000044}, "72": {"mean": 20.01000000000013, "min": 0.9999999999999999, "max": 50.00000000000044}, "73": {"mean": 35.420000000000286, "min": 0.8999999999999999, "max": 50.00000000000044}, "74": {"mean": 37.600000000000286, "min": 9.099999999999984, "max": 50.00000000000044}, "75": {"mean": 18.620000000000083, "min": 0.9999999999999999, "max": 50.00000000000044}, "76": {"mean": 35.030000000000285, "min": 0.9999999999999999, "max": 50.00000000000044}, "77": {"mean": 33.530000000000264, "min": 0.7999999999999999, "max": 50.00000000000044}, "78": {"mean": 35.15000000000026, "min": 0.8999999999999999, "max": 50.00000000000044}, "79": {"mean": 43.15000000000035, "min": 15.399999999999961, "max": 50.00000000000044}, "80": {"mean": 24.500000000000178, "min": 0.8999999999999999, "max": 50.00000000000044}, "81": {"mean": 21.24000000000014, "min": 0.7999999999999999, "max": 50.00000000000044}, "82": {"mean": 29.280000000000236, "min": 0.7999999999999999, "max": 50.00000000000044}, "83": {"mean": 30.110000000000213, "min": 0.8999999999999999, "max": 50.00000000000044}, "84": {"mean": 31.90000000000026, "min": 0.8999999999999999, "max": 50.00000000000044}, "85": {"mean": 27.170000000000222, "min": 0.7999999999999999, "max": 50.00000000000044}, "86": {"mean": 37.39000000000031, "min": 0.8999999999999999, "max": 50.00000000000044}, "87": {"mean": 34.44000000000027, "min": 0.8999999999999999, "max": 50.00000000000044}, "88": {"mean": 32.90000000000025, "min": 0.9999999999999999, "max": 50.00000000000044}, "89": {"mean": 18.580000000000126, "min": 0.8999999999999999, "max": 50.00000000000044}, "90": {"mean": 25.920000000000222, "min": 0.8999999999999999, "max": 50.00000000000044}, "91": {"mean": 26.760000000000225, "min": 1.3,