{"0": {"mean": 10.6, "min": 8.0, "max": 37.0}, "1": {"mean": 9.966666666666667, "min": 8.0, "max": 24.0}, "2": {"mean": 9.733333333333333, "min": 8.0, "max": 12.0}, "3": {"mean": 12.7, "min": 9.0, "max": 106.0}, "4": {"mean": 40.9, "min": 8.0, "max": 111.0}}