{"0": {"mean": 153.56666666666666, "min": 9.0, "max": 500.0}, "1": {"mean": 355.6666666666667, "min": 10.0, "max": 500.0}, "2": {"mean": 384.1, "min": 234.0, "max": 500.0}, "3": {"mean": 430.8666666666667, "min": 286.0, "max": 500.0}, "4": {"mean": 398.96666666666664, "min": 228.0, "max": 500.0}}