{"0": {"mean": 18.333333333333332, "min": 9.0, "max": 167.0}, "1": {"mean": 146.8, "min": 8.0, "max": 281.0}, "2": {"mean": 157.36666666666667, "min": 31.0, "max": 500.0}, "3": {"mean": 221.3, "min": 110.0, "max": 500.0}, "4": {"mean": 253.7, "min": 111.0, "max": 500.0}, "5": {"mean": 387.26666666666665, "min": 159.0, "max": 500.0}, "6": {"mean": 458.26666666666665, "min": 187.0, "max": 500.0}, "7": {"mean": 487.2, "min": 116.0, "max": 500.0}, "8": {"mean": 500.0, "min": 500.0, "max": 500.0}, "9": {"mean": 500.0, "min": 500.0, "max": 500.0}, "10": {"mean": 500.0, "min": 500.0, "max": 500.0}, "11": {"mean": 500.0, "min": 500.0, "max": 500.0}, "12": {"mean": 500.0, "min": 500.0, "max": 500.0}, "13": {"mean": 500.0, "min": 500.0, "max": 500.0}, "14": {"mean": 500.0, "min": 500.0, "max": 500.0}, "15": {"mean": 500.0, "min": 500.0, "max": 500.0}, "16": {"mean": 500.0, "min": 500.0, "max": 500.0}, "17": {"mean": 500.0, "min": 500.0, "max": 500.0}, "18": {"mean": 500.0, "min": 500.0, "max": 500.0}, "19": {"mean": 500.0, "min": 500.0, "max": 500.0}, "20": {"mean": 500.0, "min": 500.0, "max": 500.0}, "21": {"mean": 500.0, "min": 500.0, "max": 500.0}, "22": {"mean": 500.0, "min": 500.0, "max": 500.0}, "23": {"mean": 500.0, "min": 500.0, "max": 500.0}, "24": {"mean": 500.0, "min": 500.0, "max": 500.0}}