{"0": {"mean": 6.760000000000003, "min": 0.8999999999999999, "max": 20.900000000000027}, "1": {"mean": 11.940000000000051, "min": 0.8999999999999999, "max": 36.50000000000025}, "2": {"mean": 12.580000000000032, "min": 0.8999999999999999, "max": 27.700000000000124}, "3": {"mean": 27.96000000000015, "min": 0.7999999999999999, "max": 50.00000000000044}, "4": {"mean": 31.690000000000207, "min": 0.7999999999999999, "max": 49.600000000000435}, "5": {"mean": 27.400000000000194, "min": 0.9999999999999999, "max": 49.30000000000043}, "6": {"mean": 31.730000000000235, "min": 0.9999999999999999, "max": 48.300000000000416}, "7": {"mean": 32.630000000000244, "min": 0.8999999999999999, "max": 50.00000000000044}, "8": {"mean": 43.07000000000035, "min": 17.899999999999984, "max": 50.00000000000044}, "9": {"mean": 22.95000000000018, "min": 0.7999999999999999, "max": 49.600000000000435}, "10": {"mean": 37.79000000000029, "min": 0.7999999999999999, "max": 50.00000000000044}, "11": {"mean": 29.560000000000194, "min": 2.9000000000000012, "max": 50.00000000000044}, "12": {"mean": 29.2100000000002, "min": 0.7999999999999999, "max": 50.00000000000044}, "13": {"mean": 11.670000000000035, "min": 0.7999999999999999, "max": 50.00000000000044}, "14": {"mean": 34.32000000000024, "min": 2.3000000000000007, "max": 50.00000000000044}, "15": {"mean": 32.93000000000025, "min": 0.7999999999999999, "max": 50.00000000000044}, "16": {"mean": 29.30000000000022, "min": 0.9999999999999999, "max": 50.00000000000044}, "17": {"mean": 40.73000000000034, "min": 3.600000000000002, "max": 50.00000000000044}, "18": {"mean": 40.83000000000034, "min": 0.8999999999999999, "max": 50.00000000000044}, "19": {"mean": 25.36000000000019, "min": 0.8999999999999999, "max": 50.00000000000044}, "20": {"mean": 34.8500000000003, "min": 0.7999999999999999, "max": 50.00000000000044}}