{"0": {"mean": 57.233333333333334, "min": 8.0, "max": 295.0}, "1": {"mean": 146.26666666666668, "min": 9.0, "max": 342.0}, "2": {"mean": 241.1, "min": 9.0, "max": 500.0}, "3": {"mean": 263.2, "min": 138.0, "max": 500.0}, "4": {"mean": 330.6333333333333, "min": 169.0, "max": 500.0}, "5": {"mean": 360.96666666666664, "min": 167.0, "max": 500.0}, "6": {"mean": 401.8, "min": 173.0, "max": 500.0}, "7": {"mean": 428.9, "min": 166.0, "max": 500.0}, "8": {"mean": 454.8666666666667, "min": 199.0, "max": 500.0}, "9": {"mean": 500.0, "min": 500.0, "max": 500.0}}