{"0": {"mean": 34.46666666666667, "min": 8.0, "max": 116.0}, "1": {"mean": 35.166666666666664, "min": 8.0, "max": 191.0}, "2": {"mean": 111.43333333333334, "min": 8.0, "max": 500.0}, "3": {"mean": 151.93333333333334, "min": 9.0, "max": 311.0}, "4": {"mean": 133.23333333333332, "min": 58.0, "max": 500.0}, "5": {"mean": 205.9, "min": 39.0, "max": 500.0}, "6": {"mean": 188.53333333333333, "min": 64.0, "max": 315.0}, "7": {"mean": 240.8, "min": 50.0, "max": 500.0}, "8": {"mean": 206.9, "min": 8.0, "max": 500.0}, "9": {"mean": 310.96666666666664, "min": 102.0, "max": 500.0}}