{"0": {"mean": 16.3, "min": 8.0, "max": 141.0}, "1": {"mean": 41.13333333333333, "min": 9.0, "max": 139.0}, "2": {"mean": 108.06666666666666, "min": 8.0, "max": 174.0}, "3": {"mean": 141.73333333333332, "min": 94.0, "max": 388.0}, "4": {"mean": 180.76666666666668, "min": 78.0, "max": 500.0}, "5": {"mean": 193.33333333333334, "min": 9.0, "max": 500.0}, "6": {"mean": 273.8333333333333, "min": 90.0, "max": 500.0}, "7": {"mean": 372.1, "min": 76.0, "max": 500.0}, "8": {"mean": 343.3333333333333, "min": 90.0, "max": 500.0}, "9": {"mean": 457.43333333333334, "min": 72.0, "max": 500.0}, "10": {"mean": 481.06666666666666, "min": 203.0, "max": 500.0}, "11": {"mean": 500.0, "min": 500.0, "max": 500.0}, "12": {"mean": 500.0, "min": 500.0, "max": 500.0}, "13": {"mean": 400.73333333333335, "min": 131.0, "max": 500.0}, "14": {"mean": 464.93333333333334, "min": 237.0, "max": 500.0}, "15": {"mean": 367.6333333333333, "min": 147.0, "max": 500.0}, "16": {"mean": 471.0, "min": 260.0, "max": 500.0}, "17": {"mean": 463.53333333333336, "min": 198.0, "max": 500.0}, "18": {"mean": 483.73333333333335, "min": 182.0, "max": 500.0}, "19": {"mean": 477.1666666666667, "min": 338.0, "max": 500.0}, "20": {"mean": 413.06666666666666, "min": 9.0, "max": 500.0}, "21": {"mean": 459.1, "min": 295.0, "max": 500.0}, "22": {"mean": 471.56666666666666, "min": 367.0, "max": 500.0}, "23": {"mean": 484.2, "min": 375.0, "max": 500.0}, "24": {"mean": 493.6333333333333, "min": 309.0, "max": 500.0}}