{"0": {"mean": 183.26666666666668, "min": 8.0, "max": 258.0}, "1": {"mean": 259.1666666666667, "min": 11.0, "max": 500.0}, "2": {"mean": 264.0, "min": 83.0, "max": 500.0}, "3": {"mean": 283.26666666666665, "min": 247.0, "max": 500.0}, "4": {"mean": 343.76666666666665, "min": 218.0, "max": 500.0}}