{"0": {"mean": 38.86666666666667, "min": 8.0, "max": 83.0}, "1": {"mean": 61.5, "min": 9.0, "max": 137.0}, "2": {"mean": 101.7, "min": 9.0, "max": 304.0}, "3": {"mean": 199.23333333333332, "min": 9.0, "max": 500.0}, "4": {"mean": 234.8, "min": 10.0, "max": 500.0}, "5": {"mean": 313.1, "min": 73.0, "max": 500.0}, "6": {"mean": 393.3666666666667, "min": 108.0, "max": 500.0}, "7": {"mean": 480.8666666666667, "min": 252.0, "max": 500.0}, "8": {"mean": 500.0, "min": 500.0, "max": 500.0}, "9": {"mean": 494.76666666666665, "min": 424.0, "max": 500.0}, "10": {"mean": 500.0, "min": 500.0, "max": 500.0}, "11": {"mean": 500.0, "min": 500.0, "max": 500.0}, "12": {"mean": 492.23333333333335, "min": 369.0, "max": 500.0}, "13": {"mean": 500.0, "min": 500.0, "max": 500.0}, "14": {"mean": 500.0, "min": 500.0, "max": 500.0}, "15": {"mean": 488.6, "min": 158.0, "max": 500.0}, "16": {"mean": 500.0, "min": 500.0, "max": 500.0}, "17": {"mean": 496.2, "min": 386.0, "max": 500.0}, "18": {"mean": 499.6666666666667, "min": 490.0, "max": 500.0}, "19": {"mean": 500.0, "min": 500.0, "max": 500.0}, "20": {"mean": 488.5, "min": 155.0, "max": 500.0}, "21": {"mean": 500.0, "min": 500.0, "max": 500.0}, "22": {"mean": 493.1666666666667, "min": 465.0, "max": 500.0}, "23": {"mean": 476.1666666666667, "min": 334.0, "max": 500.0}, "24": {"mean": 459.56666666666666, "min": 274.0, "max": 500.0}}