{"0": {"mean": 22.2, "min": 9.0, "max": 87.0}, "1": {"mean": 36.56666666666667, "min": 8.0, "max": 246.0}, "2": {"mean": 91.93333333333334, "min": 10.0, "max": 222.0}, "3": {"mean": 112.3, "min": 11.0, "max": 500.0}, "4": {"mean": 230.8, "min": 35.0, "max": 500.0}}