{"0": {"mean": 13.666666666666666, "min": 8.0, "max": 57.0}, "1": {"mean": 31.766666666666666, "min": 8.0, "max": 135.0}, "2": {"mean": 64.83333333333333, "min": 9.0, "max": 188.0}, "3": {"mean": 122.9, "min": 10.0, "max": 195.0}, "4": {"mean": 157.96666666666667, "min": 80.0, "max": 220.0}}