{"0": {"mean": 1.9299999999999984, "min": 0.7999999999999999, "max": 9.499999999999982}, "1": {"mean": 10.19, "min": 0.9999999999999999, "max": 22.000000000000043}, "2": {"mean": 10.90000000000001, "min": 0.8999999999999999, "max": 27.000000000000114}, "3": {"mean": 8.67, "min": 0.8999999999999999, "max": 20.200000000000017}, "4": {"mean": 17.790000000000077, "min": 0.8999999999999999, "max": 32.800000000000196}, "5": {"mean": 18.910000000000032, "min": 0.7999999999999999, "max": 26.80000000000011}, "6": {"mean": 23.32000000000009, "min": 0.8999999999999999, "max": 45.00000000000037}, "7": {"mean": 26.75000000000018, "min": 0.8999999999999999, "max": 50.00000000000044}, "8": {"mean": 26.50000000000019, "min": 0.7999999999999999, "max": 50.00000000000044}, "9": {"mean": 39.77000000000034, "min": 0.7999999999999999, "max": 50.00000000000044}, "10": {"mean": 28.81000000000022, "min": 0.8999999999999999, "max": 50.00000000000044}, "11": {"mean": 42.51000000000036, "min": 0.9999999999999999, "max": 50.00000000000044}, "12": {"mean": 40.45000000000035, "min": 0.8999999999999999, "max": 50.00000000000044}, "13": {"mean": 28.23000000000021, "min": 0.9999999999999999, "max": 50.00000000000044}, "14": {"mean": 19.930000000000128, "min": 0.9999999999999999, "max": 50.00000000000044}, "15": {"mean": 22.89000000000017, "min": 0.9999999999999999, "max": 50.00000000000044}, "16": {"mean": 35.900000000000304, "min": 0.9999999999999999, "max": 50.00000000000044}, "17": {"mean": 25.450000000000223, "min": 0.7999999999999999, "max": 50.00000000000044}, "18": {"mean": 36.4200000000003, "min": 1.5000000000000002, "max": 50.00000000000044}, "19": {"mean": 36.95000000000031, "min": 0.8999999999999999, "max": 50.00000000000044}}