{"0": {"mean": 16.666666666666668, "min": 9.0, "max": 116.0}, "1": {"mean": 59.53333333333333, "min": 9.0, "max": 145.0}, "2": {"mean": 120.76666666666667, "min": 9.0, "max": 500.0}, "3": {"mean": 146.56666666666666, "min": 56.0, "max": 500.0}, "4": {"mean": 196.23333333333332, "min": 9.0, "max": 500.0}}