{"0": {"mean": 1.1300000000000001, "min": 0.8999999999999999, "max": 1.5000000000000002}, "1": {"mean": 1.2100000000000002, "min": 0.8999999999999999, "max": 1.7000000000000004}, "2": {"mean": 1.2200000000000002, "min": 0.7999999999999999, "max": 1.9000000000000006}, "3": {"mean": 1.7800000000000005, "min": 0.8999999999999999, "max": 4.300000000000001}, "4": {"mean": 1.7400000000000002, "min": 0.7999999999999999, "max": 4.5}, "5": {"mean": 2.3999999999999986, "min": 0.7999999999999999, "max": 7.599999999999989}, "6": {"mean": 2.75, "min": 0.8999999999999999, "max": 4.799999999999999}, "7": {"mean": 5.160000000000012, "min": 0.8999999999999999, "max": 27.600000000000122}, "8": {"mean": 11.07000000000001, "min": 0.7999999999999999, "max": 32.50000000000019}, "9": {"mean": 15.35000000000004, "min": 0.7999999999999999, "max": 41.00000000000031}, "10": {"mean": 13.210000000000045, "min": 0.8999999999999999, "max": 50.00000000000044}, "11": {"mean": 20.960000000000143, "min": 0.7999999999999999, "max": 50.00000000000044}, "12": {"mean": 35.52000000000031, "min": 0.8999999999999999, "max": 50.00000000000044}, "13": {"mean": 33.90000000000025, "min": 0.8999999999999999, "max": 50.00000000000044}, "14": {"mean": 30.740000000000265, "min": 0.7999999999999999, "max": 50.00000000000044}, "15": {"mean": 33.50000000000027, "min": 0.7999999999999999, "max": 50.00000000000044}, "16": {"mean": 39.82000000000035, "min": 0.9999999999999999, "max": 50.00000000000044}, "17": {"mean": 31.760000000000264, "min": 0.8999999999999999, "max": 50.00000000000044}, "18": {"mean": 39.43000000000034, "min": 0.9999999999999999, "max": 50.00000000000044}, "19": {"mean": 37.530000000000314, "min": 0.7999999999999999, "max": 50.00000000000044}, "20": {"mean": 32.39000000000027, "min": 0.9999999999999999, "max": 50.00000000000044}, "21": {"mean": 32.92000000000026, "min": 0.9999999999999999, "max": 50.00000000000044}, "22": {"mean": 29.12000000000024, "min": 0.9999999999999999, "max": 50.00000000000044}, "23": {"mean": 27.230000000000217, "min": 0.8999999999999999, "max": 50.00000000000044}, "24": {"mean": 38.1900000000003, "min": 0.8999999999999999, "max": 50.00000000000044}, "25": {"mean": 32.69000000000026, "min": 0.9999999999999999, "max": 50.00000000000044}, "26": {"mean": 21.570000000000178, "min": 0.7999999999999999, "max": 50.00000000000044}, "27": {"mean": 45.86000000000038, "min": 17.69999999999998, "max": 50.00000000000044}, "28": {"mean": 25.09000000000021, "min": 0.7999999999999999, "max": 50.00000000000044}, "29": {"mean": 37.33000000000031, "min": 0.9999999999999999, "max": 50.00000000000044}, "30": {"mean": 36.79000000000031, "min": 0.8999999999999999, "max": 50.00000000000044}, "31": {"mean": 18.83000000000014, "min": 0.8999999999999999, "max": 50.00000000000044}, "32": {"mean": 43.250000000000355, "min": 6.399999999999993, "max": 50.00000000000044}, "33": {"mean": 35.51000000000031, "min": 0.9999999999999999, "max": 50.00000000000044}, "34": {"mean": 36.6000000000003, "min": 0.7999999999999999, "max": 50.00000000000044}, "35": {"mean": 39.030000000000335, "min": 0.8999999999999999, "max": 50.00000000000044}, "36": {"mean": 30.340000000000238, "min": 0.8999999999999999, "max": 50.00000000000044}, "37": {"mean": 26.100000000000176, "min": 0.8999999999999999, "max": 50.00000000000044}, "38": {"mean": 33.650000000000276, "min": 0.8999999999999999, "max": 50.00000000000044}, "39": {"mean": 31.15000000000025, "min": 0.8999999999999999, "max": 50.00000000000044}, "40": {"mean": 33.97000000000027, "min": 0.7999999999999999, "max": 50.00000000000044}, "41": {"mean": 28.54000000000022, "min": 0.9999999999999999, "max": 50.00000000000044}, "42": {"mean": 14.650000000000091, "min": 0.8999999999999999, "max": 50.00000000000044}, "43": {"mean": 31.76000000000023, "min": 0.8999999999999999, "max": 50.00000000000044}, "44": {"mean": 30.790000000000248, "min": 0.9999999999999999, "max": 50.00000000000044}, "45": {"mean": 11.700000000000037, "min": 0.8999999999999999, "max": 50.00000000000044}, "46": {"mean": 16.340000000000135, "min": 0.8999999999999999, "max": 50.00000000000044}, "47": {"mean": 27.920000000000226, "min": 0.7999999999999999, "max": 50.00000000000044}, "48": {"mean": 38.48000000000032, "min": 0.9999999999999999, "max": 50.00000000000044}, "49": {"mean": 20.71000000000013, "min": 0.8999999999999999, "max": 50.00000000000044}, "50": {"mean": 15.020000000000115, "min": 0.7999999999999999, "max": 50.00000000000044}, "51": {"mean": 32.93000000000028, "min": 0.7999999999999999, "max": 50.00000000000044}, "52": {"mean": 29.050000000000228, "min": 0.8999999999999999, "max": 50.00000000000044}, "53": {"mean": 21.360000000000177, "min": 0.8999999999999999, "max": 50.00000000000044}, "54": {"mean": 40.19000000000035, "min": 0.8999999999999999, "max": 50.00000000000044}, "55": {"mean": 39.870000000000346, "min": 0.8999999999999999, "max": 50.00000000000044}, "56": {"mean": 27.36000000000022, "min": 0.8999999999999999, "max": 50.00000000000044}, "57": {"mean": 24.33000000000019, "min": 0.7999999999999999, "max": 50.00000000000044}, "58": {"mean": 23.500000000000192, "min": 0.7999999999999999, "max": 50.00000000000044}, "59": {"mean": 19.660000000000135, "min": 0.8999999999999999, "max": 50.00000000000044}, "60": {"mean": 33.88000000000029, "min": 0.7999999999999999, "max": 50.00000000000044}, "61": {"mean": 27.800000000000228, "min": 0.8999999999999999, "max": 50.00000000000044}, "62": {"mean": 33.03000000000027, "min": 0.9999999999999999, "max": 50.00000000000044}, "63": {"mean": 42.700000000000365, "min": 3.700000000000002, "max": 50.00000000000044}, "64": {"mean": 40.430000000000355, "min": 0.9999999999999999, "max": 50.00000000000044}, "65": {"mean": 26.89000000000022, "min": 0.7999999999999999, "max": 50.00000000000044}, "66": {"mean": 23.020000000000188, "min": 0.8999999999999999, "max": 50.00000000000044}, "67": {"mean": 37.670000000000314, "min": 0.7999999999999999, "max": 50.00000000000044}, "68": {"mean": 27.920000000000226, "min": 0.8999999999999999, "max": 50.00000000000044}, "69": {"mean": 24.710000000000186, "min": 0.8999999999999999, "max": 50.00000000000044}, "70": {"mean": 31.730000000000235, "min": 0.9999999999999999, "max": 50.00000000000044}, "71": {"mean": 24.580000000000204, "min": 0.7999999999999999, "max": 50.00000000000044}, "72": {"mean": 18.70000000000015, "min": 0.8999999999999999, "max": 50.00000000000044}, "73": {"mean": 31.640000000000263, "min": 0.7999999999999999, "max": 50.00000000000044}, "74": {"mean": 19.900000000000155, "min": 0.7999999999999999, "max": 50.00000000000044}, "75": {"mean": 32.34000000000026, "min": 0.8999999999999999, "max": 50.00000000000044}, "76": {"mean": 35.89000000000031, "min": 0.8999999999999999, "max": 50.00000000000044}, "77": {"mean": 35.930000000000305, "min": 0.8999999999999999, "max": 50.00000000000044}, "78": {"mean": 26.900000000000198, "min": 0.7999999999999999, "max": 50.00000000000044}, "79": {"mean": 24.690000000000175, "min": 0.9999999999999999, "max": 50.00000000000044}, "80": {"mean": 20.650000000000137, "min": 0.8999999999999999, "max": 50.00000000000044}, "81": {"mean": 29.930000000000245, "min": 0.7999999999999999, "max": 50.00000000000044}, "82": {"mean": 17.260000000000097, "min": 0.7999999999999999, "max": 50.00000000000044}, "83": {"mean": 15.42000000000009, "min": 0.8999999999999999, "max": 50.00000000000044}, "84": {"mean": 11.440000000000087, "min": 0.8999999999999999, "max": 50.00000000000044}, "85": {"mean": 25.760000000000197, "min": 0.8999999999999999, "max": 50.00000000000044}, "86": {"mean": 16.180000000000113, "min": 0.8999999999999999, "max": 50.00000000000044}, "87": {"mean": 22.26000000000017, "min": 0.9999999999999999, "max": 50.00000000000044}, "88": {"mean": 25.72000000000022, "min": 0.7999999999999999, "max": 50.00000000000044}, "89": {"mean": 25.880000000000216, "min": 0.8999999999999999, "max": 50.00000000000044}, "90": {"mean": 23.34000000000019, "min": 0.8999999999999999,