{"0": {"mean": 15.6, "min": 8.0, "max": 89.0}, "1": {"mean": 50.0, "min": 9.0, "max": 156.0}, "2": {"mean": 110.3, "min": 9.0, "max": 203.0}, "3": {"mean": 129.4, "min": 10.0, "max": 500.0}, "4": {"mean": 240.13333333333333, "min": 9.0, "max": 500.0}, "5": {"mean": 403.96666666666664, "min": 117.0, "max": 500.0}, "6": {"mean": 449.2, "min": 117.0, "max": 500.0}, "7": {"mean": 472.4, "min": 168.0, "max": 500.0}, "8": {"mean": 500.0, "min": 500.0, "max": 500.0}, "9": {"mean": 492.3333333333333, "min": 270.0, "max": 500.0}, "10": {"mean": 500.0, "min": 500.0, "max": 500.0}, "11": {"mean": 500.0, "min": 500.0, "max": 500.0}, "12": {"mean": 500.0, "min": 500.0, "max": 500.0}, "13": {"mean": 500.0, "min": 500.0, "max": 500.0}, "14": {"mean": 500.0, "min": 500.0, "max": 500.0}, "15": {"mean": 500.0, "min": 500.0, "max": 500.0}, "16": {"mean": 485.1, "min": 351.0, "max": 500.0}, "17": {"mean": 500.0, "min": 500.0, "max": 500.0}, "18": {"mean": 498.53333333333336, "min": 498.0, "max": 500.0}, "19": {"mean": 500.0, "min": 500.0, "max": 500.0}, "20": {"mean": 500.0, "min": 500.0, "max": 500.0}, "21": {"mean": 500.0, "min": 500.0, "max": 500.0}, "22": {"mean": 500.0, "min": 500.0, "max": 500.0}, "23": {"mean": 500.0, "min": 500.0, "max": 500.0}, "24": {"mean": 500.0, "min": 500.0, "max": 500.0}}