{"0": {"mean": 0.9400000000000001, "min": 0.7999999999999999, "max": 0.9999999999999999}, "1": {"mean": 0.9400000000000001, "min": 0.7999999999999999, "max": 1.0999999999999999}, "2": {"mean": 1.529999999999999, "min": 0.7999999999999999, "max": 7.29999999999999}, "3": {"mean": 3.969999999999994, "min": 0.8999999999999999, "max": 8.899999999999984}, "4": {"mean": 7.139999999999989, "min": 1.9000000000000006, "max": 15.69999999999996}, "5": {"mean": 12.900000000000029, "min": 1.0999999999999999, "max": 50.00000000000044}, "6": {"mean": 27.44000000000018, "min": 0.9999999999999999, "max": 50.00000000000044}, "7": {"mean": 40.36000000000031, "min": 16.99999999999997, "max": 50.00000000000044}, "8": {"mean": 29.910000000000224, "min": 0.9999999999999999, "max": 50.00000000000044}, "9": {"mean": 48.21000000000042, "min": 32.100000000000186, "max": 50.00000000000044}, "10": {"mean": 40.19000000000035, "min": 0.8999999999999999, "max": 50.00000000000044}, "11": {"mean": 48.01000000000041, "min": 30.100000000000158, "max": 50.00000000000044}, "12": {"mean": 45.1000000000004, "min": 0.9999999999999999, "max": 50.00000000000044}, "13": {"mean": 42.14000000000035, "min": 0.8999999999999999, "max": 50.00000000000044}, "14": {"mean": 35.27000000000031, "min": 0.7999999999999999, "max": 50.00000000000044}, "15": {"mean": 45.090000000000394, "min": 0.8999999999999999, "max": 50.00000000000044}, "16": {"mean": 46.0700000000004, "min": 10.699999999999978, "max": 50.00000000000044}, "17": {"mean": 50.00000000000044, "min": 50.00000000000044, "max": 50.00000000000044}, "18": {"mean": 46.31000000000039, "min": 13.09999999999997, "max": 50.00000000000044}, "19": {"mean": 45.1000000000004, "min": 0.9999999999999999, "max": 50.00000000000044}, "20": {"mean": 50.00000000000044, "min": 50.00000000000044, "max": 50.00000000000044}, "21": {"mean": 45.080000000000396, "min": 0.7999999999999999, "max": 50.00000000000044}, "22": {"mean": 40.44000000000035, "min": 0.9999999999999999, "max": 50.00000000000044}, "23": {"mean": 40.180000000000355, "min": 0.8999999999999999, "max": 50.00000000000044}, "24": {"mean": 50.00000000000044, "min": 50.00000000000044, "max": 50.00000000000044}, "25": {"mean": 42.20000000000035, "min": 0.8999999999999999, "max": 50.00000000000044}, "26": {"mean": 50.00000000000044, "min": 50.00000000000044, "max": 50.00000000000044}, "27": {"mean": 36.66000000000031, "min": 1.2, "max": 50.00000000000044}, "28": {"mean": 44.07000000000038, "min": 0.9999999999999999, "max": 50.00000000000044}, "29": {"mean": 50.00000000000044, "min": 50.00000000000044, "max": 50.00000000000044}, "30": {"mean": 45.1000000000004, "min": 0.9999999999999999, "max": 50.00000000000044}, "31": {"mean": 46.580000000000396, "min": 15.79999999999996, "max": 50.00000000000044}, "32": {"mean": 45.1000000000004, "min": 0.9999999999999999, "max": 50.00000000000044}, "33": {"mean": 43.60000000000038, "min": 0.9999999999999999, "max": 50.00000000000044}, "34": {"mean": 41.58000000000035, "min": 0.9999999999999999, "max": 50.00000000000044}, "35": {"mean": 40.27000000000035, "min": 0.8999999999999999, "max": 50.00000000000044}, "36": {"mean": 38.81000000000033, "min": 0.9999999999999999, "max": 50.00000000000044}, "37": {"mean": 33.830000000000226, "min": 6.799999999999992, "max": 50.00000000000044}, "38": {"mean": 45.090000000000394, "min": 0.8999999999999999, "max": 50.00000000000044}, "39": {"mean": 45.090000000000394, "min": 0.8999999999999999, "max": 50.00000000000044}, "40": {"mean": 45.190000000000396, "min": 1.9000000000000006, "max": 50.00000000000044}, "41": {"mean": 36.06000000000031, "min": 1.4000000000000001, "max": 50.00000000000044}, "42": {"mean": 37.83000000000031, "min": 0.8999999999999999, "max": 50.00000000000044}, "43": {"mean": 40.250000000000355, "min": 0.9999999999999999, "max": 50.00000000000044}, "44": {"mean": 45.080000000000396, "min": 0.7999999999999999, "max": 50.00000000000044}, "45": {"mean": 45.090000000000394, "min": 0.8999999999999999, "max": 50.00000000000044}, "46": {"mean": 30.760000000000264, "min": 0.8999999999999999, "max": 50.00000000000044}, "47": {"mean": 40.210000000000356, "min": 0.8999999999999999, "max": 50.00000000000044}, "48": {"mean": 47.070000000000405, "min": 20.700000000000024, "max": 50.00000000000044}, "49": {"mean": 45.1000000000004, "min": 0.9999999999999999, "max": 50.00000000000044}, "50": {"mean": 50.00000000000044, "min": 50.00000000000044, "max": 50.00000000000044}, "51": {"mean": 45.3800000000004, "min": 3.800000000000002, "max": 50.00000000000044}, "52": {"mean": 45.090000000000394, "min": 0.8999999999999999, "max": 50.00000000000044}, "53": {"mean": 50.00000000000044, "min": 50.00000000000044, "max": 50.00000000000044}, "54": {"mean": 45.080000000000396, "min": 0.7999999999999999, "max": 50.00000000000044}, "55": {"mean": 42.530000000000356, "min": 5.4999999999999964, "max": 50.00000000000044}, "56": {"mean": 50.00000000000044, "min": 50.00000000000044, "max": 50.00000000000044}, "57": {"mean": 45.080000000000396, "min": 0.7999999999999999, "max": 50.00000000000044}, "58": {"mean": 47.390000000000406, "min": 23.90000000000007, "max": 50.00000000000044}, "59": {"mean": 37.83000000000031, "min": 1.3, "max": 50.00000000000044}, "60": {"mean": 50.00000000000044, "min": 50.00000000000044, "max": 50.00000000000044}, "61": {"mean": 50.00000000000044, "min": 50.00000000000044, "max": 50.00000000000044}, "62": {"mean": 44.600000000000385, "min": 6.099999999999994, "max": 50.00000000000044}, "63": {"mean": 40.51000000000035, "min": 0.8999999999999999, "max": 50.00000000000044}, "64": {"mean": 45.080000000000396, "min": 0.7999999999999999, "max": 50.00000000000044}, "65": {"mean": 50.00000000000044, "min": 50.00000000000044, "max": 50.00000000000044}, "66": {"mean": 40.17000000000035, "min": 0.7999999999999999, "max": 50.00000000000044}, "67": {"mean": 40.17000000000035, "min": 0.7999999999999999, "max": 50.00000000000044}, "68": {"mean": 45.800000000000395, "min": 7.999999999999988, "max": 50.00000000000044}, "69": {"mean": 40.41000000000035, "min": 0.9999999999999999, "max": 50.00000000000044}, "70": {"mean": 36.53000000000031, "min": 2.500000000000001, "max": 50.00000000000044}, "71": {"mean": 40.94000000000035, "min": 3.5000000000000018, "max": 50.00000000000044}, "72": {"mean": 41.110000000000355, "min": 4.200000000000001, "max": 50.00000000000044}, "73": {"mean": 40.20000000000035, "min": 0.9999999999999999, "max": 50.00000000000044}, "74": {"mean": 35.26000000000031, "min": 0.7999999999999999, "max": 50.00000000000044}, "75": {"mean": 45.840000000000394, "min": 8.399999999999986, "max": 50.00000000000044}, "76": {"mean": 38.3000000000003, "min": 3.2000000000000015, "max": 50.00000000000044}, "77": {"mean": 38.85000000000031, "min": 4.699999999999999, "max": 50.00000000000044}, "78": {"mean": 50.00000000000044, "min": 50.00000000000044, "max": 50.00000000000044}, "79": {"mean": 41.34000000000035, "min": 0.9999999999999999, "max": 50.00000000000044}, "80": {"mean": 45.1000000000004, "min": 0.9999999999999999, "max": 50.00000000000044}, "81": {"mean": 45.550000000000395, "min": 5.4999999999999964, "max": 50.00000000000044}, "82": {"mean": 50.00000000000044, "min": 50.00000000000044, "max": 50.00000000000044}, "83": {"mean": 41.71000000000035, "min": 0.8999999999999999, "max": 50.00000000000044}, "84": {"mean": 34.2800000000003, "min": 0.9999999999999999, "max": 50.00000000000044}, "85": {"mean": 45.8200000000004, "min": 8.199999999999987, "max": 50.00000000000044}, "86": {"mean": 40.19000000000035, "min": 0.8999999999999999, "max": 50.00000000000044}, "87": {"mean": 45.080000000000396, "min": 0.7999999999999999, "max": 50.00000000000044}, "88": {"mean": 35.28000000000031, "min": 0.7999999999999999, "max": 50.00000000000044}, "89": {"mean": 40.19000000000035, "min": 0.8999999999999999, "max": 50.00000000000044}, "90": {"mean": 40.19000000000035, "min": 0.8999999999999999, "max": 50.00000000000044}, "91": {"mean": 28.27000000000023,