{"0": {"mean": 9.8, "min": 8.0, "max": 11.0}, "1": {"mean": 13.533333333333333, "min": 8.0, "max": 76.0}, "2": {"mean": 43.0, "min": 8.0, "max": 266.0}, "3": {"mean": 98.6, "min": 9.0, "max": 230.0}, "4": {"mean": 171.36666666666667, "min": 11.0, "max": 500.0}, "5": {"mean": 227.46666666666667, "min": 69.0, "max": 500.0}, "6": {"mean": 350.23333333333335, "min": 68.0, "max": 500.0}, "7": {"mean": 413.46666666666664, "min": 69.0, "max": 500.0}, "8": {"mean": 429.2, "min": 144.0, "max": 500.0}, "9": {"mean": 456.56666666666666, "min": 76.0, "max": 500.0}, "10": {"mean": 451.8333333333333, "min": 92.0, "max": 500.0}, "11": {"mean": 500.0, "min": 500.0, "max": 500.0}, "12": {"mean": 500.0, "min": 500.0, "max": 500.0}, "13": {"mean": 494.4, "min": 444.0, "max": 500.0}, "14": {"mean": 500.0, "min": 500.0, "max": 500.0}, "15": {"mean": 500.0, "min": 500.0, "max": 500.0}, "16": {"mean": 498.93333333333334, "min": 468.0, "max": 500.0}, "17": {"mean": 500.0, "min": 500.0, "max": 500.0}, "18": {"mean": 498.6, "min": 458.0, "max": 500.0}, "19": {"mean": 500.0, "min": 500.0, "max": 500.0}, "20": {"mean": 500.0, "min": 500.0, "max": 500.0}, "21": {"mean": 500.0, "min": 500.0, "max": 500.0}, "22": {"mean": 500.0, "min": 500.0, "max": 500.0}, "23": {"mean": 500.0, "min": 500.0, "max": 500.0}, "24": {"mean": 500.0, "min": 500.0, "max": 500.0}}