{"0": {"mean": 23.733333333333334, "min": 8.0, "max": 158.0}, "1": {"mean": 73.36666666666666, "min": 8.0, "max": 488.0}, "2": {"mean": 275.7, "min": 9.0, "max": 500.0}, "3": {"mean": 279.4, "min": 10.0, "max": 500.0}, "4": {"mean": 362.23333333333335, "min": 52.0, "max": 500.0}}