{"0": {"mean": 14.8, "min": 8.0, "max": 127.0}, "1": {"mean": 25.9, "min": 9.0, "max": 225.0}, "2": {"mean": 50.833333333333336, "min": 8.0, "max": 137.0}, "3": {"mean": 117.76666666666667, "min": 10.0, "max": 233.0}, "4": {"mean": 161.63333333333333, "min": 9.0, "max": 500.0}, "5": {"mean": 138.4, "min": 21.0, "max": 500.0}, "6": {"mean": 190.9, "min": 32.0, "max": 500.0}, "7": {"mean": 293.3, "min": 57.0, "max": 500.0}, "8": {"mean": 335.9, "min": 158.0, "max": 500.0}, "9": {"mean": 423.26666666666665, "min": 151.0, "max": 500.0}}