{"0": {"mean": 21.7, "min": 8.0, "max": 269.0}, "1": {"mean": 82.5, "min": 9.0, "max": 216.0}, "2": {"mean": 137.03333333333333, "min": 9.0, "max": 500.0}, "3": {"mean": 186.26666666666668, "min": 10.0, "max": 500.0}, "4": {"mean": 211.33333333333334, "min": 46.0, "max": 500.0}, "5": {"mean": 330.1333333333333, "min": 117.0, "max": 500.0}, "6": {"mean": 372.5, "min": 135.0, "max": 500.0}, "7": {"mean": 419.8, "min": 106.0, "max": 500.0}, "8": {"mean": 441.23333333333335, "min": 202.0, "max": 500.0}, "9": {"mean": 465.93333333333334, "min": 189.0, "max": 500.0}, "10": {"mean": 500.0, "min": 500.0, "max": 500.0}, "11": {"mean": 500.0, "min": 500.0, "max": 500.0}, "12": {"mean": 496.8, "min": 463.0, "max": 500.0}, "13": {"mean": 498.6, "min": 482.0, "max": 500.0}, "14": {"mean": 489.46666666666664, "min": 342.0, "max": 500.0}, "15": {"mean": 492.8666666666667, "min": 393.0, "max": 500.0}, "16": {"mean": 500.0, "min": 500.0, "max": 500.0}, "17": {"mean": 499.46666666666664, "min": 492.0, "max": 500.0}, "18": {"mean": 500.0, "min": 500.0, "max": 500.0}, "19": {"mean": 498.1333333333333, "min": 444.0, "max": 500.0}, "20": {"mean": 470.6333333333333, "min": 402.0, "max": 500.0}, "21": {"mean": 500.0, "min": 500.0, "max": 500.0}, "22": {"mean": 500.0, "min": 500.0, "max": 500.0}, "23": {"mean": 500.0, "min": 500.0, "max": 500.0}, "24": {"mean": 494.6666666666667, "min": 340.0, "max": 500.0}}