{"0": {"mean": 12.433333333333334, "min": 8.0, "max": 64.0}, "1": {"mean": 39.13333333333333, "min": 8.0, "max": 114.0}, "2": {"mean": 69.03333333333333, "min": 9.0, "max": 133.0}, "3": {"mean": 85.6, "min": 9.0, "max": 132.0}, "4": {"mean": 101.6, "min": 61.0, "max": 269.0}}