{"0": {"mean": 13.6, "min": 9.0, "max": 63.0}, "1": {"mean": 22.866666666666667, "min": 8.0, "max": 80.0}, "2": {"mean": 45.766666666666666, "min": 8.0, "max": 261.0}, "3": {"mean": 94.7, "min": 9.0, "max": 314.0}, "4": {"mean": 149.06666666666666, "min": 8.0, "max": 344.0}, "5": {"mean": 217.9, "min": 10.0, "max": 338.0}, "6": {"mean": 275.93333333333334, "min": 147.0, "max": 500.0}, "7": {"mean": 286.26666666666665, "min": 158.0, "max": 500.0}, "8": {"mean": 324.3666666666667, "min": 168.0, "max": 500.0}, "9": {"mean": 377.8, "min": 266.0, "max": 500.0}, "10": {"mean": 327.0, "min": 187.0, "max": 500.0}, "11": {"mean": 369.9, "min": 142.0, "max": 500.0}, "12": {"mean": 375.56666666666666, "min": 271.0, "max": 500.0}, "13": {"mean": 393.06666666666666, "min": 271.0, "max": 500.0}, "14": {"mean": 460.06666666666666, "min": 306.0, "max": 500.0}, "15": {"mean": 443.0, "min": 313.0, "max": 500.0}, "16": {"mean": 474.3, "min": 295.0, "max": 500.0}, "17": {"mean": 467.2, "min": 283.0, "max": 500.0}, "18": {"mean": 480.93333333333334, "min": 340.0, "max": 500.0}, "19": {"mean": 493.1666666666667, "min": 354.0, "max": 500.0}, "20": {"mean": 483.8, "min": 338.0, "max": 500.0}, "21": {"mean": 488.46666666666664, "min": 327.0, "max": 500.0}, "22": {"mean": 500.0, "min": 500.0, "max": 500.0}, "23": {"mean": 500.0, "min": 500.0, "max": 500.0}, "24": {"mean": 500.0, "min": 500.0, "max": 500.0}}