{"0": {"mean": 11.933333333333334, "min": 8.0, "max": 46.0}, "1": {"mean": 27.833333333333332, "min": 9.0, "max": 90.0}, "2": {"mean": 56.2, "min": 9.0, "max": 203.0}, "3": {"mean": 100.26666666666667, "min": 8.0, "max": 468.0}, "4": {"mean": 171.23333333333332, "min": 9.0, "max": 306.0}, "5": {"mean": 244.33333333333334, "min": 48.0, "max": 323.0}, "6": {"mean": 228.16666666666666, "min": 10.0, "max": 500.0}, "7": {"mean": 208.86666666666667, "min": 10.0, "max": 500.0}, "8": {"mean": 269.2, "min": 64.0, "max": 500.0}, "9": {"mean": 307.1666666666667, "min": 90.0, "max": 500.0}, "10": {"mean": 339.23333333333335, "min": 131.0, "max": 500.0}, "11": {"mean": 392.8333333333333, "min": 152.0, "max": 500.0}, "12": {"mean": 431.3, "min": 213.0, "max": 500.0}, "13": {"mean": 449.93333333333334, "min": 184.0, "max": 500.0}, "14": {"mean": 478.9, "min": 178.0, "max": 500.0}, "15": {"mean": 500.0, "min": 500.0, "max": 500.0}, "16": {"mean": 500.0, "min": 500.0, "max": 500.0}, "17": {"mean": 500.0, "min": 500.0, "max": 500.0}, "18": {"mean": 500.0, "min": 500.0, "max": 500.0}, "19": {"mean": 500.0, "min": 500.0, "max": 500.0}, "20": {"mean": 500.0, "min": 500.0, "max": 500.0}, "21": {"mean": 500.0, "min": 500.0, "max": 500.0}, "22": {"mean": 500.0, "min": 500.0, "max": 500.0}, "23": {"mean": 500.0, "min": 500.0, "max": 500.0}, "24": {"mean": 500.0, "min": 500.0, "max": 500.0}}