{"0": {"mean": 31.1, "min": 8.0, "max": 207.0}, "1": {"mean": 91.86666666666666, "min": 8.0, "max": 351.0}, "2": {"mean": 291.1666666666667, "min": 10.0, "max": 500.0}, "3": {"mean": 207.63333333333333, "min": 132.0, "max": 490.0}, "4": {"mean": 246.3, "min": 144.0, "max": 326.0}, "5": {"mean": 244.0, "min": 10.0, "max": 500.0}, "6": {"mean": 288.8666666666667, "min": 49.0, "max": 500.0}, "7": {"mean": 221.0, "min": 9.0, "max": 500.0}, "8": {"mean": 241.13333333333333, "min": 32.0, "max": 500.0}, "9": {"mean": 257.9, "min": 9.0, "max": 500.0}}