{"0": {"mean": 9.7, "min": 9.0, "max": 11.0}, "1": {"mean": 14.1, "min": 8.0, "max": 136.0}, "2": {"mean": 50.43333333333333, "min": 8.0, "max": 253.0}, "3": {"mean": 135.46666666666667, "min": 9.0, "max": 423.0}, "4": {"mean": 182.2, "min": 60.0, "max": 447.0}, "5": {"mean": 199.16666666666666, "min": 88.0, "max": 432.0}, "6": {"mean": 244.96666666666667, "min": 61.0, "max": 427.0}, "7": {"mean": 380.2, "min": 137.0, "max": 500.0}, "8": {"mean": 346.06666666666666, "min": 133.0, "max": 500.0}, "9": {"mean": 362.5, "min": 140.0, "max": 500.0}}