{"0": {"mean": 10.133333333333333, "min": 8.0, "max": 15.0}, "1": {"mean": 13.3, "min": 8.0, "max": 111.0}, "2": {"mean": 52.766666666666666, "min": 9.0, "max": 281.0}, "3": {"mean": 138.26666666666668, "min": 8.0, "max": 500.0}, "4": {"mean": 319.0, "min": 76.0, "max": 500.0}, "5": {"mean": 421.6666666666667, "min": 107.0, "max": 500.0}, "6": {"mean": 461.1333333333333, "min": 110.0, "max": 500.0}, "7": {"mean": 487.1333333333333, "min": 114.0, "max": 500.0}, "8": {"mean": 500.0, "min": 500.0, "max": 500.0}, "9": {"mean": 500.0, "min": 500.0, "max": 500.0}}