{"0": {"mean": 11.2, "min": 8.0, "max": 25.0}, "1": {"mean": 12.533333333333333, "min": 8.0, "max": 39.0}, "2": {"mean": 23.266666666666666, "min": 8.0, "max": 77.0}, "3": {"mean": 40.06666666666667, "min": 8.0, "max": 93.0}, "4": {"mean": 55.6, "min": 9.0, "max": 138.0}, "5": {"mean": 69.83333333333333, "min": 8.0, "max": 159.0}, "6": {"mean": 83.1, "min": 40.0, "max": 197.0}, "7": {"mean": 98.46666666666667, "min": 28.0, "max": 217.0}, "8": {"mean": 102.9, "min": 8.0, "max": 328.0}, "9": {"mean": 164.36666666666667, "min": 62.0, "max": 312.0}}