{"0": {"mean": 13.666666666666666, "min": 8.0, "max": 90.0}, "1": {"mean": 41.7, "min": 8.0, "max": 156.0}, "2": {"mean": 101.06666666666666, "min": 9.0, "max": 170.0}, "3": {"mean": 121.8, "min": 8.0, "max": 224.0}, "4": {"mean": 132.73333333333332, "min": 9.0, "max": 239.0}, "5": {"mean": 165.73333333333332, "min": 81.0, "max": 248.0}, "6": {"mean": 135.66666666666666, "min": 91.0, "max": 235.0}, "7": {"mean": 140.76666666666668, "min": 78.0, "max": 200.0}, "8": {"mean": 131.16666666666666, "min": 83.0, "max": 240.0}, "9": {"mean": 172.96666666666667, "min": 81.0, "max": 284.0}}