{"0": {"mean": 19.2, "min": 8.0, "max": 162.0}, "1": {"mean": 135.66666666666666, "min": 9.0, "max": 277.0}, "2": {"mean": 149.3, "min": 8.0, "max": 277.0}, "3": {"mean": 144.4, "min": 8.0, "max": 495.0}, "4": {"mean": 213.53333333333333, "min": 109.0, "max": 456.0}, "5": {"mean": 206.96666666666667, "min": 10.0, "max": 500.0}, "6": {"mean": 247.03333333333333, "min": 8.0, "max": 500.0}, "7": {"mean": 300.93333333333334, "min": 11.0, "max": 500.0}, "8": {"mean": 378.56666666666666, "min": 85.0, "max": 500.0}, "9": {"mean": 397.3, "min": 106.0, "max": 500.0}}