{"0": {"mean": 23.633333333333333, "min": 8.0, "max": 226.0}, "1": {"mean": 162.83333333333334, "min": 9.0, "max": 500.0}, "2": {"mean": 281.6333333333333, "min": 8.0, "max": 500.0}, "3": {"mean": 278.53333333333336, "min": 36.0, "max": 500.0}, "4": {"mean": 328.8, "min": 10.0, "max": 500.0}, "5": {"mean": 383.6, "min": 215.0, "max": 500.0}, "6": {"mean": 419.8666666666667, "min": 190.0, "max": 500.0}, "7": {"mean": 468.03333333333336, "min": 263.0, "max": 500.0}, "8": {"mean": 480.26666666666665, "min": 327.0, "max": 500.0}, "9": {"mean": 491.8, "min": 254.0, "max": 500.0}, "10": {"mean": 500.0, "min": 500.0, "max": 500.0}, "11": {"mean": 453.73333333333335, "min": 202.0, "max": 500.0}, "12": {"mean": 478.0, "min": 280.0, "max": 500.0}, "13": {"mean": 500.0, "min": 500.0, "max": 500.0}, "14": {"mean": 500.0, "min": 500.0, "max": 500.0}, "15": {"mean": 500.0, "min": 500.0, "max": 500.0}, "16": {"mean": 500.0, "min": 500.0, "max": 500.0}, "17": {"mean": 500.0, "min": 500.0, "max": 500.0}, "18": {"mean": 500.0, "min": 500.0, "max": 500.0}, "19": {"mean": 489.46666666666664, "min": 184.0, "max": 500.0}, "20": {"mean": 500.0, "min": 500.0, "max": 500.0}, "21": {"mean": 500.0, "min": 500.0, "max": 500.0}, "22": {"mean": 496.93333333333334, "min": 477.0, "max": 500.0}, "23": {"mean": 489.73333333333335, "min": 192.0, "max": 500.0}, "24": {"mean": 500.0, "min": 500.0, "max": 500.0}}