{"0": {"mean": 19.233333333333334, "min": 8.0, "max": 108.0}, "1": {"mean": 34.8, "min": 8.0, "max": 156.0}, "2": {"mean": 70.9, "min": 9.0, "max": 215.0}, "3": {"mean": 129.0, "min": 9.0, "max": 500.0}, "4": {"mean": 211.16666666666666, "min": 9.0, "max": 500.0}}