{"0": {"mean": 20.966666666666665, "min": 9.0, "max": 192.0}, "1": {"mean": 67.83333333333333, "min": 8.0, "max": 230.0}, "2": {"mean": 205.93333333333334, "min": 9.0, "max": 298.0}, "3": {"mean": 190.66666666666666, "min": 9.0, "max": 500.0}, "4": {"mean": 214.26666666666668, "min": 135.0, "max": 500.0}}