{"0": {"mean": 11.066666666666666, "min": 8.0, "max": 25.0}, "1": {"mean": 19.9, "min": 8.0, "max": 69.0}, "2": {"mean": 31.066666666666666, "min": 9.0, "max": 66.0}, "3": {"mean": 45.0, "min": 9.0, "max": 67.0}, "4": {"mean": 44.666666666666664, "min": 10.0, "max": 57.0}, "5": {"mean": 73.53333333333333, "min": 8.0, "max": 144.0}, "6": {"mean": 42.03333333333333, "min": 9.0, "max": 101.0}, "7": {"mean": 80.13333333333334, "min": 25.0, "max": 500.0}, "8": {"mean": 157.76666666666668, "min": 27.0, "max": 500.0}, "9": {"mean": 350.8, "min": 75.0, "max": 500.0}}