{"0": {"mean": 10.466666666666667, "min": 8.0, "max": 14.0}, "1": {"mean": 16.0, "min": 8.0, "max": 195.0}, "2": {"mean": 77.13333333333334, "min": 9.0, "max": 238.0}, "3": {"mean": 190.16666666666666, "min": 9.0, "max": 250.0}, "4": {"mean": 296.26666666666665, "min": 159.0, "max": 500.0}, "5": {"mean": 268.3, "min": 157.0, "max": 500.0}, "6": {"mean": 353.93333333333334, "min": 143.0, "max": 500.0}, "7": {"mean": 441.8333333333333, "min": 129.0, "max": 500.0}, "8": {"mean": 459.46666666666664, "min": 171.0, "max": 500.0}, "9": {"mean": 490.6333333333333, "min": 219.0, "max": 500.0}}