{"0": {"mean": 11.533333333333333, "min": 8.0, "max": 63.0}, "1": {"mean": 19.066666666666666, "min": 8.0, "max": 73.0}, "2": {"mean": 75.26666666666667, "min": 8.0, "max": 210.0}, "3": {"mean": 86.2, "min": 58.0, "max": 277.0}, "4": {"mean": 94.5, "min": 58.0, "max": 218.0}, "5": {"mean": 109.26666666666667, "min": 52.0, "max": 343.0}, "6": {"mean": 149.43333333333334, "min": 8.0, "max": 400.0}, "7": {"mean": 138.13333333333333, "min": 9.0, "max": 500.0}, "8": {"mean": 189.13333333333333, "min": 60.0, "max": 304.0}, "9": {"mean": 225.96666666666667, "min": 69.0, "max": 500.0}, "10": {"mean": 266.0, "min": 147.0, "max": 500.0}, "11": {"mean": 284.06666666666666, "min": 191.0, "max": 500.0}, "12": {"mean": 291.76666666666665, "min": 163.0, "max": 500.0}, "13": {"mean": 343.73333333333335, "min": 161.0, "max": 500.0}, "14": {"mean": 381.8666666666667, "min": 181.0, "max": 500.0}, "15": {"mean": 466.3, "min": 159.0, "max": 500.0}, "16": {"mean": 500.0, "min": 500.0, "max": 500.0}, "17": {"mean": 500.0, "min": 500.0, "max": 500.0}, "18": {"mean": 500.0, "min": 500.0, "max": 500.0}, "19": {"mean": 500.0, "min": 500.0, "max": 500.0}, "20": {"mean": 500.0, "min": 500.0, "max": 500.0}, "21": {"mean": 500.0, "min": 500.0, "max": 500.0}, "22": {"mean": 500.0, "min": 500.0, "max": 500.0}, "23": {"mean": 500.0, "min": 500.0, "max": 500.0}, "24": {"mean": 500.0, "min": 500.0, "max": 500.0}}