{"0": {"mean": 1.32, "min": 0.7999999999999999, "max": 4.200000000000001}, "1": {"mean": 1.5400000000000005, "min": 0.7999999999999999, "max": 3.5000000000000018}, "2": {"mean": 2.64, "min": 0.8999999999999999, "max": 4.699999999999999}, "3": {"mean": 4.649999999999998, "min": 0.8999999999999999, "max": 18.29999999999999}, "4": {"mean": 9.590000000000005, "min": 0.8999999999999999, "max": 25.900000000000098}, "5": {"mean": 14.710000000000013, "min": 0.9999999999999999, "max": 27.100000000000115}, "6": {"mean": 17.860000000000007, "min": 9.199999999999983, "max": 27.600000000000122}, "7": {"mean": 10.459999999999992, "min": 0.7999999999999999, "max": 19.60000000000001}, "8": {"mean": 13.049999999999988, "min": 2.3000000000000007, "max": 21.500000000000036}, "9": {"mean": 13.069999999999999, "min": 0.8999999999999999, "max": 28.90000000000014}, "10": {"mean": 15.119999999999985, "min": 4.100000000000001, "max": 21.300000000000033}, "11": {"mean": 13.300000000000031, "min": 0.8999999999999999, "max": 30.700000000000166}, "12": {"mean": 11.179999999999996, "min": 0.7999999999999999, "max": 23.30000000000006}, "13": {"mean": 16.47000000000002, "min": 0.9999999999999999, "max": 28.90000000000014}, "14": {"mean": 15.299999999999997, "min": 0.9999999999999999, "max": 25.200000000000088}, "15": {"mean": 9.650000000000002, "min": 0.8999999999999999, "max": 22.800000000000054}, "16": {"mean": 19.680000000000046, "min": 0.7999999999999999, "max": 38.70000000000028}, "17": {"mean": 28.30000000000017, "min": 2.500000000000001, "max": 50.00000000000044}}