{"0": {"mean": 12.0, "min": 8.0, "max": 48.0}, "1": {"mean": 22.866666666666667, "min": 8.0, "max": 168.0}, "2": {"mean": 155.93333333333334, "min": 8.0, "max": 246.0}, "3": {"mean": 169.76666666666668, "min": 35.0, "max": 240.0}, "4": {"mean": 154.03333333333333, "min": 37.0, "max": 224.0}, "5": {"mean": 155.5, "min": 89.0, "max": 248.0}, "6": {"mean": 192.23333333333332, "min": 117.0, "max": 281.0}, "7": {"mean": 163.23333333333332, "min": 69.0, "max": 317.0}, "8": {"mean": 191.83333333333334, "min": 10.0, "max": 500.0}, "9": {"mean": 183.16666666666666, "min": 104.0, "max": 500.0}}