{"0": {"mean": 17.566666666666666, "min": 8.0, "max": 70.0}, "1": {"mean": 47.6, "min": 8.0, "max": 500.0}, "2": {"mean": 267.8666666666667, "min": 10.0, "max": 500.0}, "3": {"mean": 484.6666666666667, "min": 40.0, "max": 500.0}, "4": {"mean": 500.0, "min": 500.0, "max": 500.0}}