{"0": {"mean": 11.4, "min": 8.0, "max": 39.0}, "1": {"mean": 30.2, "min": 9.0, "max": 227.0}, "2": {"mean": 179.7, "min": 8.0, "max": 500.0}, "3": {"mean": 258.1, "min": 10.0, "max": 500.0}, "4": {"mean": 292.8666666666667, "min": 75.0, "max": 500.0}, "5": {"mean": 392.9, "min": 135.0, "max": 500.0}, "6": {"mean": 408.96666666666664, "min": 9.0, "max": 500.0}, "7": {"mean": 465.0, "min": 202.0, "max": 500.0}, "8": {"mean": 485.8333333333333, "min": 208.0, "max": 500.0}, "9": {"mean": 500.0, "min": 500.0, "max": 500.0}, "10": {"mean": 484.93333333333334, "min": 387.0, "max": 500.0}, "11": {"mean": 455.3333333333333, "min": 232.0, "max": 500.0}, "12": {"mean": 500.0, "min": 500.0, "max": 500.0}, "13": {"mean": 500.0, "min": 500.0, "max": 500.0}, "14": {"mean": 500.0, "min": 500.0, "max": 500.0}, "15": {"mean": 476.0, "min": 356.0, "max": 500.0}, "16": {"mean": 500.0, "min": 500.0, "max": 500.0}, "17": {"mean": 500.0, "min": 500.0, "max": 500.0}, "18": {"mean": 500.0, "min": 500.0, "max": 500.0}, "19": {"mean": 500.0, "min": 500.0, "max": 500.0}, "20": {"mean": 500.0, "min": 500.0, "max": 500.0}, "21": {"mean": 500.0, "min": 500.0, "max": 500.0}, "22": {"mean": 500.0, "min": 500.0, "max": 500.0}, "23": {"mean": 494.8333333333333, "min": 345.0, "max": 500.0}, "24": {"mean": 497.3, "min": 419.0, "max": 500.0}}