{"0": {"mean": 10.233333333333333, "min": 8.0, "max": 16.0}, "1": {"mean": 14.433333333333334, "min": 8.0, "max": 83.0}, "2": {"mean": 32.233333333333334, "min": 9.0, "max": 204.0}, "3": {"mean": 99.96666666666667, "min": 9.0, "max": 272.0}, "4": {"mean": 138.03333333333333, "min": 9.0, "max": 275.0}}