{"0": {"mean": 18.233333333333334, "min": 8.0, "max": 70.0}, "1": {"mean": 64.36666666666666, "min": 8.0, "max": 414.0}, "2": {"mean": 149.3, "min": 12.0, "max": 500.0}, "3": {"mean": 254.06666666666666, "min": 32.0, "max": 500.0}, "4": {"mean": 347.93333333333334, "min": 50.0, "max": 500.0}}