{"0": {"mean": 28.566666666666666, "min": 8.0, "max": 500.0}, "1": {"mean": 281.1333333333333, "min": 8.0, "max": 500.0}, "2": {"mean": 484.96666666666664, "min": 49.0, "max": 500.0}, "3": {"mean": 500.0, "min": 500.0, "max": 500.0}, "4": {"mean": 500.0, "min": 500.0, "max": 500.0}, "5": {"mean": 500.0, "min": 500.0, "max": 500.0}, "6": {"mean": 500.0, "min": 500.0, "max": 500.0}, "7": {"mean": 500.0, "min": 500.0, "max": 500.0}, "8": {"mean": 500.0, "min": 500.0, "max": 500.0}, "9": {"mean": 483.7, "min": 11.0, "max": 500.0}}