{"0": {"mean": 17.3, "min": 8.0, "max": 100.0}, "1": {"mean": 27.733333333333334, "min": 9.0, "max": 62.0}, "2": {"mean": 72.3, "min": 10.0, "max": 119.0}, "3": {"mean": 49.8, "min": 10.0, "max": 76.0}, "4": {"mean": 52.93333333333333, "min": 9.0, "max": 124.0}, "5": {"mean": 83.63333333333334, "min": 22.0, "max": 500.0}, "6": {"mean": 151.16666666666666, "min": 12.0, "max": 500.0}, "7": {"mean": 327.6666666666667, "min": 36.0, "max": 500.0}, "8": {"mean": 445.8, "min": 157.0, "max": 500.0}, "9": {"mean": 469.3666666666667, "min": 182.0, "max": 500.0}, "10": {"mean": 500.0, "min": 500.0, "max": 500.0}, "11": {"mean": 500.0, "min": 500.0, "max": 500.0}, "12": {"mean": 500.0, "min": 500.0, "max": 500.0}, "13": {"mean": 500.0, "min": 500.0, "max": 500.0}, "14": {"mean": 500.0, "min": 500.0, "max": 500.0}, "15": {"mean": 500.0, "min": 500.0, "max": 500.0}, "16": {"mean": 500.0, "min": 500.0, "max": 500.0}, "17": {"mean": 500.0, "min": 500.0, "max": 500.0}, "18": {"mean": 500.0, "min": 500.0, "max": 500.0}, "19": {"mean": 500.0, "min": 500.0, "max": 500.0}, "20": {"mean": 500.0, "min": 500.0, "max": 500.0}, "21": {"mean": 500.0, "min": 500.0, "max": 500.0}, "22": {"mean": 500.0, "min": 500.0, "max": 500.0}, "23": {"mean": 500.0, "min": 500.0, "max": 500.0}, "24": {"mean": 500.0, "min": 500.0, "max": 500.0}}