{"0": {"mean": 45.333333333333336, "min": 8.0, "max": 500.0}, "1": {"mean": 213.16666666666666, "min": 9.0, "max": 500.0}, "2": {"mean": 407.9, "min": 94.0, "max": 500.0}, "3": {"mean": 487.8, "min": 134.0, "max": 500.0}, "4": {"mean": 500.0, "min": 500.0, "max": 500.0}}