{"0": {"mean": 14.066666666666666, "min": 8.0, "max": 64.0}, "1": {"mean": 33.8, "min": 8.0, "max": 172.0}, "2": {"mean": 103.93333333333334, "min": 9.0, "max": 244.0}, "3": {"mean": 109.9, "min": 9.0, "max": 491.0}, "4": {"mean": 185.76666666666668, "min": 24.0, "max": 500.0}}