{"0": {"mean": 21.966666666666665, "min": 8.0, "max": 79.0}, "1": {"mean": 58.766666666666666, "min": 9.0, "max": 188.0}, "2": {"mean": 128.2, "min": 8.0, "max": 331.0}, "3": {"mean": 150.2, "min": 35.0, "max": 308.0}, "4": {"mean": 197.0, "min": 36.0, "max": 314.0}, "5": {"mean": 291.03333333333336, "min": 51.0, "max": 484.0}, "6": {"mean": 264.93333333333334, "min": 188.0, "max": 484.0}, "7": {"mean": 239.46666666666667, "min": 172.0, "max": 342.0}, "8": {"mean": 240.96666666666667, "min": 155.0, "max": 368.0}, "9": {"mean": 234.3, "min": 143.0, "max": 360.0}}