{"0": {"mean": 10.0, "min": 8.0, "max": 16.0}, "1": {"mean": 12.066666666666666, "min": 9.0, "max": 33.0}, "2": {"mean": 25.2, "min": 8.0, "max": 117.0}, "3": {"mean": 48.4, "min": 9.0, "max": 106.0}, "4": {"mean": 72.1, "min": 15.0, "max": 196.0}, "5": {"mean": 96.66666666666667, "min": 21.0, "max": 500.0}, "6": {"mean": 196.36666666666667, "min": 11.0, "max": 500.0}, "7": {"mean": 342.6, "min": 10.0, "max": 500.0}, "8": {"mean": 345.03333333333336, "min": 10.0, "max": 500.0}, "9": {"mean": 442.3333333333333, "min": 154.0, "max": 500.0}, "10": {"mean": 481.23333333333335, "min": 213.0, "max": 500.0}, "11": {"mean": 468.6, "min": 239.0, "max": 500.0}, "12": {"mean": 478.8, "min": 308.0, "max": 500.0}, "13": {"mean": 493.53333333333336, "min": 306.0, "max": 500.0}, "14": {"mean": 494.6666666666667, "min": 340.0, "max": 500.0}, "15": {"mean": 490.6333333333333, "min": 344.0, "max": 500.0}, "16": {"mean": 493.56666666666666, "min": 307.0, "max": 500.0}, "17": {"mean": 441.26666666666665, "min": 25.0, "max": 500.0}, "18": {"mean": 492.53333333333336, "min": 276.0, "max": 500.0}, "19": {"mean": 478.23333333333335, "min": 256.0, "max": 500.0}, "20": {"mean": 484.8333333333333, "min": 216.0, "max": 500.0}, "21": {"mean": 466.5, "min": 225.0, "max": 500.0}, "22": {"mean": 463.43333333333334, "min": 258.0, "max": 500.0}, "23": {"mean": 490.6666666666667, "min": 244.0, "max": 500.0}, "24": {"mean": 441.2, "min": 216.0, "max": 500.0}}