{"0": {"mean": 13.966666666666667, "min": 9.0, "max": 141.0}, "1": {"mean": 72.83333333333333, "min": 8.0, "max": 158.0}, "2": {"mean": 134.5, "min": 8.0, "max": 193.0}, "3": {"mean": 139.63333333333333, "min": 118.0, "max": 266.0}, "4": {"mean": 154.53333333333333, "min": 109.0, "max": 500.0}, "5": {"mean": 185.43333333333334, "min": 108.0, "max": 500.0}, "6": {"mean": 275.1666666666667, "min": 122.0, "max": 500.0}, "7": {"mean": 416.1, "min": 140.0, "max": 500.0}, "8": {"mean": 443.3333333333333, "min": 135.0, "max": 500.0}, "9": {"mean": 500.0, "min": 500.0, "max": 500.0}, "10": {"mean": 500.0, "min": 500.0, "max": 500.0}, "11": {"mean": 500.0, "min": 500.0, "max": 500.0}, "12": {"mean": 500.0, "min": 500.0, "max": 500.0}, "13": {"mean": 500.0, "min": 500.0, "max": 500.0}, "14": {"mean": 500.0, "min": 500.0, "max": 500.0}, "15": {"mean": 500.0, "min": 500.0, "max": 500.0}, "16": {"mean": 500.0, "min": 500.0, "max": 500.0}, "17": {"mean": 500.0, "min": 500.0, "max": 500.0}, "18": {"mean": 500.0, "min": 500.0, "max": 500.0}, "19": {"mean": 500.0, "min": 500.0, "max": 500.0}, "20": {"mean": 500.0, "min": 500.0, "max": 500.0}, "21": {"mean": 500.0, "min": 500.0, "max": 500.0}, "22": {"mean": 500.0, "min": 500.0, "max": 500.0}, "23": {"mean": 500.0, "min": 500.0, "max": 500.0}, "24": {"mean": 500.0, "min": 500.0, "max": 500.0}}