{"0": {"mean": 11.966666666666667, "min": 8.0, "max": 60.0}, "1": {"mean": 37.4, "min": 8.0, "max": 500.0}, "2": {"mean": 270.93333333333334, "min": 8.0, "max": 500.0}, "3": {"mean": 388.76666666666665, "min": 127.0, "max": 500.0}, "4": {"mean": 417.8666666666667, "min": 153.0, "max": 500.0}, "5": {"mean": 460.6666666666667, "min": 219.0, "max": 500.0}, "6": {"mean": 473.93333333333334, "min": 241.0, "max": 500.0}, "7": {"mean": 484.1666666666667, "min": 190.0, "max": 500.0}, "8": {"mean": 489.93333333333334, "min": 198.0, "max": 500.0}, "9": {"mean": 499.43333333333334, "min": 483.0, "max": 500.0}, "10": {"mean": 500.0, "min": 500.0, "max": 500.0}, "11": {"mean": 488.3333333333333, "min": 325.0, "max": 500.0}, "12": {"mean": 492.73333333333335, "min": 391.0, "max": 500.0}, "13": {"mean": 500.0, "min": 500.0, "max": 500.0}, "14": {"mean": 500.0, "min": 500.0, "max": 500.0}, "15": {"mean": 500.0, "min": 500.0, "max": 500.0}, "16": {"mean": 500.0, "min": 500.0, "max": 500.0}, "17": {"mean": 500.0, "min": 500.0, "max": 500.0}, "18": {"mean": 500.0, "min": 500.0, "max": 500.0}, "19": {"mean": 500.0, "min": 500.0, "max": 500.0}, "20": {"mean": 500.0, "min": 500.0, "max": 500.0}, "21": {"mean": 500.0, "min": 500.0, "max": 500.0}, "22": {"mean": 500.0, "min": 500.0, "max": 500.0}, "23": {"mean": 500.0, "min": 500.0, "max": 500.0}, "24": {"mean": 500.0, "min": 500.0, "max": 500.0}}