{"0": {"mean": 18.2, "min": 8.0, "max": 105.0}, "1": {"mean": 59.166666666666664, "min": 9.0, "max": 500.0}, "2": {"mean": 155.23333333333332, "min": 9.0, "max": 500.0}, "3": {"mean": 427.53333333333336, "min": 52.0, "max": 500.0}, "4": {"mean": 485.1333333333333, "min": 54.0, "max": 500.0}, "5": {"mean": 500.0, "min": 500.0, "max": 500.0}, "6": {"mean": 500.0, "min": 500.0, "max": 500.0}, "7": {"mean": 500.0, "min": 500.0, "max": 500.0}, "8": {"mean": 500.0, "min": 500.0, "max": 500.0}, "9": {"mean": 500.0, "min": 500.0, "max": 500.0}, "10": {"mean": 500.0, "min": 500.0, "max": 500.0}, "11": {"mean": 500.0, "min": 500.0, "max": 500.0}, "12": {"mean": 500.0, "min": 500.0, "max": 500.0}, "13": {"mean": 500.0, "min": 500.0, "max": 500.0}, "14": {"mean": 500.0, "min": 500.0, "max": 500.0}, "15": {"mean": 500.0, "min": 500.0, "max": 500.0}, "16": {"mean": 500.0, "min": 500.0, "max": 500.0}, "17": {"mean": 500.0, "min": 500.0, "max": 500.0}, "18": {"mean": 500.0, "min": 500.0, "max": 500.0}, "19": {"mean": 500.0, "min": 500.0, "max": 500.0}, "20": {"mean": 500.0, "min": 500.0, "max": 500.0}, "21": {"mean": 500.0, "min": 500.0, "max": 500.0}, "22": {"mean": 500.0, "min": 500.0, "max": 500.0}, "23": {"mean": 500.0, "min": 500.0, "max": 500.0}, "24": {"mean": 500.0, "min": 500.0, "max": 500.0}}