{"0": {"mean": 12.966666666666667, "min": 8.0, "max": 29.0}, "1": {"mean": 16.033333333333335, "min": 9.0, "max": 42.0}, "2": {"mean": 46.766666666666666, "min": 9.0, "max": 96.0}, "3": {"mean": 44.5, "min": 9.0, "max": 71.0}, "4": {"mean": 36.43333333333333, "min": 10.0, "max": 66.0}, "5": {"mean": 42.53333333333333, "min": 8.0, "max": 276.0}, "6": {"mean": 78.93333333333334, "min": 8.0, "max": 338.0}, "7": {"mean": 227.2, "min": 9.0, "max": 500.0}, "8": {"mean": 283.03333333333336, "min": 52.0, "max": 500.0}, "9": {"mean": 301.1666666666667, "min": 206.0, "max": 500.0}, "10": {"mean": 326.8666666666667, "min": 206.0, "max": 500.0}, "11": {"mean": 351.1666666666667, "min": 226.0, "max": 500.0}, "12": {"mean": 346.8, "min": 94.0, "max": 500.0}, "13": {"mean": 399.2, "min": 220.0, "max": 500.0}, "14": {"mean": 424.0, "min": 233.0, "max": 500.0}, "15": {"mean": 461.03333333333336, "min": 248.0, "max": 500.0}, "16": {"mean": 457.06666666666666, "min": 234.0, "max": 500.0}, "17": {"mean": 483.9, "min": 296.0, "max": 500.0}, "18": {"mean": 479.8, "min": 284.0, "max": 500.0}, "19": {"mean": 499.5, "min": 495.0, "max": 500.0}, "20": {"mean": 500.0, "min": 500.0, "max": 500.0}, "21": {"mean": 500.0, "min": 500.0, "max": 500.0}, "22": {"mean": 500.0, "min": 500.0, "max": 500.0}, "23": {"mean": 500.0, "min": 500.0, "max": 500.0}, "24": {"mean": 499.1333333333333, "min": 474.0, "max": 500.0}}