{"0": {"mean": 11.6, "min": 8.0, "max": 27.0}, "1": {"mean": 23.733333333333334, "min": 8.0, "max": 137.0}, "2": {"mean": 49.1, "min": 8.0, "max": 149.0}, "3": {"mean": 130.13333333333333, "min": 47.0, "max": 251.0}, "4": {"mean": 157.16666666666666, "min": 11.0, "max": 500.0}}