{"0": {"mean": 18.2, "min": 8.0, "max": 70.0}, "1": {"mean": 41.93333333333333, "min": 8.0, "max": 90.0}, "2": {"mean": 93.16666666666667, "min": 9.0, "max": 500.0}, "3": {"mean": 173.8, "min": 9.0, "max": 500.0}, "4": {"mean": 389.56666666666666, "min": 74.0, "max": 500.0}, "5": {"mean": 487.8, "min": 294.0, "max": 500.0}, "6": {"mean": 490.8333333333333, "min": 225.0, "max": 500.0}, "7": {"mean": 499.1333333333333, "min": 491.0, "max": 500.0}, "8": {"mean": 500.0, "min": 500.0, "max": 500.0}, "9": {"mean": 500.0, "min": 500.0, "max": 500.0}, "10": {"mean": 500.0, "min": 500.0, "max": 500.0}, "11": {"mean": 472.53333333333336, "min": 397.0, "max": 500.0}, "12": {"mean": 494.1666666666667, "min": 465.0, "max": 500.0}, "13": {"mean": 499.3333333333333, "min": 495.0, "max": 500.0}, "14": {"mean": 489.4, "min": 447.0, "max": 500.0}, "15": {"mean": 492.1333333333333, "min": 382.0, "max": 500.0}, "16": {"mean": 500.0, "min": 500.0, "max": 500.0}, "17": {"mean": 500.0, "min": 500.0, "max": 500.0}, "18": {"mean": 491.1, "min": 411.0, "max": 500.0}, "19": {"mean": 500.0, "min": 500.0, "max": 500.0}, "20": {"mean": 490.4, "min": 404.0, "max": 500.0}, "21": {"mean": 477.8333333333333, "min": 405.0, "max": 500.0}, "22": {"mean": 482.1333333333333, "min": 232.0, "max": 500.0}, "23": {"mean": 500.0, "min": 500.0, "max": 500.0}, "24": {"mean": 499.8666666666667, "min": 496.0, "max": 500.0}}