{"0": {"mean": 38.43333333333333, "min": 9.0, "max": 136.0}, "1": {"mean": 81.66666666666667, "min": 8.0, "max": 169.0}, "2": {"mean": 161.43333333333334, "min": 36.0, "max": 500.0}, "3": {"mean": 207.33333333333334, "min": 92.0, "max": 500.0}, "4": {"mean": 340.23333333333335, "min": 8.0, "max": 500.0}}