{"0": {"mean": 6.990000000000017, "min": 0.7999999999999999, "max": 50.00000000000044}, "1": {"mean": 31.30400000000027, "min": 0.7999999999999999, "max": 50.00000000000044}, "2": {"mean": 31.06700000000027, "min": 0.7999999999999999, "max": 50.00000000000044}, "3": {"mean": 29.356000000000254, "min": 0.7999999999999999, "max": 50.00000000000044}, "4": {"mean": 32.896000000000285, "min": 0.7999999999999999, "max": 50.00000000000044}, "5": {"mean": 37.376000000000325, "min": 0.7999999999999999, "max": 50.00000000000044}, "6": {"mean": 34.577000000000304, "min": 0.7999999999999999, "max": 50.00000000000044}, "7": {"mean": 32.86100000000029, "min": 0.7999999999999999, "max": 50.00000000000044}, "8": {"mean": 33.507000000000296, "min": 0.8999999999999999, "max": 50.00000000000044}, "9": {"mean": 34.412000000000305, "min": 0.7999999999999999, "max": 50.00000000000044}, "10": {"mean": 34.8440000000003, "min": 0.7999999999999999, "max": 50.00000000000044}, "11": {"mean": 33.880000000000294, "min": 0.7999999999999999, "max": 50.00000000000044}, "12": {"mean": 25.83200000000021, "min": 0.7999999999999999, "max": 50.00000000000044}, "13": {"mean": 30.022000000000258, "min": 0.8999999999999999, "max": 50.00000000000044}, "14": {"mean": 31.007000000000254, "min": 0.7999999999999999, "max": 50.00000000000044}, "15": {"mean": 35.640000000000306, "min": 0.8999999999999999, "max": 50.00000000000044}, "16": {"mean": 32.84400000000027, "min": 0.7999999999999999, "max": 50.00000000000044}, "17": {"mean": 27.27100000000022, "min": 0.8999999999999999, "max": 50.00000000000044}, "18": {"mean": 27.59300000000022, "min": 0.7999999999999999, "max": 50.00000000000044}, "19": {"mean": 31.924000000000266, "min": 0.7999999999999999, "max": 50.00000000000044}}