{"0": {"mean": 14.066666666666666, "min": 9.0, "max": 36.0}, "1": {"mean": 15.866666666666667, "min": 8.0, "max": 46.0}, "2": {"mean": 46.53333333333333, "min": 8.0, "max": 288.0}, "3": {"mean": 130.36666666666667, "min": 10.0, "max": 357.0}, "4": {"mean": 210.8, "min": 9.0, "max": 397.0}, "5": {"mean": 284.53333333333336, "min": 126.0, "max": 500.0}, "6": {"mean": 297.3333333333333, "min": 115.0, "max": 500.0}, "7": {"mean": 340.6333333333333, "min": 150.0, "max": 500.0}, "8": {"mean": 347.9, "min": 166.0, "max": 500.0}, "9": {"mean": 399.73333333333335, "min": 339.0, "max": 500.0}}