{"0": {"mean": 10.266666666666667, "min": 8.0, "max": 14.0}, "1": {"mean": 11.033333333333333, "min": 8.0, "max": 32.0}, "2": {"mean": 16.366666666666667, "min": 9.0, "max": 87.0}, "3": {"mean": 37.9, "min": 8.0, "max": 146.0}, "4": {"mean": 68.13333333333334, "min": 9.0, "max": 165.0}, "5": {"mean": 98.0, "min": 10.0, "max": 189.0}, "6": {"mean": 130.83333333333334, "min": 59.0, "max": 500.0}, "7": {"mean": 178.7, "min": 66.0, "max": 500.0}, "8": {"mean": 259.73333333333335, "min": 68.0, "max": 500.0}, "9": {"mean": 317.76666666666665, "min": 9.0, "max": 500.0}}