{"0": {"mean": 2.5099999999999962, "min": 0.7999999999999999, "max": 16.499999999999964}, "1": {"mean": 6.8700000000000045, "min": 0.8999999999999999, "max": 21.500000000000036}, "2": {"mean": 18.670000000000023, "min": 2.400000000000001, "max": 32.800000000000196}, "3": {"mean": 31.190000000000204, "min": 0.8999999999999999, "max": 50.00000000000044}, "4": {"mean": 39.170000000000314, "min": 2.3000000000000007, "max": 50.00000000000044}, "5": {"mean": 37.93000000000033, "min": 0.9999999999999999, "max": 50.00000000000044}, "6": {"mean": 40.25000000000033, "min": 1.3, "max": 50.00000000000044}, "7": {"mean": 36.720000000000304, "min": 0.7999999999999999, "max": 50.00000000000044}, "8": {"mean": 32.900000000000276, "min": 0.8999999999999999, "max": 50.00000000000044}, "9": {"mean": 35.34000000000031, "min": 0.8999999999999999, "max": 50.00000000000044}, "10": {"mean": 27.130000000000216, "min": 0.9999999999999999, "max": 50.00000000000044}, "11": {"mean": 27.22000000000017, "min": 0.9999999999999999, "max": 50.00000000000044}, "12": {"mean": 34.61000000000028, "min": 0.9999999999999999, "max": 50.00000000000044}, "13": {"mean": 35.86000000000029, "min": 0.8999999999999999, "max": 50.00000000000044}, "14": {"mean": 37.18000000000031, "min": 0.9999999999999999, "max": 50.00000000000044}, "15": {"mean": 38.32000000000032, "min": 0.8999999999999999, "max": 50.00000000000044}, "16": {"mean": 20.660000000000135, "min": 0.9999999999999999, "max": 50.00000000000044}, "17": {"mean": 27.85000000000022, "min": 0.8999999999999999, "max": 50.00000000000044}, "18": {"mean": 24.890000000000185, "min": 0.7999999999999999, "max": 50.00000000000044}, "19": {"mean": 35.10000000000029, "min": 0.8999999999999999, "max": 50.00000000000044}, "20": {"mean": 46.43000000000039, "min": 14.299999999999965, "max": 50.00000000000044}, "21": {"mean": 38.05000000000031, "min": 5.599999999999996, "max": 50.00000000000044}, "22": {"mean": 39.890000000000306, "min": 13.799999999999967, "max": 50.00000000000044}, "23": {"mean": 40.20000000000035, "min": 0.8999999999999999, "max": 50.00000000000044}, "24": {"mean": 37.170000000000314, "min": 0.7999999999999999, "max": 50.00000000000044}, "25": {"mean": 32.51000000000027, "min": 0.8999999999999999, "max": 50.00000000000044}, "26": {"mean": 27.140000000000192, "min": 0.8999999999999999, "max": 50.00000000000044}, "27": {"mean": 27.880000000000187, "min": 0.8999999999999999, "max": 50.00000000000044}, "28": {"mean": 36.590000000000245, "min": 17.299999999999976, "max": 50.00000000000044}, "29": {"mean": 27.5600000000002, "min": 0.9999999999999999, "max": 50.00000000000044}, "30": {"mean": 37.07000000000029, "min": 0.9999999999999999, "max": 50.00000000000044}, "31": {"mean": 31.970000000000237, "min": 0.8999999999999999, "max": 50.00000000000044}, "32": {"mean": 23.150000000000173, "min": 0.7999999999999999, "max": 50.00000000000044}, "33": {"mean": 30.940000000000218, "min": 0.9999999999999999, "max": 50.00000000000044}, "34": {"mean": 38.5900000000003, "min": 0.9999999999999999, "max": 50.00000000000044}, "35": {"mean": 30.600000000000232, "min": 0.8999999999999999, "max": 50.00000000000044}, "36": {"mean": 30.810000000000265, "min": 0.9999999999999999, "max": 50.00000000000044}, "37": {"mean": 33.05000000000025, "min": 0.8999999999999999, "max": 50.00000000000044}, "38": {"mean": 40.16000000000035, "min": 0.7999999999999999, "max": 50.00000000000044}, "39": {"mean": 17.030000000000133, "min": 0.8999999999999999, "max": 50.00000000000044}, "40": {"mean": 26.730000000000224, "min": 0.8999999999999999, "max": 50.00000000000044}, "41": {"mean": 32.48000000000026, "min": 0.8999999999999999, "max": 50.00000000000044}, "42": {"mean": 37.3400000000003, "min": 0.9999999999999999, "max": 50.00000000000044}, "43": {"mean": 29.220000000000216, "min": 0.9999999999999999, "max": 50.00000000000044}, "44": {"mean": 31.51000000000023, "min": 0.7999999999999999, "max": 50.00000000000044}, "45": {"mean": 32.92000000000025, "min": 0.9999999999999999, "max": 50.00000000000044}, "46": {"mean": 45.47000000000038, "min": 33.400000000000205, "max": 50.00000000000044}, "47": {"mean": 20.980000000000143, "min": 0.9999999999999999, "max": 50.00000000000044}, "48": {"mean": 35.26000000000026, "min": 0.9999999999999999, "max": 50.00000000000044}, "49": {"mean": 26.730000000000206, "min": 0.8999999999999999, "max": 50.00000000000044}, "50": {"mean": 25.480000000000175, "min": 1.2, "max": 50.00000000000044}, "51": {"mean": 39.17000000000032, "min": 5.899999999999995, "max": 50.00000000000044}, "52": {"mean": 28.230000000000217, "min": 2.9000000000000012, "max": 50.00000000000044}, "53": {"mean": 35.33000000000031, "min": 0.7999999999999999, "max": 50.00000000000044}, "54": {"mean": 40.41000000000035, "min": 0.9999999999999999, "max": 50.00000000000044}, "55": {"mean": 36.38000000000031, "min": 0.8999999999999999, "max": 50.00000000000044}, "56": {"mean": 44.8600000000004, "min": 1.9000000000000006, "max": 50.00000000000044}, "57": {"mean": 41.82000000000035, "min": 1.4000000000000001, "max": 50.00000000000044}, "58": {"mean": 40.49000000000036, "min": 1.3, "max": 50.00000000000044}, "59": {"mean": 33.69000000000028, "min": 0.8999999999999999, "max": 50.00000000000044}, "60": {"mean": 42.69000000000036, "min": 2.700000000000001, "max": 50.00000000000044}, "61": {"mean": 40.19000000000035, "min": 0.8999999999999999, "max": 50.00000000000044}, "62": {"mean": 40.87000000000036, "min": 0.9999999999999999, "max": 50.00000000000044}, "63": {"mean": 42.65000000000036, "min": 0.8999999999999999, "max": 50.00000000000044}, "64": {"mean": 48.21000000000042, "min": 32.100000000000186, "max": 50.00000000000044}, "65": {"mean": 35.62000000000031, "min": 0.7999999999999999, "max": 50.00000000000044}, "66": {"mean": 34.260000000000296, "min": 0.8999999999999999, "max": 50.00000000000044}, "67": {"mean": 37.62000000000031, "min": 0.8999999999999999, "max": 50.00000000000044}, "68": {"mean": 27.950000000000234, "min": 0.7999999999999999, "max": 50.00000000000044}, "69": {"mean": 31.160000000000263, "min": 0.8999999999999999, "max": 50.00000000000044}, "70": {"mean": 42.69000000000035, "min": 3.4000000000000017, "max": 50.00000000000044}, "71": {"mean": 26.29000000000022, "min": 0.8999999999999999, "max": 50.00000000000044}, "72": {"mean": 46.8900000000004, "min": 18.9, "max": 50.00000000000044}, "73": {"mean": 35.27000000000031, "min": 0.7999999999999999, "max": 50.00000000000044}, "74": {"mean": 45.4000000000004, "min": 4.000000000000002, "max": 50.00000000000044}, "75": {"mean": 40.180000000000355, "min": 0.7999999999999999, "max": 50.00000000000044}, "76": {"mean": 30.57000000000026, "min": 0.8999999999999999, "max": 50.00000000000044}, "77": {"mean": 35.29000000000031, "min": 0.8999999999999999, "max": 50.00000000000044}, "78": {"mean": 32.600000000000264, "min": 0.8999999999999999, "max": 50.00000000000044}, "79": {"mean": 24.4000000000002, "min": 0.8999999999999999, "max": 50.00000000000044}, "80": {"mean": 42.23000000000036, "min": 0.7999999999999999, "max": 50.00000000000044}, "81": {"mean": 35.63000000000031, "min": 0.9999999999999999, "max": 50.00000000000044}, "82": {"mean": 38.71000000000033, "min": 0.8999999999999999, "max": 50.00000000000044}, "83": {"mean": 30.490000000000265, "min": 0.8999999999999999, "max": 50.00000000000044}, "84": {"mean": 19.95000000000016, "min": 0.7999999999999999, "max": 50.00000000000044}, "85": {"mean": 34.4000000000003, "min": 0.8999999999999999, "max": 50.00000000000044}, "86": {"mean": 34.9100000000003, "min": 0.8999999999999999, "max": 50.00000000000044}, "87": {"mean": 40.20000000000035, "min": 0.8999999999999999, "max": 50.00000000000044}, "88": {"mean": 35.570000000000306, "min": 0.8999999999999999, "max": 50.00000000000044}, "89": {"mean": 31.110000000000262, "min": 0.8999999999999999, "max": 50.00000000000044}, "90": {"mean": 35.82000000000031, "min": 0.8999999999999999, "max": 50.00000000000044}, "91": {"mean": 31.210000000000264,