{"0": {"mean": 19.166666666666668, "min": 8.0, "max": 180.0}, "1": {"mean": 78.56666666666666, "min": 8.0, "max": 246.0}, "2": {"mean": 231.43333333333334, "min": 9.0, "max": 500.0}, "3": {"mean": 247.56666666666666, "min": 164.0, "max": 500.0}, "4": {"mean": 286.43333333333334, "min": 69.0, "max": 500.0}, "5": {"mean": 399.7, "min": 173.0, "max": 500.0}, "6": {"mean": 433.1333333333333, "min": 156.0, "max": 500.0}, "7": {"mean": 441.3666666666667, "min": 156.0, "max": 500.0}, "8": {"mean": 492.76666666666665, "min": 283.0, "max": 500.0}, "9": {"mean": 500.0, "min": 500.0, "max": 500.0}}