{"0": {"mean": 1.7100000000000002, "min": 0.8999999999999999, "max": 4.4}, "1": {"mean": 2.5400000000000005, "min": 0.8999999999999999, "max": 4.200000000000001}, "2": {"mean": 3.1000000000000005, "min": 0.8999999999999999, "max": 4.6}, "3": {"mean": 6.210000000000004, "min": 0.9999999999999999, "max": 22.60000000000005}, "4": {"mean": 8.790000000000008, "min": 0.9999999999999999, "max": 22.700000000000053}, "5": {"mean": 14.090000000000042, "min": 0.8999999999999999, "max": 50.00000000000044}, "6": {"mean": 20.80000000000014, "min": 0.8999999999999999, "max": 50.00000000000044}, "7": {"mean": 36.08000000000031, "min": 1.0999999999999999, "max": 50.00000000000044}, "8": {"mean": 35.80000000000031, "min": 0.7999999999999999, "max": 50.00000000000044}, "9": {"mean": 20.890000000000178, "min": 0.7999999999999999, "max": 50.00000000000044}, "10": {"mean": 20.730000000000178, "min": 0.8999999999999999, "max": 50.00000000000044}, "11": {"mean": 40.45000000000035, "min": 0.8999999999999999, "max": 50.00000000000044}, "12": {"mean": 36.0900000000003, "min": 0.7999999999999999, "max": 50.00000000000044}, "13": {"mean": 40.70000000000035, "min": 0.9999999999999999, "max": 50.00000000000044}, "14": {"mean": 24.02000000000017, "min": 0.7999999999999999, "max": 50.00000000000044}, "15": {"mean": 23.68000000000018, "min": 0.8999999999999999, "max": 50.00000000000044}, "16": {"mean": 30.760000000000264, "min": 0.8999999999999999, "max": 50.00000000000044}, "17": {"mean": 40.49000000000036, "min": 0.9999999999999999, "max": 50.00000000000044}, "18": {"mean": 42.86000000000037, "min": 0.8999999999999999, "max": 50.00000000000044}, "19": {"mean": 33.98000000000027, "min": 0.8999999999999999, "max": 50.00000000000044}, "20": {"mean": 25.900000000000215, "min": 0.7999999999999999, "max": 50.00000000000044}, "21": {"mean": 41.84000000000035, "min": 2.3000000000000007, "max": 50.00000000000044}, "22": {"mean": 32.71000000000025, "min": 0.9999999999999999, "max": 50.00000000000044}, "23": {"mean": 43.860000000000376, "min": 5.599999999999996, "max": 50.00000000000044}}