{"0": {"mean": 30.466666666666665, "min": 8.0, "max": 80.0}, "1": {"mean": 65.16666666666667, "min": 9.0, "max": 500.0}, "2": {"mean": 145.96666666666667, "min": 10.0, "max": 500.0}, "3": {"mean": 366.3666666666667, "min": 56.0, "max": 500.0}, "4": {"mean": 487.3333333333333, "min": 120.0, "max": 500.0}, "5": {"mean": 478.3333333333333, "min": 187.0, "max": 500.0}, "6": {"mean": 495.5, "min": 420.0, "max": 500.0}, "7": {"mean": 499.56666666666666, "min": 487.0, "max": 500.0}, "8": {"mean": 500.0, "min": 500.0, "max": 500.0}, "9": {"mean": 500.0, "min": 500.0, "max": 500.0}, "10": {"mean": 500.0, "min": 500.0, "max": 500.0}, "11": {"mean": 500.0, "min": 500.0, "max": 500.0}, "12": {"mean": 500.0, "min": 500.0, "max": 500.0}, "13": {"mean": 500.0, "min": 500.0, "max": 500.0}, "14": {"mean": 478.8333333333333, "min": 448.0, "max": 500.0}, "15": {"mean": 494.6, "min": 454.0, "max": 500.0}, "16": {"mean": 494.0, "min": 423.0, "max": 500.0}, "17": {"mean": 484.7, "min": 41.0, "max": 500.0}, "18": {"mean": 494.0, "min": 455.0, "max": 500.0}, "19": {"mean": 484.5, "min": 35.0, "max": 500.0}, "20": {"mean": 500.0, "min": 500.0, "max": 500.0}, "21": {"mean": 486.5, "min": 423.0, "max": 500.0}, "22": {"mean": 500.0, "min": 500.0, "max": 500.0}, "23": {"mean": 484.96666666666664, "min": 424.0, "max": 500.0}, "24": {"mean": 497.4, "min": 438.0, "max": 500.0}}