{"0": {"mean": 10.966666666666667, "min": 8.0, "max": 19.0}, "1": {"mean": 14.833333333333334, "min": 8.0, "max": 100.0}, "2": {"mean": 53.03333333333333, "min": 9.0, "max": 171.0}, "3": {"mean": 123.43333333333334, "min": 9.0, "max": 167.0}, "4": {"mean": 135.06666666666666, "min": 115.0, "max": 166.0}}