{"0": {"mean": 9.866666666666667, "min": 9.0, "max": 14.0}, "1": {"mean": 10.066666666666666, "min": 8.0, "max": 14.0}, "2": {"mean": 10.5, "min": 9.0, "max": 22.0}, "3": {"mean": 10.1, "min": 9.0, "max": 21.0}, "4": {"mean": 11.9, "min": 8.0, "max": 36.0}}