{"0": {"mean": 11.433333333333334, "min": 8.0, "max": 23.0}, "1": {"mean": 15.266666666666667, "min": 8.0, "max": 32.0}, "2": {"mean": 25.766666666666666, "min": 8.0, "max": 180.0}, "3": {"mean": 93.66666666666667, "min": 9.0, "max": 500.0}, "4": {"mean": 191.0, "min": 9.0, "max": 488.0}}