{"0": {"mean": 13.033333333333333, "min": 8.0, "max": 44.0}, "1": {"mean": 21.433333333333334, "min": 8.0, "max": 105.0}, "2": {"mean": 51.8, "min": 8.0, "max": 142.0}, "3": {"mean": 93.23333333333333, "min": 8.0, "max": 500.0}, "4": {"mean": 199.03333333333333, "min": 42.0, "max": 500.0}, "5": {"mean": 343.03333333333336, "min": 86.0, "max": 500.0}, "6": {"mean": 418.43333333333334, "min": 121.0, "max": 500.0}, "7": {"mean": 459.3666666666667, "min": 89.0, "max": 500.0}, "8": {"mean": 477.8666666666667, "min": 154.0, "max": 500.0}, "9": {"mean": 465.8666666666667, "min": 130.0, "max": 500.0}, "10": {"mean": 500.0, "min": 500.0, "max": 500.0}, "11": {"mean": 500.0, "min": 500.0, "max": 500.0}, "12": {"mean": 500.0, "min": 500.0, "max": 500.0}, "13": {"mean": 500.0, "min": 500.0, "max": 500.0}, "14": {"mean": 500.0, "min": 500.0, "max": 500.0}, "15": {"mean": 500.0, "min": 500.0, "max": 500.0}, "16": {"mean": 500.0, "min": 500.0, "max": 500.0}, "17": {"mean": 500.0, "min": 500.0, "max": 500.0}, "18": {"mean": 500.0, "min": 500.0, "max": 500.0}, "19": {"mean": 500.0, "min": 500.0, "max": 500.0}, "20": {"mean": 500.0, "min": 500.0, "max": 500.0}, "21": {"mean": 500.0, "min": 500.0, "max": 500.0}, "22": {"mean": 500.0, "min": 500.0, "max": 500.0}, "23": {"mean": 500.0, "min": 500.0, "max": 500.0}, "24": {"mean": 500.0, "min": 500.0, "max": 500.0}}