{"0": {"mean": 11.566666666666666, "min": 8.0, "max": 43.0}, "1": {"mean": 20.366666666666667, "min": 8.0, "max": 92.0}, "2": {"mean": 49.43333333333333, "min": 8.0, "max": 175.0}, "3": {"mean": 112.36666666666666, "min": 9.0, "max": 286.0}, "4": {"mean": 154.13333333333333, "min": 9.0, "max": 500.0}, "5": {"mean": 218.93333333333334, "min": 9.0, "max": 500.0}, "6": {"mean": 269.46666666666664, "min": 53.0, "max": 500.0}, "7": {"mean": 398.3, "min": 88.0, "max": 500.0}, "8": {"mean": 448.9, "min": 138.0, "max": 500.0}, "9": {"mean": 487.73333333333335, "min": 162.0, "max": 500.0}}