{"0": {"mean": 14.233333333333333, "min": 8.0, "max": 59.0}, "1": {"mean": 37.36666666666667, "min": 8.0, "max": 211.0}, "2": {"mean": 47.666666666666664, "min": 8.0, "max": 215.0}, "3": {"mean": 117.6, "min": 9.0, "max": 500.0}, "4": {"mean": 162.8, "min": 9.0, "max": 263.0}}