{"0": {"mean": 18.733333333333334, "min": 8.0, "max": 159.0}, "1": {"mean": 59.666666666666664, "min": 8.0, "max": 193.0}, "2": {"mean": 147.2, "min": 11.0, "max": 267.0}, "3": {"mean": 210.16666666666666, "min": 11.0, "max": 500.0}, "4": {"mean": 294.7, "min": 35.0, "max": 500.0}, "5": {"mean": 379.8333333333333, "min": 121.0, "max": 500.0}, "6": {"mean": 430.3666666666667, "min": 144.0, "max": 500.0}, "7": {"mean": 487.3, "min": 187.0, "max": 500.0}, "8": {"mean": 486.8666666666667, "min": 157.0, "max": 500.0}, "9": {"mean": 500.0, "min": 500.0, "max": 500.0}, "10": {"mean": 500.0, "min": 500.0, "max": 500.0}, "11": {"mean": 500.0, "min": 500.0, "max": 500.0}, "12": {"mean": 486.26666666666665, "min": 294.0, "max": 500.0}, "13": {"mean": 498.4, "min": 452.0, "max": 500.0}, "14": {"mean": 484.8666666666667, "min": 170.0, "max": 500.0}, "15": {"mean": 500.0, "min": 500.0, "max": 500.0}, "16": {"mean": 500.0, "min": 500.0, "max": 500.0}, "17": {"mean": 500.0, "min": 500.0, "max": 500.0}, "18": {"mean": 500.0, "min": 500.0, "max": 500.0}, "19": {"mean": 500.0, "min": 500.0, "max": 500.0}, "20": {"mean": 500.0, "min": 500.0, "max": 500.0}, "21": {"mean": 500.0, "min": 500.0, "max": 500.0}, "22": {"mean": 500.0, "min": 500.0, "max": 500.0}, "23": {"mean": 500.0, "min": 500.0, "max": 500.0}, "24": {"mean": 397.3333333333333, "min": 8.0, "max": 500.0}}