{"0": {"mean": 1.0999999999999999, "min": 0.8999999999999999, "max": 1.4000000000000001}, "1": {"mean": 1.19, "min": 0.8999999999999999, "max": 1.4000000000000001}, "2": {"mean": 2.7399999999999975, "min": 0.8999999999999999, "max": 17.299999999999976}, "3": {"mean": 9.639999999999993, "min": 0.9999999999999999, "max": 20.30000000000002}, "4": {"mean": 15.660000000000002, "min": 0.7999999999999999, "max": 20.600000000000023}, "5": {"mean": 17.67000000000001, "min": 0.7999999999999999, "max": 21.00000000000003}, "6": {"mean": 15.45, "min": 0.8999999999999999, "max": 20.800000000000026}, "7": {"mean": 20.650000000000027, "min": 18.9, "max": 24.900000000000084}, "8": {"mean": 25.16000000000009, "min": 18.29999999999999, "max": 50.00000000000044}, "9": {"mean": 22.88000000000006, "min": 14.799999999999963, "max": 32.20000000000019}, "10": {"mean": 23.680000000000085, "min": 6.699999999999992, "max": 43.900000000000354}, "11": {"mean": 24.610000000000117, "min": 0.8999999999999999, "max": 50.00000000000044}, "12": {"mean": 32.09000000000019, "min": 15.69999999999996, "max": 50.00000000000044}, "13": {"mean": 50.00000000000044, "min": 50.00000000000044, "max": 50.00000000000044}, "14": {"mean": 45.090000000000394, "min": 0.8999999999999999, "max": 50.00000000000044}, "15": {"mean": 45.4800000000004, "min": 4.799999999999999, "max": 50.00000000000044}, "16": {"mean": 40.19000000000035, "min": 0.7999999999999999, "max": 50.00000000000044}, "17": {"mean": 50.00000000000044, "min": 50.00000000000044, "max": 50.00000000000044}, "18": {"mean": 50.00000000000044, "min": 50.00000000000044, "max": 50.00000000000044}, "19": {"mean": 37.30000000000031, "min": 3.800000000000002, "max": 50.00000000000044}, "20": {"mean": 45.1000000000004, "min": 0.9999999999999999, "max": 50.00000000000044}, "21": {"mean": 35.37000000000031, "min": 0.8999999999999999, "max": 50.00000000000044}}