{"0": {"mean": 14.266666666666667, "min": 9.0, "max": 99.0}, "1": {"mean": 36.266666666666666, "min": 8.0, "max": 92.0}, "2": {"mean": 100.73333333333333, "min": 8.0, "max": 231.0}, "3": {"mean": 120.13333333333334, "min": 81.0, "max": 221.0}, "4": {"mean": 133.03333333333333, "min": 50.0, "max": 306.0}, "5": {"mean": 155.2, "min": 75.0, "max": 242.0}, "6": {"mean": 197.3, "min": 131.0, "max": 494.0}, "7": {"mean": 228.03333333333333, "min": 108.0, "max": 445.0}, "8": {"mean": 302.9, "min": 100.0, "max": 500.0}, "9": {"mean": 394.6, "min": 134.0, "max": 500.0}}