{"0": {"mean": 21.833333333333332, "min": 9.0, "max": 199.0}, "1": {"mean": 124.23333333333333, "min": 8.0, "max": 281.0}, "2": {"mean": 199.13333333333333, "min": 27.0, "max": 359.0}, "3": {"mean": 210.56666666666666, "min": 49.0, "max": 500.0}, "4": {"mean": 285.06666666666666, "min": 144.0, "max": 497.0}}