{"0": {"mean": 25.666666666666668, "min": 8.0, "max": 143.0}, "1": {"mean": 100.03333333333333, "min": 9.0, "max": 140.0}, "2": {"mean": 99.8, "min": 9.0, "max": 151.0}, "3": {"mean": 100.73333333333333, "min": 34.0, "max": 500.0}, "4": {"mean": 253.16666666666666, "min": 34.0, "max": 500.0}, "5": {"mean": 354.53333333333336, "min": 63.0, "max": 500.0}, "6": {"mean": 310.3333333333333, "min": 9.0, "max": 500.0}, "7": {"mean": 451.1, "min": 94.0, "max": 500.0}, "8": {"mean": 397.0, "min": 82.0, "max": 500.0}, "9": {"mean": 393.0, "min": 81.0, "max": 500.0}}