{"0": {"mean": 15.933333333333334, "min": 8.0, "max": 72.0}, "1": {"mean": 57.3, "min": 8.0, "max": 244.0}, "2": {"mean": 101.5, "min": 9.0, "max": 202.0}, "3": {"mean": 151.16666666666666, "min": 9.0, "max": 500.0}, "4": {"mean": 203.2, "min": 85.0, "max": 500.0}, "5": {"mean": 279.7, "min": 80.0, "max": 500.0}, "6": {"mean": 434.0, "min": 100.0, "max": 500.0}, "7": {"mean": 472.3666666666667, "min": 210.0, "max": 500.0}, "8": {"mean": 481.2, "min": 153.0, "max": 500.0}, "9": {"mean": 480.4, "min": 304.0, "max": 500.0}}