{"0": {"mean": 19.3, "min": 8.0, "max": 74.0}, "1": {"mean": 32.5, "min": 9.0, "max": 73.0}, "2": {"mean": 52.266666666666666, "min": 10.0, "max": 130.0}, "3": {"mean": 57.266666666666666, "min": 19.0, "max": 171.0}, "4": {"mean": 82.36666666666666, "min": 30.0, "max": 362.0}, "5": {"mean": 118.36666666666666, "min": 9.0, "max": 347.0}, "6": {"mean": 202.1, "min": 31.0, "max": 500.0}, "7": {"mean": 319.1333333333333, "min": 42.0, "max": 500.0}, "8": {"mean": 341.1, "min": 51.0, "max": 500.0}, "9": {"mean": 417.53333333333336, "min": 96.0, "max": 500.0}}