{"0": {"mean": 17.433333333333334, "min": 8.0, "max": 127.0}, "1": {"mean": 85.6, "min": 8.0, "max": 197.0}, "2": {"mean": 168.0, "min": 51.0, "max": 312.0}, "3": {"mean": 180.53333333333333, "min": 89.0, "max": 500.0}, "4": {"mean": 260.4, "min": 10.0, "max": 500.0}, "5": {"mean": 301.5, "min": 120.0, "max": 500.0}, "6": {"mean": 435.8666666666667, "min": 131.0, "max": 500.0}, "7": {"mean": 465.3666666666667, "min": 130.0, "max": 500.0}, "8": {"mean": 421.2, "min": 144.0, "max": 500.0}, "9": {"mean": 455.4, "min": 233.0, "max": 500.0}}