{"0": {"mean": 10.033333333333333, "min": 8.0, "max": 22.0}, "1": {"mean": 11.3, "min": 8.0, "max": 30.0}, "2": {"mean": 13.166666666666666, "min": 9.0, "max": 58.0}, "3": {"mean": 28.1, "min": 8.0, "max": 111.0}, "4": {"mean": 60.53333333333333, "min": 8.0, "max": 128.0}, "5": {"mean": 102.96666666666667, "min": 12.0, "max": 500.0}, "6": {"mean": 163.13333333333333, "min": 65.0, "max": 500.0}, "7": {"mean": 261.0, "min": 80.0, "max": 500.0}, "8": {"mean": 407.3333333333333, "min": 59.0, "max": 500.0}, "9": {"mean": 473.5, "min": 65.0, "max": 500.0}, "10": {"mean": 487.53333333333336, "min": 126.0, "max": 500.0}, "11": {"mean": 487.76666666666665, "min": 133.0, "max": 500.0}, "12": {"mean": 500.0, "min": 500.0, "max": 500.0}, "13": {"mean": 500.0, "min": 500.0, "max": 500.0}, "14": {"mean": 500.0, "min": 500.0, "max": 500.0}, "15": {"mean": 500.0, "min": 500.0, "max": 500.0}, "16": {"mean": 500.0, "min": 500.0, "max": 500.0}, "17": {"mean": 500.0, "min": 500.0, "max": 500.0}, "18": {"mean": 500.0, "min": 500.0, "max": 500.0}, "19": {"mean": 500.0, "min": 500.0, "max": 500.0}, "20": {"mean": 500.0, "min": 500.0, "max": 500.0}, "21": {"mean": 500.0, "min": 500.0, "max": 500.0}, "22": {"mean": 481.03333333333336, "min": 429.0, "max": 500.0}, "23": {"mean": 492.7, "min": 281.0, "max": 500.0}, "24": {"mean": 500.0, "min": 500.0, "max": 500.0}}