{"0": {"mean": 0.95, "min": 0.8999999999999999, "max": 0.9999999999999999}, "1": {"mean": 0.9399999999999998, "min": 0.7999999999999999, "max": 0.9999999999999999}, "2": {"mean": 0.9799999999999999, "min": 0.8999999999999999, "max": 0.9999999999999999}, "3": {"mean": 0.9099999999999999, "min": 0.7999999999999999, "max": 0.9999999999999999}, "4": {"mean": 1.0899999999999999, "min": 0.8999999999999999, "max": 2.3000000000000007}, "5": {"mean": 2.17, "min": 0.7999999999999999, "max": 5.4999999999999964}, "6": {"mean": 2.5500000000000007, "min": 0.7999999999999999, "max": 3.5000000000000018}, "7": {"mean": 3.3600000000000008, "min": 2.2000000000000006, "max": 5.299999999999997}, "8": {"mean": 4.229999999999998, "min": 0.8999999999999999, "max": 11.799999999999974}, "9": {"mean": 3.3500000000000005, "min": 2.0000000000000004, "max": 4.899999999999999}, "10": {"mean": 4.369999999999998, "min": 2.400000000000001, "max": 11.299999999999976}, "11": {"mean": 2.9099999999999997, "min": 0.9999999999999999, "max": 5.399999999999997}, "12": {"mean": 2.9900000000000007, "min": 0.8999999999999999, "max": 5.299999999999997}, "13": {"mean": 3.12, "min": 0.9999999999999999, "max": 5.999999999999995}, "14": {"mean": 3.279999999999999, "min": 0.8999999999999999, "max": 6.099999999999994}, "15": {"mean": 3.389999999999997, "min": 0.7999999999999999, "max": 10.499999999999979}, "16": {"mean": 4.339999999999998, "min": 0.9999999999999999, "max": 9.799999999999981}, "17": {"mean": 2.8000000000000016, "min": 2.1000000000000005, "max": 4.000000000000002}, "18": {"mean": 3.3600000000000003, "min": 0.8999999999999999, "max": 5.899999999999995}, "19": {"mean": 3.4499999999999984, "min": 1.9000000000000006, "max": 7.099999999999991}, "20": {"mean": 3.250000000000001, "min": 2.1000000000000005, "max": 4.6}, "21": {"mean": 3.53, "min": 2.1000000000000005, "max": 7.19999999999999}, "22": {"mean": 3.4499999999999993, "min": 0.8999999999999999, "max": 9.199999999999983}, "23": {"mean": 3.319999999999999, "min": 0.8999999999999999, "max": 7.899999999999988}, "24": {"mean": 3.55, "min": 2.2000000000000006, "max": 5.399999999999997}, "25": {"mean": 3.15, "min": 0.8999999999999999, "max": 6.8999999999999915}, "26": {"mean": 4.3299999999999965, "min": 0.7999999999999999, "max": 9.399999999999983}, "27": {"mean": 3.539999999999999, "min": 0.8999999999999999, "max": 7.19999999999999}, "28": {"mean": 3.5499999999999994, "min": 2.1000000000000005, "max": 7.499999999999989}, "29": {"mean": 2.750000000000001, "min": 0.9999999999999999, "max": 4.699999999999999}, "30": {"mean": 2.0200000000000005, "min": 0.7999999999999999, "max": 3.4000000000000017}, "31": {"mean": 2.4600000000000004, "min": 0.9999999999999999, "max": 4.5}, "32": {"mean": 1.8199999999999998, "min": 0.8999999999999999, "max": 5.699999999999996}, "33": {"mean": 2.1700000000000004, "min": 0.8999999999999999, "max": 4.899999999999999}, "34": {"mean": 1.95, "min": 0.7999999999999999, "max": 5.1999999999999975}, "35": {"mean": 3.259999999999998, "min": 0.8999999999999999, "max": 9.599999999999982}, "36": {"mean": 2.8400000000000007, "min": 0.8999999999999999, "max": 5.299999999999997}, "37": {"mean": 3.9599999999999986, "min": 0.9999999999999999, "max": 6.399999999999993}, "38": {"mean": 3.4899999999999975, "min": 0.7999999999999999, "max": 11.999999999999973}, "39": {"mean": 5.759999999999996, "min": 3.2000000000000015, "max": 17.099999999999973}, "40": {"mean": 6.289999999999994, "min": 3.0000000000000013, "max": 11.099999999999977}, "41": {"mean": 3.430000000000001, "min": 2.0000000000000004, "max": 5.699999999999996}, "42": {"mean": 5.519999999999994, "min": 2.400000000000001, "max": 12.399999999999972}, "43": {"mean": 5.859999999999992, "min": 0.9999999999999999, "max": 11.399999999999975}, "44": {"mean": 5.499999999999995, "min": 2.2000000000000006, "max": 9.299999999999983}, "45": {"mean": 2.8400000000000003, "min": 1.0999999999999999, "max": 6.099999999999994}, "46": {"mean": 5.159999999999995, "min": 1.8000000000000005, "max": 9.299999999999983}, "47": {"mean": 5.949999999999991, "min": 0.9999999999999999, "max": 10.599999999999978}, "48": {"mean": 5.729999999999994, "min": 2.0000000000000004, "max": 9.299999999999983}, "49": {"mean": 3.1799999999999984, "min": 0.8999999999999999, "max": 8.299999999999986}, "50": {"mean": 6.279999999999992, "min": 2.500000000000001, "max": 11.699999999999974}, "51": {"mean": 7.039999999999988, "min": 0.7999999999999999, "max": 14.399999999999965}, "52": {"mean": 11.169999999999979, "min": 0.9999999999999999, "max": 18.699999999999996}, "53": {"mean": 11.449999999999978, "min": 0.8999999999999999, "max": 17.59999999999998}, "54": {"mean": 11.239999999999984, "min": 4.4, "max": 19.300000000000004}, "55": {"mean": 11.739999999999975, "min": 8.699999999999985, "max": 14.899999999999963}, "56": {"mean": 9.109999999999982, "min": 0.8999999999999999, "max": 14.999999999999963}, "57": {"mean": 13.109999999999975, "min": 0.9999999999999999, "max": 18.39999999999999}, "58": {"mean": 13.849999999999971, "min": 9.199999999999983, "max": 17.999999999999986}, "59": {"mean": 14.029999999999978, "min": 0.9999999999999999, "max": 23.800000000000068}, "60": {"mean": 18.00000000000001, "min": 2.9000000000000012, "max": 29.60000000000015}, "61": {"mean": 20.540000000000028, "min": 14.599999999999964, "max": 31.900000000000183}, "62": {"mean": 18.070000000000014, "min": 1.4000000000000001, "max": 24.500000000000078}, "63": {"mean": 20.940000000000033, "min": 15.099999999999962, "max": 29.50000000000015}, "64": {"mean": 18.289999999999992, "min": 14.999999999999963, "max": 22.40000000000005}, "65": {"mean": 24.230000000000075, "min": 15.69999999999996, "max": 31.400000000000176}, "66": {"mean": 17.210000000000015, "min": 6.699999999999992, "max": 31.00000000000017}, "67": {"mean": 21.450000000000063, "min": 0.8999999999999999, "max": 33.70000000000021}, "68": {"mean": 15.28000000000001, "min": 0.7999999999999999, "max": 27.40000000000012}, "69": {"mean": 21.350000000000037, "min": 12.79999999999997, "max": 30.500000000000163}, "70": {"mean": 20.09000000000002, "min": 13.799999999999967, "max": 24.400000000000077}, "71": {"mean": 19.56000000000001, "min": 16.29999999999996, "max": 26.1000000000001}, "72": {"mean": 20.650000000000098, "min": 0.7999999999999999, "max": 50.00000000000044}, "73": {"mean": 45.1000000000004, "min": 0.9999999999999999, "max": 50.00000000000044}, "74": {"mean": 50.00000000000044, "min": 50.00000000000044, "max": 50.00000000000044}, "75": {"mean": 37.43000000000031, "min": 0.9999999999999999, "max": 50.00000000000044}, "76": {"mean": 40.210000000000356, "min": 0.9999999999999999, "max": 50.00000000000044}, "77": {"mean": 41.030000000000356, "min": 3.600000000000002, "max": 50.00000000000044}, "78": {"mean": 45.080000000000396, "min": 0.7999999999999999, "max": 50.00000000000044}, "79": {"mean": 50.00000000000044, "min": 50.00000000000044, "max": 50.00000000000044}, "80": {"mean": 50.00000000000044, "min": 50.00000000000044, "max": 50.00000000000044}, "81": {"mean": 45.760000000000396, "min": 7.599999999999989, "max": 50.00000000000044}, "82": {"mean": 50.00000000000044, "min": 50.00000000000044, "max": 50.00000000000044}, "83": {"mean": 40.16000000000035, "min": 0.7999999999999999, "max": 50.00000000000044}, "84": {"mean": 45.090000000000394, "min": 0.8999999999999999, "max": 50.00000000000044}, "85": {"mean": 43.04000000000036, "min": 5.4999999999999964, "max": 50.00000000000044}, "86": {"mean": 50.00000000000044, "min": 50.00000000000044, "max": 50.00000000000044}, "87": {"mean": 50.00000000000044, "min": 50.00000000000044, "max": 50.00000000000044}, "88": {"mean": 50.00000000000044, "min": 50.00000000000044, "max": 50.00000000000044}, "89": {"mean": 45.090000000000394, "min": 0.8999999999999999, "max": 50.00000000000044}, "90": {"mean": 50.00000000000044, "min": 50.00000000000044, "max": 50.00000000000044}, "91": {"mean": 45.080000000000396, "min": 0.7999999999999999,