{"0": {"mean": 1.4400000000000002, "min": 0.7999999999999999, "max": 2.800000000000001}, "1": {"mean": 2.3100000000000005, "min": 0.8999999999999999, "max": 3.2000000000000015}, "2": {"mean": 2.200000000000001, "min": 0.7999999999999999, "max": 3.700000000000002}, "3": {"mean": 2.8500000000000014, "min": 1.0999999999999999, "max": 4.100000000000001}, "4": {"mean": 3.0600000000000005, "min": 0.8999999999999999, "max": 5.1999999999999975}, "5": {"mean": 8.430000000000009, "min": 2.0000000000000004, "max": 26.0000000000001}, "6": {"mean": 9.619999999999983, "min": 0.9999999999999999, "max": 17.399999999999977}, "7": {"mean": 12.609999999999982, "min": 5.999999999999995, "max": 18.599999999999994}, "8": {"mean": 14.280000000000006, "min": 6.799999999999992, "max": 39.50000000000029}, "9": {"mean": 15.299999999999992, "min": 9.099999999999984, "max": 25.900000000000098}, "10": {"mean": 14.960000000000004, "min": 1.4000000000000001, "max": 26.1000000000001}, "11": {"mean": 16.81000000000001, "min": 10.29999999999998, "max": 30.20000000000016}, "12": {"mean": 18.140000000000065, "min": 0.8999999999999999, "max": 50.00000000000044}, "13": {"mean": 23.090000000000092, "min": 11.299999999999976, "max": 50.00000000000044}, "14": {"mean": 17.06000000000003, "min": 1.3, "max": 48.60000000000042}, "15": {"mean": 22.450000000000106, "min": 0.8999999999999999, "max": 50.00000000000044}, "16": {"mean": 22.990000000000112, "min": 0.9999999999999999, "max": 50.00000000000044}, "17": {"mean": 25.350000000000144, "min": 0.8999999999999999, "max": 50.00000000000044}, "18": {"mean": 26.450000000000166, "min": 0.7999999999999999, "max": 50.00000000000044}, "19": {"mean": 24.230000000000114, "min": 0.7999999999999999, "max": 50.00000000000044}, "20": {"mean": 32.2100000000002, "min": 11.999999999999973, "max": 50.00000000000044}, "21": {"mean": 34.570000000000256, "min": 0.8999999999999999, "max": 50.00000000000044}, "22": {"mean": 34.73000000000023, "min": 14.599999999999964, "max": 50.00000000000044}, "23": {"mean": 35.760000000000254, "min": 12.499999999999972, "max": 50.00000000000044}, "24": {"mean": 34.31000000000024, "min": 8.399999999999986, "max": 50.00000000000044}}