{"0": {"mean": 16.366666666666667, "min": 9.0, "max": 195.0}, "1": {"mean": 115.56666666666666, "min": 9.0, "max": 500.0}, "2": {"mean": 247.26666666666668, "min": 9.0, "max": 500.0}, "3": {"mean": 450.93333333333334, "min": 132.0, "max": 500.0}, "4": {"mean": 500.0, "min": 500.0, "max": 500.0}, "5": {"mean": 500.0, "min": 500.0, "max": 500.0}, "6": {"mean": 500.0, "min": 500.0, "max": 500.0}, "7": {"mean": 500.0, "min": 500.0, "max": 500.0}, "8": {"mean": 500.0, "min": 500.0, "max": 500.0}, "9": {"mean": 500.0, "min": 500.0, "max": 500.0}, "10": {"mean": 500.0, "min": 500.0, "max": 500.0}, "11": {"mean": 500.0, "min": 500.0, "max": 500.0}, "12": {"mean": 500.0, "min": 500.0, "max": 500.0}, "13": {"mean": 500.0, "min": 500.0, "max": 500.0}, "14": {"mean": 500.0, "min": 500.0, "max": 500.0}, "15": {"mean": 500.0, "min": 500.0, "max": 500.0}, "16": {"mean": 500.0, "min": 500.0, "max": 500.0}, "17": {"mean": 500.0, "min": 500.0, "max": 500.0}, "18": {"mean": 500.0, "min": 500.0, "max": 500.0}, "19": {"mean": 500.0, "min": 500.0, "max": 500.0}, "20": {"mean": 500.0, "min": 500.0, "max": 500.0}, "21": {"mean": 500.0, "min": 500.0, "max": 500.0}, "22": {"mean": 500.0, "min": 500.0, "max": 500.0}, "23": {"mean": 500.0, "min": 500.0, "max": 500.0}, "24": {"mean": 500.0, "min": 500.0, "max": 500.0}}