{"0": {"mean": 16.566666666666666, "min": 8.0, "max": 44.0}, "1": {"mean": 59.1, "min": 9.0, "max": 161.0}, "2": {"mean": 124.83333333333333, "min": 8.0, "max": 500.0}, "3": {"mean": 162.6, "min": 8.0, "max": 500.0}, "4": {"mean": 220.5, "min": 34.0, "max": 500.0}, "5": {"mean": 312.3, "min": 116.0, "max": 500.0}, "6": {"mean": 302.8666666666667, "min": 64.0, "max": 500.0}, "7": {"mean": 425.4, "min": 151.0, "max": 500.0}, "8": {"mean": 422.3333333333333, "min": 139.0, "max": 500.0}, "9": {"mean": 260.2, "min": 125.0, "max": 500.0}}