{"0": {"mean": 1.0799999999999998, "min": 0.7999999999999999, "max": 1.9000000000000006}, "1": {"mean": 1.22, "min": 0.8999999999999999, "max": 1.6000000000000003}, "2": {"mean": 1.7700000000000007, "min": 1.0999999999999999, "max": 4.000000000000002}, "3": {"mean": 2.210000000000001, "min": 0.8999999999999999, "max": 3.800000000000002}, "4": {"mean": 2.610000000000001, "min": 0.9999999999999999, "max": 3.1000000000000014}, "5": {"mean": 2.830000000000001, "min": 2.1000000000000005, "max": 3.3000000000000016}, "6": {"mean": 3.969999999999998, "min": 1.9000000000000006, "max": 8.299999999999986}, "7": {"mean": 6.979999999999988, "min": 0.9999999999999999, "max": 16.29999999999996}, "8": {"mean": 13.419999999999982, "min": 7.39999999999999, "max": 19.900000000000013}, "9": {"mean": 13.869999999999976, "min": 10.29999999999998, "max": 19.70000000000001}, "10": {"mean": 14.869999999999981, "min": 0.9999999999999999, "max": 19.500000000000007}, "11": {"mean": 15.639999999999969, "min": 12.299999999999972, "max": 18.699999999999996}, "12": {"mean": 19.020000000000007, "min": 12.89999999999997, "max": 21.70000000000004}, "13": {"mean": 14.779999999999992, "min": 0.9999999999999999, "max": 22.50000000000005}, "14": {"mean": 18.490000000000002, "min": 13.699999999999967, "max": 23.10000000000006}, "15": {"mean": 14.839999999999998, "min": 0.8999999999999999, "max": 21.600000000000037}, "16": {"mean": 17.27000000000001, "min": 0.8999999999999999, "max": 24.400000000000077}, "17": {"mean": 11.79999999999999, "min": 0.7999999999999999, "max": 21.500000000000036}, "18": {"mean": 17.970000000000013, "min": 0.9999999999999999, "max": 25.100000000000087}, "19": {"mean": 16.879999999999974, "min": 14.899999999999963, "max": 22.200000000000045}, "20": {"mean": 15.550000000000006, "min": 0.8999999999999999, "max": 24.300000000000075}, "21": {"mean": 17.55000000000001, "min": 0.9999999999999999, "max": 23.90000000000007}, "22": {"mean": 16.860000000000024, "min": 0.8999999999999999, "max": 24.500000000000078}, "23": {"mean": 19.20000000000001, "min": 14.399999999999965, "max": 25.600000000000094}, "24": {"mean": 19.51000000000001, "min": 15.89999999999996, "max": 23.700000000000067}, "25": {"mean": 14.329999999999988, "min": 0.8999999999999999, "max": 21.10000000000003}, "26": {"mean": 15.5, "min": 2.1000000000000005, "max": 26.0000000000001}, "27": {"mean": 18.56, "min": 14.999999999999963, "max": 22.300000000000047}, "28": {"mean": 17.19, "min": 0.9999999999999999, "max": 27.40000000000012}, "29": {"mean": 15.809999999999983, "min": 0.9999999999999999, "max": 19.80000000000001}, "30": {"mean": 17.080000000000002, "min": 0.8999999999999999, "max": 24.400000000000077}, "31": {"mean": 18.169999999999998, "min": 14.799999999999963, "max": 24.800000000000082}, "32": {"mean": 18.730000000000025, "min": 2.9000000000000012, "max": 28.000000000000128}, "33": {"mean": 18.38, "min": 13.499999999999968, "max": 26.600000000000108}, "34": {"mean": 18.860000000000003, "min": 15.69999999999996, "max": 22.800000000000054}, "35": {"mean": 18.369999999999994, "min": 14.399999999999965, "max": 21.90000000000004}, "36": {"mean": 18.079999999999995, "min": 13.599999999999968, "max": 22.200000000000045}, "37": {"mean": 18.350000000000016, "min": 4.4, "max": 26.0000000000001}, "38": {"mean": 20.32000000000002, "min": 17.69999999999998, "max": 22.900000000000055}, "39": {"mean": 20.350000000000023, "min": 15.79999999999996, "max": 25.30000000000009}, "40": {"mean": 20.42000000000005, "min": 0.8999999999999999, "max": 50.00000000000044}, "41": {"mean": 32.14000000000023, "min": 0.9999999999999999, "max": 50.00000000000044}, "42": {"mean": 45.1000000000004, "min": 0.9999999999999999, "max": 50.00000000000044}, "43": {"mean": 40.59000000000035, "min": 0.8999999999999999, "max": 50.00000000000044}, "44": {"mean": 50.00000000000044, "min": 50.00000000000044, "max": 50.00000000000044}, "45": {"mean": 44.42000000000039, "min": 0.9999999999999999, "max": 50.00000000000044}, "46": {"mean": 50.00000000000044, "min": 50.00000000000044, "max": 50.00000000000044}, "47": {"mean": 45.68000000000039, "min": 12.99999999999997, "max": 50.00000000000044}, "48": {"mean": 46.53000000000039, "min": 15.299999999999962, "max": 50.00000000000044}, "49": {"mean": 45.090000000000394, "min": 0.8999999999999999, "max": 50.00000000000044}, "50": {"mean": 45.0400000000004, "min": 5.399999999999997, "max": 50.00000000000044}, "51": {"mean": 50.00000000000044, "min": 50.00000000000044, "max": 50.00000000000044}, "52": {"mean": 41.88000000000035, "min": 0.8999999999999999, "max": 50.00000000000044}, "53": {"mean": 45.470000000000404, "min": 4.699999999999999, "max": 50.00000000000044}, "54": {"mean": 45.1000000000004, "min": 0.9999999999999999, "max": 50.00000000000044}, "55": {"mean": 44.87000000000039, "min": 0.8999999999999999, "max": 50.00000000000044}, "56": {"mean": 48.720000000000425, "min": 41.70000000000032, "max": 50.00000000000044}, "57": {"mean": 50.00000000000044, "min": 50.00000000000044, "max": 50.00000000000044}, "58": {"mean": 49.52000000000044, "min": 47.1000000000004, "max": 50.00000000000044}, "59": {"mean": 44.82000000000039, "min": 0.9999999999999999, "max": 50.00000000000044}, "60": {"mean": 40.67000000000036, "min": 0.9999999999999999, "max": 50.00000000000044}, "61": {"mean": 44.96000000000037, "min": 16.699999999999967, "max": 50.00000000000044}, "62": {"mean": 42.470000000000354, "min": 0.9999999999999999, "max": 50.00000000000044}, "63": {"mean": 50.00000000000044, "min": 50.00000000000044, "max": 50.00000000000044}, "64": {"mean": 40.19000000000035, "min": 0.8999999999999999, "max": 50.00000000000044}, "65": {"mean": 42.040000000000354, "min": 1.0999999999999999, "max": 50.00000000000044}, "66": {"mean": 41.34000000000035, "min": 0.9999999999999999, "max": 50.00000000000044}, "67": {"mean": 45.1100000000004, "min": 1.0999999999999999, "max": 50.00000000000044}, "68": {"mean": 50.00000000000044, "min": 50.00000000000044, "max": 50.00000000000044}, "69": {"mean": 45.1000000000004, "min": 0.9999999999999999, "max": 50.00000000000044}, "70": {"mean": 50.00000000000044, "min": 50.00000000000044, "max": 50.00000000000044}, "71": {"mean": 41.56000000000036, "min": 0.8999999999999999, "max": 50.00000000000044}, "72": {"mean": 48.81000000000043, "min": 40.2000000000003, "max": 50.00000000000044}, "73": {"mean": 45.1700000000004, "min": 1.7000000000000004, "max": 50.00000000000044}, "74": {"mean": 50.00000000000044, "min": 50.00000000000044, "max": 50.00000000000044}, "75": {"mean": 35.57000000000029, "min": 0.9999999999999999, "max": 50.00000000000044}, "76": {"mean": 40.72000000000033, "min": 0.9999999999999999, "max": 50.00000000000044}, "77": {"mean": 39.70000000000033, "min": 6.699999999999992, "max": 50.00000000000044}, "78": {"mean": 43.68000000000037, "min": 4.999999999999998, "max": 50.00000000000044}, "79": {"mean": 38.72000000000031, "min": 0.7999999999999999, "max": 50.00000000000044}, "80": {"mean": 50.00000000000044, "min": 50.00000000000044, "max": 50.00000000000044}, "81": {"mean": 40.180000000000355, "min": 0.8999999999999999, "max": 50.00000000000044}, "82": {"mean": 45.1000000000004, "min": 0.9999999999999999, "max": 50.00000000000044}, "83": {"mean": 43.800000000000374, "min": 0.9999999999999999, "max": 50.00000000000044}, "84": {"mean": 45.1000000000004, "min": 0.9999999999999999, "max": 50.00000000000044}, "85": {"mean": 43.63000000000036, "min": 11.399999999999975, "max": 50.00000000000044}, "86": {"mean": 35.27000000000031, "min": 0.7999999999999999, "max": 50.00000000000044}, "87": {"mean": 40.20000000000035, "min": 0.9999999999999999, "max": 50.00000000000044}, "88": {"mean": 46.6700000000004, "min": 16.699999999999967, "max": 50.00000000000044}, "89": {"mean": 40.44000000000035, "min": 0.8999999999999999, "max": 50.00000000000044}, "90": {"mean": 45.080000000000396, "min": 0.7999999999999999, "max": 50.00000000000044}, "91": {"mean": 50.00000000000044, "min": 50.00000000000044,