{"0": {"mean": 31.766666666666666, "min": 8.0, "max": 500.0}, "1": {"mean": 249.93333333333334, "min": 8.0, "max": 500.0}, "2": {"mean": 485.26666666666665, "min": 58.0, "max": 500.0}, "3": {"mean": 500.0, "min": 500.0, "max": 500.0}, "4": {"mean": 500.0, "min": 500.0, "max": 500.0}, "5": {"mean": 490.93333333333334, "min": 432.0, "max": 500.0}, "6": {"mean": 500.0, "min": 500.0, "max": 500.0}, "7": {"mean": 500.0, "min": 500.0, "max": 500.0}, "8": {"mean": 500.0, "min": 500.0, "max": 500.0}, "9": {"mean": 500.0, "min": 500.0, "max": 500.0}, "10": {"mean": 500.0, "min": 500.0, "max": 500.0}, "11": {"mean": 500.0, "min": 500.0, "max": 500.0}, "12": {"mean": 500.0, "min": 500.0, "max": 500.0}, "13": {"mean": 500.0, "min": 500.0, "max": 500.0}, "14": {"mean": 500.0, "min": 500.0, "max": 500.0}, "15": {"mean": 500.0, "min": 500.0, "max": 500.0}, "16": {"mean": 434.26666666666665, "min": 409.0, "max": 500.0}, "17": {"mean": 492.3333333333333, "min": 383.0, "max": 500.0}, "18": {"mean": 500.0, "min": 500.0, "max": 500.0}, "19": {"mean": 500.0, "min": 500.0, "max": 500.0}, "20": {"mean": 500.0, "min": 500.0, "max": 500.0}, "21": {"mean": 500.0, "min": 500.0, "max": 500.0}, "22": {"mean": 500.0, "min": 500.0, "max": 500.0}, "23": {"mean": 500.0, "min": 500.0, "max": 500.0}, "24": {"mean": 498.2, "min": 446.0, "max": 500.0}}