{"0": {"mean": 0.9299999999999999, "min": 0.7999999999999999, "max": 0.9999999999999999}, "1": {"mean": 1.08, "min": 0.7999999999999999, "max": 2.2000000000000006}, "2": {"mean": 1.4700000000000002, "min": 0.7999999999999999, "max": 3.1000000000000014}, "3": {"mean": 1.7200000000000002, "min": 0.7999999999999999, "max": 3.1000000000000014}, "4": {"mean": 4.559999999999994, "min": 0.9999999999999999, "max": 11.699999999999974}, "5": {"mean": 4.999999999999995, "min": 0.8999999999999999, "max": 10.799999999999978}, "6": {"mean": 4.569999999999995, "min": 0.9999999999999999, "max": 13.199999999999969}, "7": {"mean": 13.840000000000018, "min": 0.8999999999999999, "max": 42.30000000000033}, "8": {"mean": 17.980000000000064, "min": 0.7999999999999999, "max": 50.00000000000044}, "9": {"mean": 21.980000000000167, "min": 0.8999999999999999, "max": 50.00000000000044}, "10": {"mean": 22.70000000000018, "min": 0.8999999999999999, "max": 50.00000000000044}, "11": {"mean": 23.67000000000018, "min": 0.8999999999999999, "max": 50.00000000000044}, "12": {"mean": 30.780000000000268, "min": 0.7999999999999999, "max": 50.00000000000044}, "13": {"mean": 18.62000000000013, "min": 0.7999999999999999, "max": 50.00000000000044}, "14": {"mean": 17.320000000000128, "min": 0.8999999999999999, "max": 50.00000000000044}, "15": {"mean": 33.99000000000028, "min": 0.8999999999999999, "max": 50.00000000000044}, "16": {"mean": 27.56000000000022, "min": 0.7999999999999999, "max": 50.00000000000044}, "17": {"mean": 8.680000000000039, "min": 0.7999999999999999, "max": 50.00000000000044}, "18": {"mean": 16.320000000000082, "min": 0.9999999999999999, "max": 50.00000000000044}, "19": {"mean": 16.9200000000001, "min": 0.8999999999999999, "max": 50.00000000000044}, "20": {"mean": 21.910000000000167, "min": 0.7999999999999999, "max": 50.00000000000044}, "21": {"mean": 15.420000000000126, "min": 0.7999999999999999, "max": 50.00000000000044}, "22": {"mean": 29.900000000000222, "min": 0.8999999999999999, "max": 50.00000000000044}, "23": {"mean": 29.700000000000223, "min": 0.7999999999999999, "max": 50.00000000000044}, "24": {"mean": 27.700000000000223, "min": 0.8999999999999999, "max": 50.00000000000044}, "25": {"mean": 21.790000000000177, "min": 0.8999999999999999, "max": 50.00000000000044}, "26": {"mean": 32.940000000000275, "min": 0.9999999999999999, "max": 50.00000000000044}, "27": {"mean": 37.58000000000029, "min": 0.8999999999999999, "max": 50.00000000000044}, "28": {"mean": 23.46000000000017, "min": 0.9999999999999999, "max": 50.00000000000044}, "29": {"mean": 30.820000000000267, "min": 0.7999999999999999, "max": 50.00000000000044}, "30": {"mean": 27.130000000000216, "min": 0.8999999999999999, "max": 50.00000000000044}, "31": {"mean": 28.26000000000022, "min": 0.8999999999999999, "max": 50.00000000000044}, "32": {"mean": 27.950000000000216, "min": 0.8999999999999999, "max": 50.00000000000044}, "33": {"mean": 16.600000000000133, "min": 0.8999999999999999, "max": 50.00000000000044}, "34": {"mean": 22.260000000000172, "min": 0.8999999999999999, "max": 50.00000000000044}, "35": {"mean": 22.690000000000175, "min": 0.7999999999999999, "max": 50.00000000000044}, "36": {"mean": 30.610000000000262, "min": 0.8999999999999999, "max": 50.00000000000044}, "37": {"mean": 30.710000000000264, "min": 0.8999999999999999, "max": 50.00000000000044}, "38": {"mean": 35.400000000000304, "min": 0.8999999999999999, "max": 50.00000000000044}, "39": {"mean": 45.1100000000004, "min": 1.0999999999999999, "max": 50.00000000000044}, "40": {"mean": 26.180000000000224, "min": 0.7999999999999999, "max": 50.00000000000044}, "41": {"mean": 36.74000000000031, "min": 0.8999999999999999, "max": 50.00000000000044}, "42": {"mean": 33.48000000000026, "min": 0.8999999999999999, "max": 50.00000000000044}, "43": {"mean": 16.120000000000125, "min": 0.8999999999999999, "max": 50.00000000000044}, "44": {"mean": 24.720000000000184, "min": 0.8999999999999999, "max": 50.00000000000044}, "45": {"mean": 20.56000000000018, "min": 0.7999999999999999, "max": 50.00000000000044}, "46": {"mean": 31.14000000000026, "min": 0.8999999999999999, "max": 50.00000000000044}, "47": {"mean": 23.840000000000195, "min": 0.8999999999999999, "max": 50.00000000000044}, "48": {"mean": 31.570000000000267, "min": 3.3000000000000016, "max": 50.00000000000044}, "49": {"mean": 35.28000000000031, "min": 0.8999999999999999, "max": 50.00000000000044}, "50": {"mean": 25.77000000000022, "min": 0.8999999999999999, "max": 50.00000000000044}, "51": {"mean": 45.1000000000004, "min": 0.9999999999999999, "max": 50.00000000000044}, "52": {"mean": 25.97000000000022, "min": 0.7999999999999999, "max": 50.00000000000044}, "53": {"mean": 13.380000000000084, "min": 0.8999999999999999, "max": 50.00000000000044}, "54": {"mean": 23.140000000000178, "min": 0.8999999999999999, "max": 50.00000000000044}, "55": {"mean": 15.900000000000134, "min": 0.7999999999999999, "max": 50.00000000000044}, "56": {"mean": 40.19000000000035, "min": 0.8999999999999999, "max": 50.00000000000044}, "57": {"mean": 23.780000000000186, "min": 0.8999999999999999, "max": 50.00000000000044}, "58": {"mean": 27.690000000000218, "min": 0.8999999999999999, "max": 50.00000000000044}, "59": {"mean": 25.690000000000218, "min": 0.7999999999999999, "max": 50.00000000000044}, "60": {"mean": 40.680000000000355, "min": 3.3000000000000016, "max": 50.00000000000044}, "61": {"mean": 31.390000000000253, "min": 0.8999999999999999, "max": 50.00000000000044}, "62": {"mean": 31.65000000000026, "min": 0.8999999999999999, "max": 50.00000000000044}, "63": {"mean": 29.840000000000224, "min": 0.8999999999999999, "max": 50.00000000000044}, "64": {"mean": 24.050000000000193, "min": 0.9999999999999999, "max": 50.00000000000044}, "65": {"mean": 30.32000000000024, "min": 0.8999999999999999, "max": 50.00000000000044}, "66": {"mean": 21.22000000000016, "min": 0.8999999999999999, "max": 50.00000000000044}, "67": {"mean": 11.860000000000088, "min": 0.7999999999999999, "max": 50.00000000000044}, "68": {"mean": 33.18000000000027, "min": 0.9999999999999999, "max": 50.00000000000044}, "69": {"mean": 28.140000000000224, "min": 0.8999999999999999, "max": 50.00000000000044}, "70": {"mean": 35.29000000000031, "min": 0.8999999999999999, "max": 50.00000000000044}, "71": {"mean": 24.3000000000002, "min": 0.8999999999999999, "max": 50.00000000000044}, "72": {"mean": 22.190000000000175, "min": 0.7999999999999999, "max": 50.00000000000044}, "73": {"mean": 27.700000000000223, "min": 0.8999999999999999, "max": 50.00000000000044}, "74": {"mean": 8.75000000000006, "min": 0.7999999999999999, "max": 50.00000000000044}, "75": {"mean": 22.500000000000178, "min": 0.8999999999999999, "max": 50.00000000000044}, "76": {"mean": 30.370000000000267, "min": 0.7999999999999999, "max": 50.00000000000044}, "77": {"mean": 31.900000000000254, "min": 0.8999999999999999, "max": 50.00000000000044}, "78": {"mean": 37.86000000000031, "min": 2.800000000000001, "max": 50.00000000000044}, "79": {"mean": 26.050000000000193, "min": 0.8999999999999999, "max": 50.00000000000044}, "80": {"mean": 21.800000000000175, "min": 0.7999999999999999, "max": 50.00000000000044}, "81": {"mean": 35.640000000000285, "min": 0.8999999999999999, "max": 50.00000000000044}, "82": {"mean": 30.950000000000266, "min": 0.7999999999999999, "max": 50.00000000000044}, "83": {"mean": 22.060000000000173, "min": 0.8999999999999999, "max": 50.00000000000044}, "84": {"mean": 38.75000000000033, "min": 2.0000000000000004, "max": 50.00000000000044}, "85": {"mean": 25.980000000000217, "min": 0.7999999999999999, "max": 50.00000000000044}, "86": {"mean": 35.11000000000026, "min": 1.2, "max": 50.00000000000044}, "87": {"mean": 14.390000000000082, "min": 0.8999999999999999, "max": 50.00000000000044}, "88": {"mean": 39.40000000000031, "min": 0.9999999999999999, "max": 50.00000000000044}, "89": {"mean": 30.380000000000262, "min": 0.8999999999999999, "max": 50.00000000000044}, "90": {"mean": 27.100000000000215, "min": 0.7999999999999999,