{"0": {"mean": -10.898996247568835, "min": -11.666265011440839, "max": -10.773543027644916}, "1": {"mean": -10.895933367780007, "min": -11.799928719163749, "max": -10.793155858249651}, "2": {"mean": -10.644016188660803, "min": -11.66111096512905, "max": -5.690082571727901}, "3": {"mean": -10.803295687524102, "min": -10.938868514531976, "max": -10.756808727554356}, "4": {"mean": -10.855936945136145, "min": -11.978109600719126, "max": -10.74903944319648}, "5": {"mean": -10.831534587894932, "min": -11.388038761800964, "max": -10.749424897706632}, "6": {"mean": -10.778314757940613, "min": -10.822155931982833, "max": -10.533972124967475}, "7": {"mean": -10.645067110758985, "min": -10.801649522332971, "max": -10.430185453252557}, "8": {"mean": -10.11781943093646, "min": -10.547216050305092, "max": -3.286783773093203}, "9": {"mean": -7.218248008221389, "min": -11.73130608888225, "max": -3.20148380605474}, "10": {"mean": -3.2456334300946237, "min": -3.526053606047338, "max": -2.822538362944316}, "11": {"mean": -3.0572132789473465, "min": -3.2269369404413473, "max": -2.8156291881075104}, "12": {"mean": -3.6888370844886893, "min": -11.04264506469611, "max": -2.7671385347355755}, "13": {"mean": -2.803668673576065, "min": -3.090631552658142, "max": -2.1581385332116003}, "14": {"mean": -2.9689875371583048, "min": -10.207317388558621, "max": -2.169907619435389}, "15": {"mean": -3.553186514971346, "min": -10.449631396639898, "max": -2.1528621009851086}, "16": {"mean": -2.978341194475262, "min": -10.37775461065229, "max": -2.1461100139112954}, "17": {"mean": -2.7493344274468745, "min": -10.840077427538546, "max": -2.1457858562663534}, "18": {"mean": -2.5504342322897395, "min": -4.953067696598206, "max": -2.130129739687281}, "19": {"mean": -2.413100222407172, "min": -2.9829307171213553, "max": -2.1487893041204726}, "20": {"mean": -2.990164789500438, "min": -10.16526054606804, "max": -2.1441522431720315}, "21": {"mean": -2.5948920519535106, "min": -4.681026320475962, "max": -2.1474414965059134}, "22": {"mean": -3.317620165978976, "min": -10.349145573107045, "max": -2.1231820118114846}, "23": {"mean": -2.501845306214722, "min": -3.0074390412386447, "max": -2.1527347809207398}, "24": {"mean": -2.845036638223984, "min": -9.701660854130228, "max": -2.1336185305928264}}