{"0": {"mean": -11.233330269838676, "min": -11.955430255891072, "max": -10.815176329336378}, "1": {"mean": -11.237458888939612, "min": -11.750114084905883, "max": -10.791941786627037}, "2": {"mean": -10.913316217710731, "min": -11.433770418731806, "max": -10.524818196602352}, "3": {"mean": -10.940226055250033, "min": -11.43414597921769, "max": -10.471232001386396}, "4": {"mean": -10.832598134733116, "min": -11.432406713406804, "max": -10.40472147443453}, "5": {"mean": -10.92261526313113, "min": -11.433903805159964, "max": -10.455692758402662}, "6": {"mean": -10.92931336316477, "min": -11.438596280931558, "max": -10.447001485111628}, "7": {"mean": -10.830682800772976, "min": -11.433842280558746, "max": -10.464234126606833}, "8": {"mean": -10.885200966878667, "min": -11.432979517707167, "max": -10.443531966655577}, "9": {"mean": -10.800121445119478, "min": -11.431684330643403, "max": -10.453176727003232}, "10": {"mean": -10.803606845209824, "min": -11.475281320707687, "max": -10.452885119783382}, "11": {"mean": -10.764597982600367, "min": -11.715730599491732, "max": -10.453417586307848}, "12": {"mean": -10.41440646537406, "min": -11.432766570950735, "max": -5.742228559737082}, "13": {"mean": -10.647213143666338, "min": -11.430751312555186, "max": -10.452688182007398}, "14": {"mean": -10.61219512769959, "min": -11.421047984486135, "max": -10.461540736239838}, "15": {"mean": -10.582760132763003, "min": -11.627064799630144, "max": -3.2710329594232705}, "16": {"mean": -6.978104728947311, "min": -11.431425282866632, "max": -3.217911605039011}, "17": {"mean": -3.986849431268792, "min": -10.51240707515385, "max": -3.118188357593531}, "18": {"mean": -3.1605410470395094, "min": -3.2747498049580424, "max": -2.5548433377567163}}