{"0": {"mean": -11.034235689210487, "min": -11.968994425501549, "max": -9.685214787650356}, "1": {"mean": -10.381093589234286, "min": -11.892711152905227, "max": -9.298562846933669}, "2": {"mean": -9.57854688652009, "min": -9.874431710605045, "max": -9.240704388064744}, "3": {"mean": -9.131172055182482, "min": -10.212330088527628, "max": -1.331389522963492}, "4": {"mean": -9.320921072330906, "min": -11.678444316713897, "max": -1.4315223131356045}, "5": {"mean": -7.651967491280978, "min": -11.13927763304292, "max": -0.9678505672562994}, "6": {"mean": -6.496170341705053, "min": -11.190617537500481, "max": -0.9739441184505775}, "7": {"mean": -5.096137061714225, "min": -11.769457985812329, "max": -0.9737398290316106}, "8": {"mean": -4.376796215383148, "min": -11.79620447029397, "max": -0.9447193297628652}, "9": {"mean": -4.107671518541325, "min": -10.929162495408976, "max": -0.8508502927766759}, "10": {"mean": -4.149530656254562, "min": -11.185355956712487, "max": -0.9126127508382653}, "11": {"mean": -3.265563469665719, "min": -10.237056774777159, "max": -0.7023796614090232}, "12": {"mean": -3.5208337986865836, "min": -11.61445743039924, "max": -0.5996441120608561}, "13": {"mean": -5.362916344826977, "min": -11.151185238314518, "max": -0.5002909548486768}, "14": {"mean": -5.384288013894249, "min": -11.801743772413325, "max": -0.1392248525471752}, "15": {"mean": -6.575457360655436, "min": -11.172381395282299, "max": 0.13339874278915168}, "16": {"mean": -7.746304001104578, "min": -11.745354458670773, "max": -0.3972188087910612}, "17": {"mean": -5.186168142692308, "min": -11.215093972913687, "max": -0.3171503311370036}, "18": {"mean": -5.5202549263481195, "min": -11.253615202374666, "max": -0.27862417384878585}, "19": {"mean": -7.8978906479134805, "min": -12.198852222953672, "max": -0.2212204695964322}, "20": {"mean": -6.3187080271023275, "min": -11.924962671616527, "max": -0.18829915784721427}, "21": {"mean": -9.567752674815889, "min": -11.241995040508844, "max": -0.5056945267314984}, "22": {"mean": -7.509766226151838, "min": -11.283678511556184, "max": -0.059803625665115226}, "23": {"mean": -7.778563665667258, "min": -11.254272766363094, "max": 0.21220870573593617}, "24": {"mean": -9.910219324383403, "min": -11.31063895741231, "max": -9.222867662726685}, "25": {"mean": -9.194820084981622, "min": -11.419990537210804, "max": 0.05665129054822121}, "26": {"mean": -10.07620596006784, "min": -11.357547213541917, "max": 0.7866931253104791}, "27": {"mean": -10.279751156002746, "min": -11.364448342580161, "max": 0.7776228275052318}, "28": {"mean": -8.212721240094256, "min": -11.32005846597951, "max": 0.7744309704883118}, "29": {"mean": -6.317296256455387, "min": -11.50398940227599, "max": 0.7844214805285054}, "30": {"mean": -5.710454980574616, "min": -11.303869072845256, "max": 0.7856059054434311}, "31": {"mean": -4.622595702169466, "min": -11.328947240263824, "max": 0.785919309131329}, "32": {"mean": -6.9631914373348085, "min": -11.79132814346036, "max": 0.8068813624772858}, "33": {"mean": -6.384046998891252, "min": -11.636475442831834, "max": 0.7847944292938351}, "34": {"mean": -6.441880437505316, "min": -11.397243212090439, "max": 0.7656400058843732}, "35": {"mean": -3.959242776901629, "min": -11.318915139081918, "max": 0.7798879299624858}, "36": {"mean": -4.137310850669402, "min": -11.451940079115976, "max": 0.7844641927436082}, "37": {"mean": -2.7471546102680438, "min": -11.43452404255341, "max": 0.7864612725277086}, "38": {"mean": -4.988171981836255, "min": -11.450339482434705, "max": 0.780083475986298}, "39": {"mean": -3.9891760954018936, "min": -11.330610475020265, "max": 0.7792857085026903}, "40": {"mean": -5.851534815477899, "min": -11.47048823047769, "max": 0.7879464830750375}, "41": {"mean": -4.731279101307868, "min": -11.546141200975727, "max": 0.7821991352790036}, "42": {"mean": -2.251864118378407, "min": -11.259772143297793, "max": 0.7839032013216674}, "43": {"mean": -5.201410989839131, "min": -11.492364044217066, "max": 0.7867174165961228}, "44": {"mean": -2.8433932959093666, "min": -11.429211884873412, "max": 0.7915000342851616}, "45": {"mean": -3.3227436738790517, "min": -11.279288697725065, "max": 0.7973540981865322}, "46": {"mean": -2.9284126361072795, "min": -11.396589091043184, "max": 0.7912034737119956}, "47": {"mean": -7.02868768947135, "min": -11.559657512746742, "max": 0.7774895188491403}, "48": {"mean": -1.5215157814179576, "min": -11.268084910772272, "max": 0.7944039499729166}, "49": {"mean": -2.387616470511668, "min": -11.298545299682882, "max": 0.7947972739115386}, "50": {"mean": -2.0820248129124774, "min": -11.43645662623485, "max": 0.796214481256534}, "51": {"mean": -5.0593280889784324, "min": -11.34709359841269, "max": 0.789414593930671}, "52": {"mean": -1.6941447304682646, "min": -11.310887410182549, "max": 0.7919710367862574}, "53": {"mean": -3.020355370698243, "min": -11.413136968435609, "max": 0.794369935644678}, "54": {"mean": -3.8989335128561406, "min": -11.299503184638072, "max": 0.8326114467794529}, "55": {"mean": -1.0995672675398978, "min": -11.374710573910622, "max": 0.7960282498266417}, "56": {"mean": -2.2125365872243763, "min": -11.568850796858555, "max": 0.8025385858076396}, "57": {"mean": -2.9728642117359096, "min": -11.522619843418395, "max": 0.833061827889834}, "58": {"mean": -3.8759201190914068, "min": -11.619693592266115, "max": 0.800181111730291}, "59": {"mean": -3.915248738716387, "min": -11.423614002808392, "max": 0.8312386787514617}, "60": {"mean": -2.831358347382697, "min": -11.524361536735208, "max": 0.8135932353029246}, "61": {"mean": -1.4612659027271755, "min": -11.405757741474266, "max": 0.7959412281758835}, "62": {"mean": -3.0032194247940973, "min": -11.7478330810502, "max": 0.7842256751037631}, "63": {"mean": -3.153579638354028, "min": -11.153688029402291, "max": 0.7962815059335012}, "64": {"mean": -2.8806508547954084, "min": -11.322394646975871, "max": 0.7992177216208116}, "65": {"mean": -3.615889558968631, "min": -11.45609992966011, "max": 0.8184111021721481}, "66": {"mean": -3.977569657941264, "min": -11.793052336693446, "max": 0.7800933441300625}, "67": {"mean": -4.040796042827714, "min": -11.376641262752875, "max": 0.7999263667182429}, "68": {"mean": -3.2370291560200046, "min": -11.431967635318609, "max": 0.8148459832044275}, "69": {"mean": -2.755729744494136, "min": -11.395226898668188, "max": 0.7954203207808914}, "70": {"mean": -4.523840514395371, "min": -11.584441938260953, "max": 0.7913395541092374}, "71": {"mean": -3.430960178060596, "min": -11.345128611635664, "max": 0.7904887275889504}, "72": {"mean": -4.642722002745027, "min": -11.32600875502041, "max": 0.784692155926268}, "73": {"mean": -1.0579412214787312, "min": -11.193984648008438, "max": 0.7966036469308222}, "74": {"mean": -3.8221418563024314, "min": -11.374884130157769, "max": 0.7921646026314255}, "75": {"mean": -5.201352148803425, "min": -11.443047934412082, "max": 0.7808961078795674}, "76": {"mean": -3.9410541204592917, "min": -11.712361172450315, "max": 0.7908746805433449}, "77": {"mean": -5.101811632206475, "min": -11.619711607970235, "max": 0.7864407723015077}, "78": {"mean": -3.3834865687503033, "min": -11.686850401866, "max": 0.7937637323733525}, "79": {"mean": -1.0211357008838238, "min": -11.168153731542024, "max": 0.7937779546072553}, "80": {"mean": -2.3957872480269637, "min": -11.577124862970475, "max": 0.7809934463803553}, "81": {"mean": -2.3177872319430715, "min": -11.476175080383547, "max": 0.7934197920670147}, "82": {"mean": -5.636023748158277, "min": -11.413373062898334, "max": 0.7915731464968998}, "83": {"mean": -3.4156831924088693, "min": -11.521601661199815, "max": 0.7884813201451777}, "84": {"mean": -1.7266830480116528, "min": -11.33256100996163, "max": 0.7902670493983563}, "85": {"mean": -6.323694593787652, "min": -11.39687815107525, "max": 0.7906275794895893}, "86": {"mean": -2.6737580735261526, "min": -11.483178931110444, "max": 0.7832039394425985}, "87": {"mean": -1.647288545545797, "min": -11.376881134198424,