{"0": {"mean": -11.211750792989234, "min": -11.984877052306944, "max": -10.873560074466901}, "1": {"mean": -10.892919871203926, "min": -11.004004799431563, "max": -10.707229030110998}, "2": {"mean": -10.97539635854331, "min": -11.964868525218717, "max": -10.71728769168084}, "3": {"mean": -8.241727197517282, "min": -10.798106639408072, "max": -4.51454803914685}, "4": {"mean": -7.464949174879178, "min": -10.714216570485508, "max": -3.0217356841130596}, "5": {"mean": -6.2394499315579, "min": -10.710731847498131, "max": -2.9492308073897617}, "6": {"mean": -3.01549221464579, "min": -3.028801360384007, "max": -3.0003199629613717}, "7": {"mean": -3.843709752020648, "min": -11.249739442345252, "max": -2.958833125871435}, "8": {"mean": -3.782626383057598, "min": -10.733431662348657, "max": -3.000687372324595}, "9": {"mean": -3.003501366590931, "min": -3.02076519445133, "max": -2.9728625971137044}, "10": {"mean": -3.0008249616864284, "min": -3.027281482860355, "max": -2.977747025010347}, "11": {"mean": -3.8836977567742794, "min": -11.477440932988143, "max": -2.96132544251059}, "12": {"mean": -2.905594319422287, "min": -2.997716249876301, "max": -2.782804550776228}, "13": {"mean": -5.4157047943524, "min": -11.580389216268497, "max": -2.7386886045484116}, "14": {"mean": -5.441001173473986, "min": -12.18835128275378, "max": -2.806776498315296}, "15": {"mean": -6.391954586682677, "min": -12.302979197625117, "max": -2.769795079670575}, "16": {"mean": -2.839950821153275, "min": -3.0527033521422857, "max": -2.765104245277579}, "17": {"mean": -6.268563692738633, "min": -11.597306686581422, "max": -2.652127768647869}, "18": {"mean": -3.628646141893892, "min": -11.534735600940914, "max": -2.6157677302338556}, "19": {"mean": -9.785044793704076, "min": -12.29044288371488, "max": -2.6404265334713455}, "20": {"mean": -3.5515310417389627, "min": -11.544806798291454, "max": -2.6199034071525977}, "21": {"mean": -9.7054141007555, "min": -11.629930463503673, "max": -2.605261701163323}, "22": {"mean": -3.491116449676632, "min": -11.550384684939651, "max": -2.453793587109361}, "23": {"mean": -6.944814008421341, "min": -11.487260819480476, "max": -2.382054797903591}, "24": {"mean": -3.4320126497031183, "min": -12.131293899299274, "max": -2.3919757839096008}, "25": {"mean": -3.309022175744146, "min": -11.452264384903309, "max": -2.3901172302449223}, "26": {"mean": -2.452645928945872, "min": -2.5641350804358516, "max": -2.3904712431596398}, "27": {"mean": -3.4016433850765586, "min": -12.248926861286783, "max": -2.383065168493124}, "28": {"mean": -2.4281066353205385, "min": -2.5089932537812416, "max": -2.3833775104749217}, "29": {"mean": -3.348249393706607, "min": -11.810011863441083, "max": -2.3534465549348127}, "30": {"mean": -2.4184541708446146, "min": -2.498478186495222, "max": -2.287912252681065}, "31": {"mean": -6.18695510442048, "min": -12.186190472455664, "max": -2.224037517651928}, "32": {"mean": -2.257480555292567, "min": -2.3096438262337062, "max": -2.237513360322461}, "33": {"mean": -2.251965191299397, "min": -2.284358986741577, "max": -2.2303736352919583}, "34": {"mean": -2.26115676543322, "min": -2.2917457986151155, "max": -2.2336934820809353}, "35": {"mean": -3.2388467520748714, "min": -12.185260909208118, "max": -2.2218578574196033}, "36": {"mean": -2.3378669916333297, "min": -3.0009390413490786, "max": -2.2043665507587016}, "37": {"mean": -3.2242622539408954, "min": -12.211999564705666, "max": -2.188699036001562}, "38": {"mean": -2.3814854068671556, "min": -3.75347151881261, "max": -2.201648012295136}, "39": {"mean": -2.221622008272275, "min": -2.3369429071524306, "max": -2.1900223962213796}, "40": {"mean": -2.217858903675402, "min": -2.2864440916593862, "max": -2.196299419687607}, "41": {"mean": -3.117348732564113, "min": -11.470316718765439, "max": -2.0263416443547584}, "42": {"mean": -2.327688595776837, "min": -3.308957479100613, "max": -2.09161445708346}, "43": {"mean": -6.839562535227907, "min": -11.484674397466076, "max": -2.1962844207604597}, "44": {"mean": -2.2192562233477244, "min": -2.246517885966158, "max": -2.204557889121517}, "45": {"mean": -2.205387456583928, "min": -2.2310113971554637, "max": -2.1608976542282154}, "46": {"mean": -2.2392345897082313, "min": -2.474796082598158, "max": -2.165093846805025}, "47": {"mean": -4.000606964731466, "min": -11.318602307249769, "max": -2.159202207528213}, "48": {"mean": -3.116544080386986, "min": -11.483464124912752, "max": -2.1516102796841277}, "49": {"mean": -3.1174002507367105, "min": -11.34050208205861, "max": -2.1526517703743924}, "50": {"mean": -2.201770792000805, "min": -2.354132002488069, "max": -2.1695306479145473}, "51": {"mean": -3.1275881548857507, "min": -11.682031662008725, "max": -2.1560550730202706}, "52": {"mean": -2.1788773085823023, "min": -2.2132461850615854, "max": -2.1512952981777342}, "53": {"mean": -2.1756378867895974, "min": -2.241995594676606, "max": -2.1505360125277866}, "54": {"mean": -3.1966172582937795, "min": -12.239936449755511, "max": -2.1595170134723443}, "55": {"mean": -2.1712127191486976, "min": -2.1854898386852875, "max": -2.1544079185853624}, "56": {"mean": -2.184943383095221, "min": -2.2059743897898847, "max": -2.1721589968128305}, "57": {"mean": -4.2081491456845255, "min": -12.363182665909864, "max": -2.1519345922707984}, "58": {"mean": -2.1797325473766094, "min": -2.199672781320384, "max": -2.156747637973812}, "59": {"mean": -2.1829587311505967, "min": -2.301522515053128, "max": -2.1589381157494096}, "60": {"mean": -2.174484257756979, "min": -2.202631388619737, "max": -2.1532816135916066}, "61": {"mean": -2.174366988133924, "min": -2.205363922479586, "max": -2.153186372255794}, "62": {"mean": -2.1863547149055753, "min": -2.2331223455231357, "max": -2.1555576500515143}, "63": {"mean": -2.1830298411127123, "min": -2.2176660473367025, "max": -2.1527089808438715}, "64": {"mean": -3.0987596440534015, "min": -11.441857339798279, "max": -2.1555765803213305}, "65": {"mean": -2.173737231278945, "min": -2.234121575417535, "max": -2.1537735620966605}, "66": {"mean": -2.9784234102831677, "min": -10.256535994416975, "max": -2.1504281300844514}, "67": {"mean": -3.1068405670487924, "min": -11.466486640605279, "max": -2.1519434031085463}, "68": {"mean": -2.1917383589302784, "min": -2.3212966568623186, "max": -2.1570042031562635}, "69": {"mean": -2.1794799052817395, "min": -2.1972069204888123, "max": -2.1550362336411055}, "70": {"mean": -2.1704282996889583, "min": -2.1771323475333952, "max": -2.156618342549568}, "71": {"mean": -2.178102281790862, "min": -2.223464845837814, "max": -2.1580304714887646}, "72": {"mean": -2.043418611330144, "min": -2.203192153904932, "max": -0.8130702168734173}, "73": {"mean": -1.499542555379657, "min": -2.193879793101688, "max": -0.8179605561493503}, "74": {"mean": -0.8064521042017418, "min": -0.8183277328368331, "max": -0.7955418709362213}, "75": {"mean": -0.8088181501041338, "min": -0.8449518816905697, "max": -0.7644156029225122}, "76": {"mean": -0.8109588660257598, "min": -0.8232103474984149, "max": -0.8010454022498936}, "77": {"mean": -0.7806464915943931, "min": -0.8247527985594572, "max": -0.6086836942449511}, "78": {"mean": -1.7223560632954176, "min": -11.467664623038152, "max": -0.4991157795469543}, "79": {"mean": -0.5158585558461335, "min": -0.5757995992415036, "max": -0.4587354958308947}, "80": {"mean": -0.7622891424844578, "min": -3.2126663216781925, "max": -0.46879467403631886}, "81": {"mean": -0.5023784772395329, "min": -0.5582546085637311, "max": -0.4522205635695822}, "82": {"mean": -0.4975766900713957, "min": -0.536947182790652, "max": -0.46429911698831666}, "83": {"mean": -1.7958295620379932, "min": -11.44181669514499, "max": -0.3773028938514806}, "84": {"mean": -0.4229623528830147, "min": -0.5191915467964402, "max": -0.30675809942342736}, "85": {"mean": -0.38079483724009733, "min": -0.44331063639200635, "max": -0.33263551400676594}, "86": {"mean": -0.3588763716464173, "min": -0.40041461732558187, "max": -0.3067725167797771},