{"0": {"mean": -10.932437750010408, "min": -11.597918176356144, "max": -10.771218507724939}, "1": {"mean": -11.174302166328168, "min": -12.033028805744959, "max": -10.743747945923964}, "2": {"mean": -10.89366773639238, "min": -11.964589115996286, "max": -10.731111719535011}, "3": {"mean": -10.740775601427075, "min": -10.759507017916139, "max": -10.707667292242032}, "4": {"mean": -10.7926274686907, "min": -11.387153665266869, "max": -10.706371739767864}, "5": {"mean": -10.725107800710212, "min": -10.790168803514113, "max": -10.696468458146969}, "6": {"mean": -10.280897070345517, "min": -10.940473371177994, "max": -5.844223727877258}, "7": {"mean": -10.899429345670352, "min": -12.019438183440656, "max": -10.70610645707065}, "8": {"mean": -10.88415711839705, "min": -11.842469193505092, "max": -10.700204034936988}, "9": {"mean": -10.810696791470388, "min": -11.501008215533849, "max": -10.695556011916945}, "10": {"mean": -10.810024818020388, "min": -11.547169818590582, "max": -10.708059965236671}, "11": {"mean": -10.833212461317625, "min": -11.767821300279852, "max": -10.613876235575725}, "12": {"mean": -10.810327094591766, "min": -11.846538807346068, "max": -10.573430184930036}, "13": {"mean": -6.950772108613026, "min": -10.80272638151329, "max": -2.9454335609531417}, "14": {"mean": -6.212649896538091, "min": -11.727727346471216, "max": -2.263459828139728}, "15": {"mean": -3.381936253446066, "min": -11.229884135311279, "max": -1.3440460696078473}, "16": {"mean": -5.168280586193754, "min": -11.701863858718985, "max": -2.267309336511266}, "17": {"mean": -3.1121210212280204, "min": -10.523319836025141, "max": -2.259640529480478}, "18": {"mean": -3.8757669787580697, "min": -10.434304026507911, "max": -1.9898253219370454}, "19": {"mean": -2.154225890611049, "min": -2.3200771659498254, "max": -1.947691241772082}, "20": {"mean": -5.41968822618111, "min": -11.746567087836114, "max": -1.9487627312090399}, "21": {"mean": -3.1560171200299854, "min": -10.183171530402404, "max": -1.9399391594549915}, "22": {"mean": -5.347772890199328, "min": -10.448387548954148, "max": -1.949013315266304}, "23": {"mean": -3.686291915291855, "min": -11.114257170788456, "max": -1.8111754752984788}, "24": {"mean": -4.711000502445037, "min": -11.409233515590678, "max": -1.9483484688582946}, "25": {"mean": -3.6692243728957785, "min": -10.545078038877955, "max": -1.9473031627128317}, "26": {"mean": -3.678177365800709, "min": -10.537217384288677, "max": -1.92507364349804}, "27": {"mean": -4.014643026968929, "min": -10.45299741834208, "max": -1.951873809357206}, "28": {"mean": -5.3582626013243635, "min": -10.48386453915066, "max": -1.9516320881599927}, "29": {"mean": -4.400833247554142, "min": -10.413630466432933, "max": -1.9216638942991988}, "30": {"mean": -6.342473500479208, "min": -11.825430710357278, "max": -1.9275755793338742}, "31": {"mean": -4.584305474452851, "min": -10.8364833502016, "max": -1.9259158591470138}, "32": {"mean": -4.808981096032784, "min": -10.66328121250989, "max": -1.9308722952911892}, "33": {"mean": -3.6396294445528206, "min": -10.468080780541866, "max": -1.1966612266324372}, "34": {"mean": -2.3555900636972926, "min": -10.479584303393835, "max": -1.0312212153527331}, "35": {"mean": -2.0578131678710485, "min": -11.078035317782689, "max": -1.026868180178875}, "36": {"mean": -9.259414774375916, "min": -11.691997926487122, "max": -1.0231075263704639}, "37": {"mean": -10.806271227914426, "min": -11.578233468412343, "max": -10.171100022549053}, "38": {"mean": -9.548951036500174, "min": -11.588837481912972, "max": -1.5435041991901388}, "39": {"mean": -10.171696571711363, "min": -10.287904552452428, "max": -10.133336089306539}, "40": {"mean": -8.501570719218803, "min": -10.620501067040099, "max": -1.537321446244679}, "41": {"mean": -9.473065873805613, "min": -11.11191702799563, "max": -1.960394367465564}, "42": {"mean": -7.6314102344285, "min": -10.16713247009151, "max": -1.187446371079074}, "43": {"mean": -10.22158202813495, "min": -10.615744739840585, "max": -10.127955604080462}, "44": {"mean": -6.71335906771863, "min": -10.218151312179858, "max": -1.191867114000273}, "45": {"mean": -10.173799988658661, "min": -10.266168267358003, "max": -10.126824995270143}, "46": {"mean": -6.505230359913073, "min": -11.510377851631542, "max": -1.2660624142368124}, "47": {"mean": -10.23317096528772, "min": -10.793098810070497, "max": -10.136885794467723}, "48": {"mean": -7.471221215078273, "min": -10.230722353750455, "max": -1.4970212609494975}, "49": {"mean": -10.271446183048417, "min": -10.816262457936507, "max": -10.120916244131005}, "50": {"mean": -5.509300757516983, "min": -11.312158873907006, "max": -1.5230062311889578}, "51": {"mean": -10.176733543371402, "min": -10.383302552739652, "max": -9.990738999371189}, "52": {"mean": -6.398453848194566, "min": -11.296480529290175, "max": -1.7169408671351345}, "53": {"mean": -10.077157145218964, "min": -10.615510960766885, "max": -9.982351865573103}, "54": {"mean": -3.501217686742598, "min": -10.528938919833541, "max": -1.7157216790117638}, "55": {"mean": -6.119730728617669, "min": -11.255616693037975, "max": -1.3995002094423838}, "56": {"mean": -2.5259817851126227, "min": -10.175700342864685, "max": -1.4710340614508743}, "57": {"mean": -3.571024193186419, "min": -11.443257660406683, "max": -1.3732976988852985}, "58": {"mean": -1.6881402726217452, "min": -1.8996719999643477, "max": -0.7798091901475519}, "59": {"mean": -3.892278447336885, "min": -10.376635254676968, "max": -0.6541175988716857}, "60": {"mean": -2.749114878309437, "min": -10.497076142053082, "max": -0.5628038388955507}, "61": {"mean": -1.9134141358611507, "min": -11.192253509701475, "max": -0.4925898068509682}, "62": {"mean": -2.725197963840807, "min": -11.17453500589644, "max": -0.4278560648805089}, "63": {"mean": -1.9519398787970421, "min": -11.244769766460943, "max": -0.3317089769199595}, "64": {"mean": -1.5404986629317239, "min": -11.384848318370164, "max": -0.17528469024617904}, "65": {"mean": -3.779830590350426, "min": -11.485635046262672, "max": -0.2765286183010884}, "66": {"mean": -1.4241951326393127, "min": -9.742089251182632, "max": -0.30779397945444825}, "67": {"mean": -0.46014502060029666, "min": -0.7410507373762665, "max": -0.23546610814273833}, "68": {"mean": -2.088609898421889, "min": -8.840461113883405, "max": 0.018433737960876325}, "69": {"mean": -3.210131974637478, "min": -11.282109384875309, "max": 0.07457540447402562}, "70": {"mean": -5.271079359853415, "min": -12.151450058506743, "max": -0.08925064800221887}, "71": {"mean": -2.6056146273716205, "min": -11.88357240830248, "max": -0.003947559186478191}, "72": {"mean": -4.251259841904495, "min": -11.587311576438605, "max": -0.09794744045805769}, "73": {"mean": -2.108084192226579, "min": -10.353657524838678, "max": 0.17609330193457276}, "74": {"mean": -3.6542549468054006, "min": -11.64829639055878, "max": -0.12291987816180688}, "75": {"mean": -3.227680405394314, "min": -11.248977217778421, "max": 0.16212597412244997}, "76": {"mean": -2.7710912425650953, "min": -10.481593192857485, "max": 0.30049199583063835}, "77": {"mean": -0.2566995195748242, "min": -0.5581848520967126, "max": 0.09585634815753058}, "78": {"mean": -1.1481998310781925, "min": -10.19643136740638, "max": 0.14348440833685608}, "79": {"mean": -3.5602446594215764, "min": -11.719279256820235, "max": -0.07092403748456175}, "80": {"mean": -4.313867870795782, "min": -11.225754086909646, "max": 0.061886393739377835}, "81": {"mean": -1.272594875534881, "min": -10.929021092005765, "max": 0.3498678758996382}, "82": {"mean": -2.3707575742330755, "min": -11.23911296373844, "max": 0.2489605165629403}, "83": {"mean": -2.686243795887525, "min": -11.071849802733414, "max": 0.12657439790207947}, "84": {"mean": -2.012884697080632, "min": -11.368089091630772, "max": 0.09712363606961363}, "85": {"mean": -1.0393025959085567, "min": -10.052601110128517, "max": 0.4689627528540858}, "86": {"mean": -2.3877093047416933, "min": -11.567583330264954,