{"0": {"mean": -10.780639763330756, "min": -11.943127559751707, "max": -5.089779538844352}, "1": {"mean": -10.456524139704664, "min": -11.972503046756238, "max": -5.089103311961126}, "2": {"mean": -9.501549039418625, "min": -12.069883845978666, "max": -5.090128544605928}, "3": {"mean": -10.082084666226955, "min": -12.054474087517772, "max": -5.085937920333609}, "4": {"mean": -10.111537173047019, "min": -12.310480090451055, "max": -4.377356673109648}, "5": {"mean": -10.276550558280098, "min": -12.066776164367734, "max": -4.367078403363833}, "6": {"mean": -8.392875798359201, "min": -12.256754914542102, "max": -3.936324038277707}, "7": {"mean": -8.448347224419045, "min": -11.96217092904697, "max": -3.005699061108261}, "8": {"mean": -8.759471885192449, "min": -12.196395198150164, "max": -3.810539252994542}, "9": {"mean": -9.945491921182773, "min": -12.061086106727458, "max": -3.7644420953061375}, "10": {"mean": -10.3811502594666, "min": -11.79562451993078, "max": -3.7543474777679986}, "11": {"mean": -11.424601028631, "min": -11.778990345740505, "max": -3.752683976206501}, "12": {"mean": -10.047910828149467, "min": -11.844514864362342, "max": -3.791365238044198}, "13": {"mean": -7.831087986461846, "min": -11.803035178083553, "max": -3.6617313058615073}, "14": {"mean": -10.917293200882666, "min": -11.768929641379664, "max": -3.8004024958561327}, "15": {"mean": -10.058686971868413, "min": -11.775929781208996, "max": -3.6735167709031584}, "16": {"mean": -9.563965222649088, "min": -11.862310118520075, "max": -3.665553028522224}, "17": {"mean": -7.822772591740762, "min": -11.812529752400083, "max": -1.9590268043779502}, "18": {"mean": -6.52716537395326, "min": -12.015646241965332, "max": -1.9470254652397088}, "19": {"mean": -4.659888862673923, "min": -11.817738820489435, "max": -1.3812563417074515}, "20": {"mean": -6.057384991620873, "min": -11.7476174750555, "max": -1.2625228799402664}, "21": {"mean": -3.26870087947853, "min": -11.902749764008043, "max": -1.20085243824614}, "22": {"mean": -4.41484864298462, "min": -11.941553200022518, "max": -0.990709281229907}, "23": {"mean": -4.489685073445296, "min": -12.284901199860773, "max": -0.9491213813773545}, "24": {"mean": -6.530600470013503, "min": -12.335465387710741, "max": -0.8803600286488703}, "25": {"mean": -5.744725783023666, "min": -11.891441296463265, "max": -0.7613417013978849}, "26": {"mean": -4.365124133127638, "min": -12.152915752154058, "max": -0.7395707784368127}, "27": {"mean": -5.244872279777124, "min": -11.715856309202888, "max": -0.7465155856212059}, "28": {"mean": -4.149566411625886, "min": -11.610774951150276, "max": -0.6871655084715266}, "29": {"mean": -5.7632739608529, "min": -11.778877103202657, "max": -0.649820792072498}, "30": {"mean": -7.997641597316435, "min": -11.91026846333065, "max": -0.648837650443561}, "31": {"mean": -5.824039447089134, "min": -11.740652406667424, "max": 0.04581462715241825}, "32": {"mean": -2.048664283435171, "min": -11.683545011460462, "max": 0.18589605276970483}, "33": {"mean": -1.6475760713656031, "min": -11.558602337273193, "max": 0.4823271775657729}, "34": {"mean": -1.499282598769873, "min": -11.948561535886663, "max": 0.6207389966941901}, "35": {"mean": -1.5948377736160453, "min": -11.77372569687356, "max": 0.573402077479846}, "36": {"mean": -1.3658693148186967, "min": -11.83753090880367, "max": 0.6186919892287848}, "37": {"mean": -1.2482383486604272, "min": -11.813343065788517, "max": 0.9858775697970569}, "38": {"mean": -0.6876112079785469, "min": -11.571290246111266, "max": 0.6277333514194373}, "39": {"mean": -0.8795668969187909, "min": -11.547889252082836, "max": 0.614923834774442}, "40": {"mean": -0.5492793816009653, "min": -11.802264490188158, "max": 0.627398979380321}, "41": {"mean": -0.4507741884425536, "min": -11.482249379953124, "max": 0.6266853183528198}, "42": {"mean": -1.6427279506948367, "min": -11.798296334025181, "max": 0.6225333810163776}, "43": {"mean": -1.6283201417992752, "min": -11.463030918762154, "max": 0.6298792684677845}, "44": {"mean": -3.8505390445286225, "min": -11.827717153783754, "max": 0.6562934672860569}, "45": {"mean": -5.829089801372672, "min": -11.86628758102559, "max": 0.6655411775485175}, "46": {"mean": -5.681713258368536, "min": -11.828703838118468, "max": 0.6393969483868474}, "47": {"mean": -6.116196347559082, "min": -11.944636596470158, "max": 0.6439742156964069}, "48": {"mean": -7.1156318066855215, "min": -11.836891972646638, "max": 0.6424049172532569}, "49": {"mean": -6.463109027951387, "min": -11.87106239998822, "max": 0.9458751900405753}, "50": {"mean": -3.7491379216874336, "min": -11.828614040431164, "max": 0.6768629248743026}, "51": {"mean": -6.436430422147598, "min": -11.873001109048767, "max": 0.6542020829730814}, "52": {"mean": -5.273723537043739, "min": -12.001525305486812, "max": 0.6610436298197067}, "53": {"mean": -4.164149978481887, "min": -11.863230372377865, "max": 0.6866057404744994}, "54": {"mean": -4.582019545309493, "min": -12.022630712966663, "max": 0.7027264715736707}, "55": {"mean": -4.784358729328273, "min": -11.851548752371162, "max": 0.6961557253906304}, "56": {"mean": -3.662242578086005, "min": -11.838811516697604, "max": 0.6771073154232674}, "57": {"mean": -3.5620738842926247, "min": -11.849087244375458, "max": 0.6794226333843909}, "58": {"mean": -3.173751851157146, "min": -11.829545914025738, "max": 0.6856323116583858}, "59": {"mean": -2.429129621781752, "min": -11.845119808152878, "max": 0.696659637185996}, "60": {"mean": -7.475848279623816, "min": -11.858848017747729, "max": 0.6782411091149323}, "61": {"mean": -5.416789894397773, "min": -11.842573820012266, "max": 0.6798190216081561}, "62": {"mean": -1.6483142074555721, "min": -11.830686690432964, "max": 0.6657665204557596}, "63": {"mean": -1.4202811586131179, "min": -11.833688663591571, "max": 0.6603086932071807}, "64": {"mean": -3.3970390901506726, "min": -12.012786076522092, "max": 0.64738248035962}, "65": {"mean": -3.9807256111350626, "min": -11.744292665121257, "max": 0.6509101784356032}, "66": {"mean": -4.4486688373519625, "min": -12.025785038458336, "max": 1.0277763408161749}, "67": {"mean": -3.173931099616075, "min": -11.816447482532851, "max": 0.6563340242574767}, "68": {"mean": -0.9245381415678224, "min": -11.831704007817988, "max": 0.6651180097795506}, "69": {"mean": -0.7592642948205445, "min": -11.797466997185982, "max": 0.6618147907239145}, "70": {"mean": -2.3916040984708467, "min": -11.834031047627214, "max": 0.668480413502498}, "71": {"mean": -1.5253039835369802, "min": -11.852329353596652, "max": 0.6669913337608221}, "72": {"mean": -1.5195690867221217, "min": -11.875923897473642, "max": 0.6649701203905072}, "73": {"mean": -1.150503448603191, "min": -11.89324907250788, "max": 0.6724240008840374}, "74": {"mean": -2.3798327625160316, "min": -11.858437616755833, "max": 0.6728814137119802}, "75": {"mean": -1.911082082260222, "min": -12.06384465909984, "max": 0.6758719285316157}, "76": {"mean": -2.387349152373355, "min": -11.896281357609393, "max": 0.6764827157618666}, "77": {"mean": -2.0845542758918265, "min": -11.79683580958707, "max": 0.67552732936369}, "78": {"mean": -5.188796671766839, "min": -11.890668143530272, "max": 0.7086310183435369}, "79": {"mean": -6.068246600790792, "min": -11.98106936658829, "max": 1.0890863694742607}, "80": {"mean": -3.489299589980459, "min": -11.849206284951343, "max": 1.1407655677673783}, "81": {"mean": -3.1910608771792455, "min": -11.876280126321193, "max": 1.0925634306665668}, "82": {"mean": -3.8322305696766215, "min": -12.062024392216811, "max": 1.091241085577126}, "83": {"mean": -4.015968968797908, "min": -11.837527982805279, "max": 1.1308105214162214}, "84": {"mean": -3.3601701508737265, "min": -11.855905952861018, "max": 1.1473872707471906}, "85": {"mean": -3.0956254443022617, "min": -12.061103258483536, "max": 1.1605203452399915}, "86": {"mean": -2.2601981217407716, "min": -11.810729176799464, "max": 1.1336219892632866}, "87": {"mean": -1.706944412739881, "min": -11.864226035602833,