{"0": {"mean": -11.423765888285109, "min": -11.942134339593723, "max": -10.82240918770979}, "1": {"mean": -11.655869350207889, "min": -11.814130928526323, "max": -10.893840242001414}, "2": {"mean": -11.437618313077383, "min": -11.929661661359233, "max": -10.820486380301354}, "3": {"mean": -11.69009345981529, "min": -11.908587890598364, "max": -10.831351347033742}, "4": {"mean": -11.22350675816862, "min": -11.78401356218538, "max": -10.842666667970768}, "5": {"mean": -11.747333679357345, "min": -11.784876940188122, "max": -11.718269112985581}, "6": {"mean": -11.112927059764534, "min": -11.75788659848068, "max": -10.834615463139613}, "7": {"mean": -11.29148702747301, "min": -11.727347955854423, "max": -10.845865154962553}, "8": {"mean": -10.853387923859419, "min": -10.876582796008451, "max": -10.836955252810816}, "9": {"mean": -10.867673258239535, "min": -11.038834694807543, "max": -10.837073703574513}, "10": {"mean": -11.44259793306843, "min": -11.84917011855344, "max": -10.835922849863334}, "11": {"mean": -10.841543256668716, "min": -10.85111411508868, "max": -10.836149346577438}, "12": {"mean": -11.374411930973723, "min": -11.845198787521943, "max": -10.842881233414884}, "13": {"mean": -10.844014469797784, "min": -10.864410539512274, "max": -10.835324627868086}, "14": {"mean": -11.348409279784176, "min": -11.845888213013671, "max": -10.837115164187365}, "15": {"mean": -10.84614649814071, "min": -10.871754403748426, "max": -10.836492149400277}, "16": {"mean": -11.242535426505514, "min": -11.844682908969249, "max": -10.83563691536362}, "17": {"mean": -10.84302126680055, "min": -10.864383002302237, "max": -10.836653077764499}, "18": {"mean": -11.24142753881139, "min": -11.8455801619657, "max": -10.835215977159454}}