{"0": {"mean": -11.05926422463028, "min": -12.699683462759046, "max": -6.210516467723258}, "1": {"mean": -9.431116855518761, "min": -11.968454703015896, "max": -6.042131346491868}, "2": {"mean": -9.267647722071812, "min": -11.915125897231821, "max": -6.03171395514817}, "3": {"mean": -8.286416014764587, "min": -11.744475601211626, "max": -6.032403155325576}, "4": {"mean": -8.55868854973813, "min": -11.862921353661642, "max": -5.9866219358175945}, "5": {"mean": -8.843620517404085, "min": -11.906132590857894, "max": -5.9847701889037666}, "6": {"mean": -9.355376654192721, "min": -11.964252579298057, "max": -5.984457037751997}, "7": {"mean": -10.04273689524886, "min": -11.884083998467089, "max": -5.9851318646532725}, "8": {"mean": -8.341312600567028, "min": -11.870795579618898, "max": -5.9851899228652945}, "9": {"mean": -8.97851300665751, "min": -11.215851644510277, "max": -5.984671284256179}, "10": {"mean": -9.96173319223871, "min": -11.834641554629556, "max": -4.572552892683607}, "11": {"mean": -9.384740735770606, "min": -11.74491096398371, "max": -4.618179376628229}, "12": {"mean": -8.696913943187045, "min": -11.165106019851278, "max": -4.619714345495381}, "13": {"mean": -8.524441326834156, "min": -11.988933987322728, "max": -4.554886457847445}, "14": {"mean": -8.996437923430921, "min": -11.43669521638987, "max": -4.606838147189275}, "15": {"mean": -9.411146411117786, "min": -11.822765681542505, "max": -4.590512600369385}, "16": {"mean": -8.314073919684873, "min": -11.55671679548944, "max": -4.537625777334505}, "17": {"mean": -9.16589159936785, "min": -10.85906407538553, "max": -4.1435726353661515}, "18": {"mean": -8.65570296719442, "min": -11.566882278361277, "max": -4.142880916518674}, "19": {"mean": -7.799829565062543, "min": -11.289788640385476, "max": -4.1411958104936755}}