{"0": {"mean": -10.881395360301266, "min": -11.4219744161052, "max": -10.783424561958014}, "1": {"mean": -11.134019729224468, "min": -11.788736051391686, "max": -10.775461631275217}, "2": {"mean": -10.868477437069348, "min": -11.640903114962516, "max": -10.772124742038299}, "3": {"mean": -10.938749702414832, "min": -11.643087659462223, "max": -10.769781299657499}, "4": {"mean": -10.772641183422792, "min": -10.78198961167677, "max": -10.735207877325577}, "5": {"mean": -10.069868825747248, "min": -10.784774857530184, "max": -3.802319284536346}, "6": {"mean": -7.356973974200862, "min": -11.186704181846169, "max": -3.8016260064682497}, "7": {"mean": -5.434360962763225, "min": -11.551196640676322, "max": -3.801253264976788}, "8": {"mean": -7.849842543254823, "min": -11.664098265886182, "max": -4.82447952580136}, "9": {"mean": -4.784004121552916, "min": -4.829510126615654, "max": -4.570226892155432}, "10": {"mean": -4.6123179765472235, "min": -4.829934015858944, "max": -4.405231875606712}, "11": {"mean": -4.406719262804114, "min": -4.427080260279002, "max": -4.3729936068853155}, "12": {"mean": -4.393378872069123, "min": -4.416186212039028, "max": -4.3254001622336276}, "13": {"mean": -5.631208198744977, "min": -10.661257643410222, "max": -4.3027669400127015}, "14": {"mean": -4.808690103330973, "min": -10.336068054142594, "max": -3.1765155603725277}, "15": {"mean": -7.301602976814811, "min": -11.111457322674454, "max": -3.175583215505871}, "16": {"mean": -5.694905260973032, "min": -10.733130693642236, "max": -3.1758068883227524}, "17": {"mean": -3.6283790700486653, "min": -4.389628714544723, "max": -3.0748633792010485}, "18": {"mean": -4.4910652856351785, "min": -10.519807340887825, "max": -3.095018546844099}, "19": {"mean": -3.3565865357678404, "min": -4.383115512007898, "max": -3.094041518750769}, "20": {"mean": -4.160434771074084, "min": -4.581142414266583, "max": -3.11668125019423}, "21": {"mean": -4.370832346544851, "min": -10.54608186137847, "max": -3.1167749133960228}}