{"0": {"mean": -11.469369077554628, "min": -11.837306082445755, "max": -10.844852220982066}, "1": {"mean": -11.42683716965437, "min": -11.79500539123391, "max": -10.78037997756942}, "2": {"mean": -11.057801881820769, "min": -11.689899166257245, "max": -10.800176890477662}, "3": {"mean": -11.516164453813, "min": -11.774206405739239, "max": -10.789507382297082}, "4": {"mean": -11.132810337118178, "min": -11.799739555546456, "max": -10.815564606414487}, "5": {"mean": -11.298828426251498, "min": -11.780157413463357, "max": -10.790664065072127}, "6": {"mean": -11.308704029338614, "min": -11.80773181421198, "max": -10.680780721214042}, "7": {"mean": -10.775165816481051, "min": -10.815327862093287, "max": -10.683145929043677}, "8": {"mean": -10.718115301120914, "min": -10.765460433416504, "max": -10.681590723638422}, "9": {"mean": -10.751994499713117, "min": -10.804538458616596, "max": -10.67684775139351}, "10": {"mean": -10.86642801118344, "min": -11.988683855655697, "max": -10.537270605513179}, "11": {"mean": -9.294343631439158, "min": -10.830712203514452, "max": -3.8046532511300577}, "12": {"mean": -8.671585752458464, "min": -11.161711529524979, "max": -3.804444749930836}, "13": {"mean": -3.8170510004428393, "min": -3.9081857458431517, "max": -3.801600032766662}, "14": {"mean": -8.54627081603802, "min": -10.608417893336698, "max": -3.80672139443794}, "15": {"mean": -3.8054564435746925, "min": -3.815396472996712, "max": -3.7900396737928674}, "16": {"mean": -7.851144234748982, "min": -10.60872148220465, "max": -3.7291384060240422}, "17": {"mean": -3.7744435892974373, "min": -3.861885102217513, "max": -3.5717756937113183}, "18": {"mean": -7.149230517775566, "min": -10.651831656288499, "max": -3.6697788105490012}, "19": {"mean": -3.799794358909529, "min": -3.8981835603013475, "max": -3.7740331671657836}, "20": {"mean": -6.49117212331164, "min": -10.599965659468975, "max": -3.770096677041696}, "21": {"mean": -3.8026147722346564, "min": -4.038839217452866, "max": -3.774842038973137}, "22": {"mean": -5.819339758811445, "min": -10.607877382360131, "max": -3.7502969828300974}, "23": {"mean": -3.780186250282872, "min": -3.8209124055521886, "max": -3.7729126919797076}, "24": {"mean": -5.125580618902648, "min": -10.573835410039907, "max": -3.7201397324665826}, "25": {"mean": -4.46018997924126, "min": -10.619793177210873, "max": -3.7726832952010274}, "26": {"mean": -4.463650780613052, "min": -10.5264477664498, "max": -3.770495621604933}, "27": {"mean": -3.7707798773230436, "min": -3.77872666828694, "max": -3.7293445190873946}, "28": {"mean": -3.754968838045804, "min": -3.7790956238584177, "max": -3.7315669893996315}, "29": {"mean": -4.450933869156278, "min": -10.696973513448766, "max": -3.731474921857934}, "30": {"mean": -3.715932117421665, "min": -3.7351367416762167, "max": -3.56999771502553}, "31": {"mean": -4.495727128629471, "min": -12.01002595583449, "max": -3.5667434972019114}, "32": {"mean": -4.952304611520699, "min": -10.562265538508735, "max": -3.568095425142801}, "33": {"mean": -4.894279328908356, "min": -10.549666647072385, "max": -2.9630106490913803}, "34": {"mean": -3.3571390627148987, "min": -3.8678079651628563, "max": -2.963166211394761}, "35": {"mean": -2.959810335013522, "min": -2.966429346501771, "max": -2.9211995636019257}, "36": {"mean": -2.9733287514067968, "min": -3.231248257317471, "max": -2.9207925272749193}, "37": {"mean": -2.9269024414623632, "min": -2.9891102198792523, "max": -2.751463193065467}, "38": {"mean": -2.862714298254071, "min": -2.996228984634678, "max": -2.7420926909923193}, "39": {"mean": -5.274747294946894, "min": -11.29242040420063, "max": -2.739836201228865}, "40": {"mean": -3.471605345689813, "min": -10.166663778854847, "max": -2.4481314036246014}, "41": {"mean": -4.227249878412335, "min": -10.255373553746225, "max": -2.4699355894849964}, "42": {"mean": -3.530519455363249, "min": -10.220523228605856, "max": -2.740362477990195}, "43": {"mean": -8.357682311281042, "min": -10.5844300077025, "max": -2.9826000048279586}, "44": {"mean": -9.79660132586778, "min": -10.72832058676944, "max": -2.98505815925828}, "45": {"mean": -9.955947785567796, "min": -11.49672209770783, "max": -3.7440800557888467}, "46": {"mean": -9.865370398472104, "min": -11.30916294769185, "max": -2.9813491776530543}, "47": {"mean": -9.845771723451104, "min": -10.656726973643684, "max": -3.751516093472468}, "48": {"mean": -9.008456962516865, "min": -10.544555092581632, "max": -2.9714747925842038}, "49": {"mean": -10.506868967479363, "min": -10.553461747069347, "max": -10.31636433186536}, "50": {"mean": -10.619329989882473, "min": -11.281427047915244, "max": -10.488964731795795}, "51": {"mean": -8.248421175473952, "min": -10.56608872194278, "max": -2.955436980245071}, "52": {"mean": -10.113027726191266, "min": -11.812279345603253, "max": -3.808573144006896}, "53": {"mean": -9.002265697788733, "min": -10.554711633835351, "max": -2.9536716115061785}, "54": {"mean": -9.214494195196675, "min": -11.995349237433132, "max": -2.9786564185379576}, "55": {"mean": -6.781332567274089, "min": -11.180443989838386, "max": -2.7239638249551654}, "56": {"mean": -8.343806123391026, "min": -10.559263108053159, "max": -2.9725296207295524}, "57": {"mean": -6.023521478309338, "min": -10.5590453622087, "max": -2.723757538589577}, "58": {"mean": -7.069937686721909, "min": -11.181437920100032, "max": -2.971483397255053}, "59": {"mean": -6.788948815498908, "min": -11.26331328933463, "max": -2.7257337778263846}, "60": {"mean": -9.110736978651039, "min": -10.665499767699785, "max": -2.9797988443538808}, "61": {"mean": -5.300093830649561, "min": -10.58669800585121, "max": -2.7234099086236743}, "62": {"mean": -9.77640230108036, "min": -10.56632616596192, "max": -2.97711993916519}, "63": {"mean": -4.504150909837822, "min": -10.532352624662675, "max": -2.7244511845240846}, "64": {"mean": -10.613887922919906, "min": -11.402067894172529, "max": -10.492007370312335}, "65": {"mean": -4.412423676805384, "min": -10.54485584565907, "max": -2.7244565186029868}, "66": {"mean": -9.795926783887396, "min": -10.65495714642315, "max": -2.981157363789241}, "67": {"mean": -3.629273943523427, "min": -10.548866329463785, "max": -2.7697325003340447}, "68": {"mean": -10.553627365107905, "min": -10.806852061000734, "max": -10.497751359504758}, "69": {"mean": -4.39560094034791, "min": -11.31904098729907, "max": -2.7697452197161705}, "70": {"mean": -9.790771982104374, "min": -10.543043113927933, "max": -3.750971775936501}, "71": {"mean": -3.7342597589702478, "min": -11.207444535352025, "max": -1.8114743160513278}, "72": {"mean": -10.304558662445011, "min": -11.266304801665433, "max": -9.905148288554342}, "73": {"mean": -1.894902538396778, "min": -2.001438663169488, "max": -1.8127896130696115}, "74": {"mean": -10.537967110743597, "min": -11.561708197886093, "max": -10.409175627673543}, "75": {"mean": -2.832321826624125, "min": -11.233157011263955, "max": -1.800292727938263}, "76": {"mean": -10.434328987781466, "min": -10.533807065731299, "max": -10.406552919935814}, "77": {"mean": -2.730493309101792, "min": -10.327384197909284, "max": -1.82862029576539}, "78": {"mean": -10.553177114730088, "min": -11.685769396895061, "max": -10.410186882479579}, "79": {"mean": -3.8045007167835743, "min": -11.97016146781117, "max": -1.8575499685647658}, "80": {"mean": -10.478222793522999, "min": -11.120868394971733, "max": -10.276295398946644}, "81": {"mean": -3.5035007908690687, "min": -10.086172138007257, "max": -1.8167994282664697}, "82": {"mean": -10.418001379650173, "min": -10.432969315143733, "max": -10.404579113093718}, "83": {"mean": -1.9343772410200066, "min": -2.420498032545506, "max": -1.8297470629243213}, "84": {"mean": -10.420726731128237, "min": -10.45308962974487, "max": -10.400135239252906}, "85": {"mean": -1.8472814001019695, "min": -1.9627754740916545, "max": -1.7963832058544402}, "86": {"mean": -10.417759646780649, "min": -10.434809677807301, "max": -10.403790956940277}, "87": {"mean": -1.889997520201598,