{"0": {"mean": -10.972505354883067, "min": -11.820733269519607, "max": -10.824001334910529}, "1": {"mean": -10.839612114882804, "min": -10.943731149619879, "max": -10.81976938821096}, "2": {"mean": -10.830235165651048, "min": -10.925807045415727, "max": -10.680106573479994}, "3": {"mean": -10.770311743092227, "min": -11.277018242383438, "max": -10.461427742289466}, "4": {"mean": -9.50638167821527, "min": -11.435048511844204, "max": -3.95627011537118}, "5": {"mean": -8.379092335952134, "min": -11.474477112832572, "max": -2.0922517613681153}, "6": {"mean": -9.532703602729864, "min": -11.36803181072295, "max": -3.9482767902356626}, "7": {"mean": -6.324687373528763, "min": -11.442527397073906, "max": -2.0975175754476085}, "8": {"mean": -10.218466503601375, "min": -11.446305244672175, "max": -9.45443382258796}, "9": {"mean": -6.692500438368502, "min": -11.541192916162094, "max": -2.0848154433875132}, "10": {"mean": -10.31692745904939, "min": -11.614249007467185, "max": -4.042426293703772}, "11": {"mean": -3.2068916273531043, "min": -11.73197817424868, "max": -2.0937951133955783}, "12": {"mean": -9.48223427303348, "min": -11.51554627846009, "max": -3.8269220648742484}, "13": {"mean": -5.595347119401796, "min": -10.844000060944689, "max": -2.0738271897755953}, "14": {"mean": -8.902822273708697, "min": -11.720915040060962, "max": -3.826595988255414}, "15": {"mean": -7.143774038624423, "min": -10.547659824413248, "max": -2.0382157583779033}, "16": {"mean": -8.182482058409894, "min": -11.558753789489296, "max": -3.819315425727079}, "17": {"mean": -5.440299815306107, "min": -10.5486505799079, "max": -2.013248373744204}, "18": {"mean": -6.7169940185275525, "min": -11.75997010455134, "max": -3.8207375924350124}, "19": {"mean": -4.576619221954611, "min": -10.520277428406601, "max": -1.9970757006665352}, "20": {"mean": -9.005640135386319, "min": -11.7528510372881, "max": -3.8217779168632076}, "21": {"mean": -4.566206139714343, "min": -10.478893663334443, "max": -1.9989054179936587}, "22": {"mean": -8.380871765090006, "min": -11.58420198901168, "max": -3.8244909335372665}, "23": {"mean": -8.790286825364827, "min": -10.593662482786131, "max": -2.0645281201679317}}