{"0": {"mean": -11.490535258996387, "min": -12.022404733445745, "max": -10.763061285429448}, "1": {"mean": -10.975266167004191, "min": -11.916952381407159, "max": -5.27033500645032}, "2": {"mean": -11.443351706238948, "min": -11.95380453988447, "max": -10.730685801128118}, "3": {"mean": -11.416728820298962, "min": -11.648603321925298, "max": -10.610613798660044}, "4": {"mean": -11.332591789636686, "min": -11.516149844297537, "max": -10.237732734929441}, "5": {"mean": -11.407849350748057, "min": -11.548875822233745, "max": -10.63455234161239}, "6": {"mean": -11.504251002744443, "min": -11.967016118288798, "max": -11.448540488831402}, "7": {"mean": -11.469084945477775, "min": -11.967544493790095, "max": -10.850535597983649}, "8": {"mean": -10.989412100565586, "min": -11.616344674106571, "max": -3.3284884109523616}, "9": {"mean": -8.059078764906323, "min": -11.517222650550284, "max": -3.3186338473342785}, "10": {"mean": -4.005905073223831, "min": -10.499324338377662, "max": -2.5384162454028534}, "11": {"mean": -3.165295106201043, "min": -10.465690800813666, "max": -0.20771208076033804}, "12": {"mean": -2.764692707453496, "min": -12.181876147511456, "max": -0.7686108015763385}, "13": {"mean": -1.6205047762923297, "min": -11.47178112725509, "max": -0.40728973105083544}, "14": {"mean": -1.8535839595376795, "min": -11.78453351507917, "max": -0.4095842620584349}, "15": {"mean": -3.0298845797346177, "min": -11.913332620942493, "max": -0.3199767607883325}, "16": {"mean": -1.6882912912790307, "min": -11.885892483823667, "max": -0.2531923758225855}, "17": {"mean": -0.877461290897188, "min": -9.668717744918043, "max": -0.24833936638836776}, "18": {"mean": -4.658124193152881, "min": -12.093555213298083, "max": 0.3076372578726147}, "19": {"mean": -1.1856132591192687, "min": -11.655519367954462, "max": 0.508250733826331}, "20": {"mean": -1.8641166878913709, "min": -9.444057168000377, "max": 0.5109271653922957}, "21": {"mean": -1.943798813710264, "min": -10.266640043941907, "max": 0.4621613072791837}, "22": {"mean": -0.356495727786781, "min": -9.925091384519096, "max": 0.7295609776489509}, "23": {"mean": -1.081271105650457, "min": -10.61382075671392, "max": 1.2526475779373398}, "24": {"mean": -1.8973834055177459, "min": -11.26039291087534, "max": 0.5787033690112601}, "25": {"mean": -1.5494825334423774, "min": -11.23728300043624, "max": 0.587476428311132}, "26": {"mean": -2.2833537649967552, "min": -11.438820049071982, "max": 0.6005283474199888}, "27": {"mean": -1.2478671015069447, "min": -11.562728943288427, "max": 0.5668514029045901}, "28": {"mean": -1.808266191736939, "min": -11.200710097535403, "max": 0.591709774153532}, "29": {"mean": -2.3745742342757197, "min": -11.293497509353866, "max": 0.5991059357468436}, "30": {"mean": -0.9294166949572844, "min": -9.613380379348055, "max": 0.6054522965973924}, "31": {"mean": -2.6833036951518188, "min": -12.921661111087307, "max": 0.605432570615487}, "32": {"mean": -1.2259220832195088, "min": -10.76594488457241, "max": 0.6042039386243301}, "33": {"mean": -1.350962790734539, "min": -10.069338752269312, "max": 0.5949438898784959}, "34": {"mean": -1.8897632723503428, "min": -11.646346833480607, "max": 0.6065038136825248}, "35": {"mean": -0.3216402227133918, "min": -10.396296689746158, "max": 0.600457020523}, "36": {"mean": -2.2006648342093458, "min": -11.219133443660734, "max": 0.5820746874205885}, "37": {"mean": -4.78663847136763, "min": -11.47583868257169, "max": 0.5793039766923272}, "38": {"mean": -7.708897644503402, "min": -11.480389762086677, "max": 0.5881066938758267}, "39": {"mean": -6.048006088999707, "min": -11.600963546912206, "max": 1.3717964841619523}, "40": {"mean": -1.7599582485018543, "min": -11.890288902344338, "max": 1.2413139344662074}, "41": {"mean": -1.0221315761237428, "min": -9.371619599932066, "max": 0.961699531629115}, "42": {"mean": -3.0694455455133394, "min": -10.854703417299424, "max": 0.81308634934005}, "43": {"mean": -3.82779847028526, "min": -10.894413736719823, "max": 0.27111806681868134}, "44": {"mean": -9.215303387842111, "min": -11.38911505724014, "max": 0.5872913412417358}, "45": {"mean": -9.909859802139726, "min": -12.058439276135008, "max": 0.2674594791179571}, "46": {"mean": -9.323247745461696, "min": -11.711565086750536, "max": 0.30420160386026623}, "47": {"mean": -9.183422949930296, "min": -11.344230253099926, "max": -0.07476067419008832}, "48": {"mean": -7.468443296063823, "min": -11.69516748029498, "max": 0.2669427679708506}, "49": {"mean": -7.967135163750631, "min": -10.948958096264347, "max": 0.4283144583478908}, "50": {"mean": -4.450263934403134, "min": -12.037823062199621, "max": 0.6650700238086514}, "51": {"mean": -7.051559963242008, "min": -11.782027967659921, "max": 0.7087422857307509}, "52": {"mean": -9.778802646583546, "min": -12.67423398660483, "max": 0.5751608926115015}, "53": {"mean": -6.610991193671262, "min": -11.884938480508955, "max": 0.6531178412553896}, "54": {"mean": -6.81150526131137, "min": -11.361528139982886, "max": 0.7908527646201806}, "55": {"mean": -7.066329741160639, "min": -12.087077508791243, "max": 0.9292178581532788}, "56": {"mean": -1.3364000534332034, "min": -10.941907988438496, "max": 0.9387351175912135}, "57": {"mean": -3.2452621514847246, "min": -12.158089618231024, "max": 0.9395880379227817}, "58": {"mean": -0.6007872467375119, "min": -11.95739255860927, "max": 1.1477559444409808}, "59": {"mean": -1.544061426667297, "min": -11.123326952553468, "max": 1.5451459573603834}, "60": {"mean": -1.866172518592918, "min": -9.66086920880852, "max": 1.0693807479665651}, "61": {"mean": -4.147918943060652, "min": -11.176284736382694, "max": 1.0209586267803106}, "62": {"mean": -5.003748167442524, "min": -10.855369359888604, "max": 1.468614778521003}, "63": {"mean": -3.6625665429810694, "min": -10.892430221989668, "max": 1.021891468607017}, "64": {"mean": -5.354618091369758, "min": -10.93428004909087, "max": 1.1226900119957695}, "65": {"mean": -5.763791732048708, "min": -11.255359406938169, "max": 1.4092494606815262}, "66": {"mean": -6.083298340645035, "min": -10.848710559717912, "max": 1.2649471651656818}, "67": {"mean": -6.6754781279539515, "min": -11.762326165378445, "max": 1.2092751494102487}, "68": {"mean": -3.8177913041001554, "min": -11.251988287119815, "max": 1.8298528405148669}, "69": {"mean": -3.9994241930946357, "min": -10.958950877091345, "max": 0.9662293075289935}, "70": {"mean": -2.9863695450982095, "min": -11.512659764566756, "max": 1.1321375617829816}, "71": {"mean": -4.571454905096509, "min": -10.94320350285259, "max": 1.6308484734284334}, "72": {"mean": -4.272013495412075, "min": -10.830708695933199, "max": 1.3801102366805433}, "73": {"mean": -2.778885211269869, "min": -10.906153572195523, "max": 1.1526564929399659}, "74": {"mean": -3.321080329808852, "min": -10.88075458554929, "max": 1.0615809693686218}, "75": {"mean": -4.44705963973651, "min": -10.835788288925178, "max": 1.2725395243564026}, "76": {"mean": -3.5821337218604166, "min": -10.794030756709414, "max": 1.109684857555209}, "77": {"mean": -3.3572929161901355, "min": -10.955006655172188, "max": 1.0608187629912122}, "78": {"mean": -1.7005463200156927, "min": -11.203480135165973, "max": 1.0122225413756558}, "79": {"mean": -3.053904210085947, "min": -10.738324693710036, "max": 0.9464384740169809}, "80": {"mean": -4.707085130275839, "min": -10.933044817900155, "max": 0.9284477374308555}, "81": {"mean": -1.4342262413508635, "min": -10.722336893162455, "max": 0.9626758964282977}, "82": {"mean": -3.10157157452766, "min": -10.962271858331295, "max": 1.774738480694478}, "83": {"mean": -1.6229158951568547, "min": -10.911167285621985, "max": 0.9818122736753082}, "84": {"mean": -2.206494204120898, "min": -11.183874648410537, "max": 0.9555659654622588}, "85": {"mean": -2.1569381491009825, "min": -10.780024294509083, "max": 0.9765725314707836}, "86": {"mean": -3.2218481475566785, "min": -10.977983109618089, "max": 1.0622367515615248}, "87": {"mean": -0.5593431281574497, "min": -10.97752437054142,