{"0": {"mean": -112.30957409838176, "min": -119.58619481367803, "max": -64.43455574416448}, "1": {"mean": -113.66696575987858, "min": -121.50266516877711, "max": -104.93575670474581}, "2": {"mean": -111.30939330870093, "min": -121.0241755281693, "max": -46.768225378767546}, "3": {"mean": -109.12112298346128, "min": -119.45121111199384, "max": -39.112513778707694}, "4": {"mean": -107.34889733993194, "min": -119.15999454895035, "max": -42.67819614011827}, "5": {"mean": -111.17376614335744, "min": -120.43139785221342, "max": -55.72535577660951}, "6": {"mean": -106.48478828530013, "min": -120.8719386183812, "max": -20.95487650145814}, "7": {"mean": -108.88286993850811, "min": -130.06838975456355, "max": -20.955936082722882}, "8": {"mean": -108.97191225564711, "min": -121.20857676799099, "max": -40.56143675928846}, "9": {"mean": -110.85699154100257, "min": -123.6743973430451, "max": -61.62162412140326}, "10": {"mean": -109.44447249890644, "min": -119.58987880464643, "max": -64.173336707756}, "11": {"mean": -109.00692820552253, "min": -122.98798073358275, "max": -53.47979654167598}, "12": {"mean": -102.94101982216806, "min": -121.75992304802314, "max": -36.09833163548357}, "13": {"mean": -106.51432895791915, "min": -120.42281564742699, "max": -46.28411466365599}, "14": {"mean": -104.70649566119542, "min": -121.1923001278316, "max": -30.916034333793064}, "15": {"mean": -105.07903888762571, "min": -121.18501666969992, "max": -36.17636540477611}, "16": {"mean": -107.20339273632666, "min": -120.24325926118057, "max": -35.63064242811934}, "17": {"mean": -106.1546251231961, "min": -123.61358609363188, "max": -36.561857864715066}, "18": {"mean": -109.78495091821816, "min": -120.4142505896582, "max": -31.885479937894743}, "19": {"mean": -109.62978249415573, "min": -123.17909420285685, "max": -27.642087896829132}, "20": {"mean": -108.2779598826929, "min": -124.36122137977493, "max": -17.735068727875674}, "21": {"mean": -103.2062656168009, "min": -121.48703674930645, "max": -13.573928242591315}, "22": {"mean": -106.00328055678881, "min": -121.00636149036931, "max": -4.430199796082065}, "23": {"mean": -107.92225080169369, "min": -121.5584754753206, "max": -1.17278883920011}, "24": {"mean": -105.45667401754184, "min": -121.11228440090359, "max": -6.474659441397476}, "25": {"mean": -110.80882588582634, "min": -120.62770657253593, "max": -92.17094728902414}, "26": {"mean": -105.0180680764262, "min": -118.61161543720806, "max": -25.02417173261554}, "27": {"mean": -104.56250879542858, "min": -125.16240545858123, "max": -5.058863194721022}, "28": {"mean": -105.84147660945577, "min": -127.11264659544035, "max": -33.29395977692722}, "29": {"mean": -105.27462711167539, "min": -119.17229030600684, "max": -33.12900409386582}, "30": {"mean": -106.66213029652765, "min": -119.20301925691699, "max": -60.588921536859054}, "31": {"mean": -99.50571383126345, "min": -118.07682310103213, "max": -19.437434769489048}, "32": {"mean": -96.97491601392512, "min": -118.73539490463895, "max": -6.892943603554784}, "33": {"mean": -102.9752652545547, "min": -132.82817406245965, "max": -5.469332107412452}, "34": {"mean": -98.04132749484569, "min": -123.62044594616259, "max": -4.2693390946649545}, "35": {"mean": -99.11482259745095, "min": -128.5504223937416, "max": -6.5857404690614665}, "36": {"mean": -97.46456105281334, "min": -127.3274103326745, "max": -2.1985525210460364}, "37": {"mean": -89.09492313762134, "min": -121.8805715740387, "max": -2.8651788153706925}, "38": {"mean": -88.85586834175687, "min": -130.47273612372996, "max": -4.4028415722986844}, "39": {"mean": -99.6674845691878, "min": -126.29455478847669, "max": 1.0745673049683915}, "40": {"mean": -95.54554237480512, "min": -136.73338515390049, "max": -2.4273044419610037}, "41": {"mean": -96.517005379121, "min": -123.60473517969058, "max": -7.7397984417432255}, "42": {"mean": -97.78578087435913, "min": -124.06038428909119, "max": -21.981534442144067}, "43": {"mean": -97.38491323653302, "min": -125.88710773301037, "max": -20.135694369115427}, "44": {"mean": -98.97643019139223, "min": -128.1461914380618, "max": -13.254964262171617}, "45": {"mean": -98.77233479644045, "min": -124.07876646182872, "max": -33.028423215873715}, "46": {"mean": -107.52834961206027, "min": -125.98623817074754, "max": -54.03234730467378}, "47": {"mean": -106.08071216402998, "min": -128.91005879735533, "max": -23.02106474461843}, "48": {"mean": -98.65808920905408, "min": -124.9026479954445, "max": -23.646633114590333}, "49": {"mean": -104.41582207001257, "min": -125.43164193092431, "max": -26.758923031156318}, "50": {"mean": -95.99498642988931, "min": -125.86035590488184, "max": -13.212404462859038}, "51": {"mean": -94.71265502564025, "min": -124.47240503871829, "max": -24.093592852313634}, "52": {"mean": -94.23710192541797, "min": -126.67423787637426, "max": -7.511115837300387}, "53": {"mean": -42.7681984806441, "min": -117.76544185121807, "max": 4.247609245336732}, "54": {"mean": -45.35943586503156, "min": -120.77668568754454, "max": 4.0220549266740315}, "55": {"mean": -41.83431501267532, "min": -116.01426965511574, "max": 2.0900322212311395}, "56": {"mean": -46.714369501830014, "min": -124.5258456678553, "max": 4.198614633768045}, "57": {"mean": -67.58327309169039, "min": -116.80516409944795, "max": 1.8812246102559445}, "58": {"mean": -46.58612481851589, "min": -124.09839634917441, "max": 3.8721069582620493}, "59": {"mean": -51.812730095272535, "min": -121.0426052464507, "max": 3.569329874846388}, "60": {"mean": -74.430701486907, "min": -121.02940655721011, "max": 0.6844297460540548}, "61": {"mean": -70.83659724102753, "min": -122.9090022074093, "max": 4.079349921121113}, "62": {"mean": -39.56555190709727, "min": -113.41447156995227, "max": 3.7869078946476167}, "63": {"mean": -47.78389383954225, "min": -117.10654360928262, "max": 4.290932159905804}, "64": {"mean": -48.9843654343057, "min": -112.47199736671516, "max": 3.8202212144753087}, "65": {"mean": -50.81016371067728, "min": -116.9351641119775, "max": 3.8137535924050505}, "66": {"mean": -52.6454749617001, "min": -115.46966635307331, "max": 4.036289793026595}, "67": {"mean": -44.50765352120801, "min": -117.0823791848642, "max": 4.28390712858118}, "68": {"mean": -57.016920587727526, "min": -114.09244366353369, "max": 0.7195628198697259}, "69": {"mean": -36.90385123569592, "min": -117.12247517989627, "max": 4.370258391921731}, "70": {"mean": -55.141416117892334, "min": -119.32476401483727, "max": 4.05645097018968}, "71": {"mean": -47.00672197004219, "min": -118.83238542533692, "max": 4.184762330291341}, "72": {"mean": -48.6506473853221, "min": -113.49145296408543, "max": 3.3672755992455548}, "73": {"mean": -53.149170557141424, "min": -115.69275601800182, "max": 4.177274621066224}, "74": {"mean": -66.24522218278898, "min": -124.56885041038734, "max": 3.558685625176693}, "75": {"mean": -58.24271643111306, "min": -115.26908377797389, "max": 3.6804245340460113}, "76": {"mean": -53.40564967966766, "min": -120.15445961480076, "max": 3.6675180529432145}, "77": {"mean": -67.83413647077128, "min": -126.84922785716518, "max": 4.511328558818959}, "78": {"mean": -48.293249239932265, "min": -121.89333231955482, "max": 3.5464504317400816}, "79": {"mean": -51.48819343921737, "min": -125.68216399647837, "max": 3.8283083647744673}, "80": {"mean": -45.551219643028936, "min": -107.1525699602073, "max": 3.508773336042283}, "81": {"mean": -56.12949352140877, "min": -121.81619980326244, "max": 3.6787105077558246}, "82": {"mean": -51.7010468245052, "min": -117.25886750873057, "max": 4.038183682307211}, "83": {"mean": -43.95148201560176, "min": -116.54915652181681, "max": 3.538760072450658}, "84": {"mean": -44.908398453141736, "min": -122.5635546691746, "max": 3.939510887041182}, "85": {"mean": -46.11055096270256, "min": -122.75485817870091, "max": 3.844562915517502}, "86": {"mean": -45.00029518054963, "min": -104.59708719852502, "max": 3.671746832697389}, "87": {"mean": -44.88179366560335, "min": -111.23538034772362,