{"0": {"mean": -11.156496929122387, "min": -11.866734270714906, "max": -10.743344159052024}, "1": {"mean": -11.060656858048082, "min": -11.825909341561422, "max": -10.712943068800657}, "2": {"mean": -10.972742491787335, "min": -11.826019785315202, "max": -10.44302603456881}, "3": {"mean": -10.72542591214082, "min": -11.698842656900547, "max": -9.758617836264925}, "4": {"mean": -10.109207814464366, "min": -11.367333299904939, "max": -9.37538221934326}, "5": {"mean": -9.635319456083923, "min": -11.517396782263686, "max": -9.355837978322587}, "6": {"mean": -9.372618957080466, "min": -9.525417070379294, "max": -9.258089827412956}, "7": {"mean": -9.395181733422895, "min": -10.034886153320658, "max": -9.277350180591922}, "8": {"mean": -9.504302753304971, "min": -10.319163507830371, "max": -9.248213769191162}, "9": {"mean": -8.998090766549192, "min": -10.08194172228646, "max": -0.02357950247125877}, "10": {"mean": -7.314149392831025, "min": -11.174908134563292, "max": 0.02381523964462954}, "11": {"mean": -3.685376045076496, "min": -11.201585604794303, "max": 0.38622300774824303}, "12": {"mean": -4.35068881699208, "min": -11.358029195270866, "max": 0.3946137921190026}, "13": {"mean": -2.565995461604657, "min": -11.35544881946541, "max": 0.3831889129402362}, "14": {"mean": -3.6299262800457077, "min": -11.225887503438006, "max": 0.37910289409748976}, "15": {"mean": -2.101564240950771, "min": -11.202697939463585, "max": 0.3965642772390766}, "16": {"mean": -1.8848844149173818, "min": -11.149729733342467, "max": 0.5103548459696846}}