{"0": {"mean": -10.450743495308872, "min": -11.906268497785367, "max": -4.589495177488859}, "1": {"mean": -10.193400761238694, "min": -11.860273625237868, "max": -4.5826517710889805}, "2": {"mean": -9.312924388152078, "min": -11.843533940390994, "max": -4.548034189869566}, "3": {"mean": -8.789279332661447, "min": -11.52571467848521, "max": -4.545501373047854}, "4": {"mean": -8.004088191320308, "min": -11.68781345541157, "max": -4.545974294028424}, "5": {"mean": -9.315494636153733, "min": -11.956502872261552, "max": -4.544573539103796}, "6": {"mean": -8.215636913296601, "min": -11.490033626196558, "max": -4.448149812350813}, "7": {"mean": -9.607498525233256, "min": -11.848730100222237, "max": -4.447607248588782}, "8": {"mean": -9.088306673114285, "min": -11.854833867524707, "max": -4.448066826599499}, "9": {"mean": -10.233513718846202, "min": -11.680806962948656, "max": -4.44776994083327}, "10": {"mean": -9.598341549238183, "min": -11.799919946508952, "max": -4.449128718831466}, "11": {"mean": -10.263765757134237, "min": -11.816791610045263, "max": -4.4476269246260065}, "12": {"mean": -10.399128863597792, "min": -11.868392252193765, "max": -4.449422225989505}, "13": {"mean": -10.851872433872323, "min": -11.661560816758287, "max": -10.48750485109459}, "14": {"mean": -6.632074769450214, "min": -11.928096363853482, "max": -4.44698186230043}, "15": {"mean": -7.342531876548755, "min": -11.707899783230298, "max": -4.446944892491738}, "16": {"mean": -6.83382570496943, "min": -11.804111691099525, "max": -4.443652583634515}, "17": {"mean": -8.636730448617563, "min": -11.896178910539332, "max": -4.441909730354948}, "18": {"mean": -8.364493396093373, "min": -11.830555178082589, "max": -4.441017856823739}}