{"0": {"mean": -10.951094793844224, "min": -11.727393447037104, "max": -10.667954917112302}, "1": {"mean": -10.335335441084277, "min": -12.168800909800021, "max": -2.0660441607838522}, "2": {"mean": -8.451650010127674, "min": -12.430022934396705, "max": -2.0588834851280953}, "3": {"mean": -2.9686790053127625, "min": -11.26788976456481, "max": -1.9156269469724725}, "4": {"mean": -1.993832762775348, "min": -2.185473830360875, "max": -1.7299084550541532}, "5": {"mean": -4.646270743713091, "min": -11.320372839918742, "max": -1.6366972836646372}, "6": {"mean": -4.618786433834134, "min": -11.898492394340778, "max": -1.648203508705812}, "7": {"mean": -1.6963977892050006, "min": -2.0557265544685497, "max": -1.3739706900041437}, "8": {"mean": -2.3452692030462203, "min": -9.237600492540032, "max": -1.310048093526877}, "9": {"mean": -3.1684357074309064, "min": -11.165745930001828, "max": -0.4558848077412171}, "10": {"mean": -1.009065996928279, "min": -1.8320488732079199, "max": -0.44485699268644385}, "11": {"mean": -0.5589842999441573, "min": -1.7454876238787, "max": -0.10561651901160686}, "12": {"mean": -0.4481028861670975, "min": -2.2626972787908697, "max": -0.06200737860933814}, "13": {"mean": -0.13043256784434493, "min": -0.2662905956091535, "max": -0.06114004154937098}, "14": {"mean": -2.398816195927661, "min": -11.94255450137167, "max": 0.04707476284844106}, "15": {"mean": -2.2716041998267933, "min": -11.101523907782978, "max": 0.08113343118060955}, "16": {"mean": -2.4613842960555443, "min": -11.075800132983831, "max": 0.07870099459769145}, "17": {"mean": -1.065134406299825, "min": -9.975332761612622, "max": 0.05942684362714605}, "18": {"mean": -1.5717974885602106, "min": -11.270510922118271, "max": 0.3778125506473013}, "19": {"mean": -2.09724244104626, "min": -11.268335141276934, "max": 0.026466731338935075}}