{"0": {"mean": -113.231196666332, "min": -120.06794718911661, "max": -60.40382357047924}, "1": {"mean": -112.3845373391428, "min": -119.98518268279048, "max": -65.1416146835263}, "2": {"mean": -113.09751097374848, "min": -126.42252764663472, "max": -69.37912813512018}, "3": {"mean": -112.40822756360166, "min": -121.8244297173197, "max": -43.800264605864605}, "4": {"mean": -112.69870780392836, "min": -125.0014443910218, "max": -64.19908023110216}, "5": {"mean": -114.43526599696423, "min": -126.74629415272798, "max": -107.53939788591676}, "6": {"mean": -113.56185685535903, "min": -126.36990740497318, "max": -64.56882371628896}, "7": {"mean": -114.25006614759798, "min": -123.84968234846957, "max": -106.35620439936986}, "8": {"mean": -112.06246237677145, "min": -120.10535232038796, "max": -44.00058200905985}, "9": {"mean": -111.67365789127875, "min": -122.37758400812807, "max": -58.528766393447476}, "10": {"mean": -108.72929677925659, "min": -122.39662366242955, "max": -45.898464194673394}, "11": {"mean": -109.35994350561965, "min": -123.0414401647312, "max": -39.336094123430435}, "12": {"mean": -107.27583510016996, "min": -123.43387867929042, "max": -36.302235616543186}, "13": {"mean": -109.65518381497417, "min": -122.40753412766816, "max": -33.51823153832826}, "14": {"mean": -110.84479229289543, "min": -122.23018641857307, "max": -47.46900671092496}, "15": {"mean": -111.95707749550256, "min": -122.78081364057337, "max": -19.28953606535807}, "16": {"mean": -113.57929017491882, "min": -122.02671188906146, "max": -90.22828488902421}, "17": {"mean": -113.75406583058165, "min": -120.92337978227872, "max": -101.24665986256325}, "18": {"mean": -113.92057868174672, "min": -125.7289012916071, "max": -93.98520725814245}, "19": {"mean": -114.37443707436724, "min": -125.70529912279794, "max": -105.78679505848699}, "20": {"mean": -112.04028535361327, "min": -123.36487460358947, "max": -42.40916848209051}, "21": {"mean": -110.87409248336746, "min": -121.65020223420953, "max": -38.98376313764563}, "22": {"mean": -108.96236458416028, "min": -120.96024986538477, "max": -32.318812948135324}, "23": {"mean": -109.78522571889849, "min": -121.07260208380346, "max": -28.446485365767412}, "24": {"mean": -110.05365291938853, "min": -122.69616182699147, "max": -43.446659570713024}, "25": {"mean": -111.97080870346899, "min": -122.6463966181567, "max": -52.793760890080485}, "26": {"mean": -110.1326731515682, "min": -122.71356701970225, "max": -53.9281823574407}, "27": {"mean": -110.10259013799896, "min": -122.18087735017173, "max": -25.165063095050005}, "28": {"mean": -111.48234879230799, "min": -122.32811000339066, "max": -46.31550893481113}, "29": {"mean": -111.5961417434719, "min": -122.06821229789219, "max": -45.226435158497715}, "30": {"mean": -112.05046537895049, "min": -123.2372007112174, "max": -46.86035382651119}, "31": {"mean": -111.95178201646222, "min": -122.01664880541774, "max": -62.97084145477521}, "32": {"mean": -113.71348724580848, "min": -121.66045369083372, "max": -104.49748242063262}, "33": {"mean": -113.65262118792835, "min": -122.49108098684313, "max": -104.81646831419681}, "34": {"mean": -113.95190052518545, "min": -121.898472126754, "max": -105.01817772527427}, "35": {"mean": -113.50276722581448, "min": -122.07668255839187, "max": -80.0392338330782}, "36": {"mean": -113.21283103020625, "min": -123.10294600193326, "max": -39.46940750932617}, "37": {"mean": -111.94223993687827, "min": -125.9464143483642, "max": -47.325936111004104}, "38": {"mean": -111.80462783694995, "min": -127.0375425209648, "max": -49.97784944098024}, "39": {"mean": -110.29007303623898, "min": -122.79283853646263, "max": -23.27337001070159}, "40": {"mean": -108.87893343984172, "min": -121.170484410733, "max": -23.29106789533536}, "41": {"mean": -109.9702275642381, "min": -139.58538920253864, "max": -45.71579606873675}, "42": {"mean": -113.4210995130831, "min": -125.61814710162827, "max": -70.0183495447593}, "43": {"mean": -111.38715521503393, "min": -128.42499372146028, "max": -22.673873581049687}, "44": {"mean": -108.30253579465638, "min": -121.53910287636643, "max": -22.777758214709497}, "45": {"mean": -112.65352177333962, "min": -121.09620672093615, "max": -60.30332533440591}, "46": {"mean": -113.48523391612076, "min": -125.89142667765007, "max": -33.421216010622395}, "47": {"mean": -112.049683980016, "min": -121.18706673069175, "max": -23.198385309550158}, "48": {"mean": -113.25375842569986, "min": -123.64804355278922, "max": -22.713014124038864}, "49": {"mean": -114.23560116169676, "min": -121.24352980120977, "max": -106.73595985097663}, "50": {"mean": -113.84086221532706, "min": -124.97448687956341, "max": -107.0235479708383}, "51": {"mean": -113.96280701274446, "min": -122.64896923870407, "max": -59.731897819485845}, "52": {"mean": -112.18566887710723, "min": -121.6332946420815, "max": -59.430037260385284}, "53": {"mean": -111.87729526342797, "min": -122.66423864640666, "max": -34.392997583823636}, "54": {"mean": -114.4900129419722, "min": -123.39806296088663, "max": -100.72346131109806}, "55": {"mean": -113.19313869151654, "min": -121.20911945911, "max": -43.59690769316837}, "56": {"mean": -109.61718954715201, "min": -121.247600439528, "max": -23.480851675920093}, "57": {"mean": -111.19876414947481, "min": -123.43907331817074, "max": -36.966459181025456}, "58": {"mean": -112.08427808740322, "min": -121.25383522633463, "max": -48.29315494690878}, "59": {"mean": -113.99295619415956, "min": -121.60945818018556, "max": -32.627556192200565}, "60": {"mean": -113.61143842605905, "min": -121.7000351162207, "max": -49.35932788291561}, "61": {"mean": -115.85181981062733, "min": -121.52084174773904, "max": -108.43889310757952}, "62": {"mean": -115.7607995816585, "min": -122.687852975928, "max": -109.0843262058962}, "63": {"mean": -115.52217747697725, "min": -125.4050735507909, "max": -104.70665916556527}, "64": {"mean": -113.58405874238866, "min": -121.04584751555134, "max": -56.36825783375412}, "65": {"mean": -113.92413095277638, "min": -121.02841498792543, "max": -79.29722150183655}, "66": {"mean": -114.43676304206667, "min": -120.14071644286004, "max": -105.48726186661102}, "67": {"mean": -114.91539475651308, "min": -146.31071089974478, "max": -95.24583009986952}, "68": {"mean": -114.17943906479505, "min": -121.15377555076456, "max": -82.95830369354778}, "69": {"mean": -113.09884891225285, "min": -123.1884724470644, "max": -66.35756100912799}, "70": {"mean": -114.33363784910132, "min": -122.46642502922069, "max": -106.27221187447059}, "71": {"mean": -110.9457454691141, "min": -122.62889928630304, "max": -26.89833185479665}, "72": {"mean": -107.27749043672554, "min": -126.51047586748253, "max": -29.948526033130257}, "73": {"mean": -108.33693126609315, "min": -123.72981950718057, "max": -26.96537687136281}, "74": {"mean": -111.1654126207449, "min": -126.1915265610046, "max": -47.04474801150692}, "75": {"mean": -111.14240285628368, "min": -131.417957061335, "max": -47.04222947353186}, "76": {"mean": -110.9725191646237, "min": -122.40937806043961, "max": -47.03537023261794}, "77": {"mean": -115.20409003796095, "min": -122.36758217080155, "max": -64.8930958641351}, "78": {"mean": -112.69280976321274, "min": -122.72568011473183, "max": -49.7405059791859}, "79": {"mean": -113.78905136644704, "min": -122.71200678293656, "max": -75.67982352977724}, "80": {"mean": -113.33016917211613, "min": -121.61232549428843, "max": -107.0260421118318}, "81": {"mean": -112.47203300674951, "min": -124.18354116227061, "max": -41.07013772870761}, "82": {"mean": -110.77574923245575, "min": -121.1348320803279, "max": -46.512142320449186}, "83": {"mean": -112.83208412990624, "min": -119.5205680340038, "max": -107.65169647515759}, "84": {"mean": -112.94647136546193, "min": -138.0745514854671, "max": -52.125195972179846}, "85": {"mean": -110.60451206539136, "min": -121.57294022123216, "max": -31.085993440792862}, "86": {"mean": -111.1676996295611, "min": -121.70011235518257, "max": -54.6971350738056},