{"0": {"mean": 6.930000000000044, "min": 0.9999999999999999, "max": 50.00000000000044}, "1": {"mean": 14.510000000000087, "min": 0.8999999999999999, "max": 50.00000000000044}, "2": {"mean": 35.0300000000003, "min": 0.9999999999999999, "max": 50.00000000000044}, "3": {"mean": 40.75000000000035, "min": 0.8999999999999999, "max": 50.00000000000044}, "4": {"mean": 50.00000000000044, "min": 50.00000000000044, "max": 50.00000000000044}, "5": {"mean": 40.20000000000035, "min": 0.9999999999999999, "max": 50.00000000000044}, "6": {"mean": 42.16000000000035, "min": 1.9000000000000006, "max": 50.00000000000044}, "7": {"mean": 45.300000000000395, "min": 3.0000000000000013, "max": 50.00000000000044}, "8": {"mean": 50.00000000000044, "min": 50.00000000000044, "max": 50.00000000000044}, "9": {"mean": 45.1400000000004, "min": 1.4000000000000001, "max": 50.00000000000044}, "10": {"mean": 49.37000000000043, "min": 43.70000000000035, "max": 50.00000000000044}, "11": {"mean": 45.440000000000396, "min": 4.4, "max": 50.00000000000044}, "12": {"mean": 45.9000000000004, "min": 8.999999999999984, "max": 50.00000000000044}, "13": {"mean": 50.00000000000044, "min": 50.00000000000044, "max": 50.00000000000044}, "14": {"mean": 33.29000000000028, "min": 0.9999999999999999, "max": 50.00000000000044}, "15": {"mean": 43.07000000000037, "min": 0.9999999999999999, "max": 50.00000000000044}, "16": {"mean": 45.090000000000394, "min": 0.8999999999999999, "max": 50.00000000000044}, "17": {"mean": 41.40000000000034, "min": 3.700000000000002, "max": 50.00000000000044}, "18": {"mean": 41.57000000000035, "min": 5.599999999999996, "max": 50.00000000000044}, "19": {"mean": 38.49000000000033, "min": 1.0999999999999999, "max": 50.00000000000044}, "20": {"mean": 48.680000000000426, "min": 36.80000000000025, "max": 50.00000000000044}, "21": {"mean": 45.5400000000004, "min": 5.399999999999997, "max": 50.00000000000044}, "22": {"mean": 30.410000000000263, "min": 0.8999999999999999, "max": 50.00000000000044}, "23": {"mean": 46.25000000000039, "min": 29.800000000000153, "max": 50.00000000000044}, "24": {"mean": 27.870000000000225, "min": 0.7999999999999999, "max": 50.00000000000044}}