{"0": {"mean": -11.222481439930684, "min": -12.246579548173708, "max": -10.717353593800961}, "1": {"mean": -11.08026108310805, "min": -12.269099714422476, "max": -10.374569889634971}, "2": {"mean": -9.890927352671302, "min": -11.188730397619741, "max": -5.638660766479274}, "3": {"mean": -8.805050713022121, "min": -11.787609805099791, "max": -5.637790109491061}, "4": {"mean": -8.771039627047614, "min": -11.47672548890331, "max": -5.637680615938528}, "5": {"mean": -8.783643886163537, "min": -11.84643402893239, "max": -5.636735519793818}, "6": {"mean": -8.548597401585534, "min": -10.937921397147763, "max": -5.635448226941892}, "7": {"mean": -9.948210552155059, "min": -11.795221790591194, "max": -5.633753457740775}, "8": {"mean": -9.707507998885617, "min": -10.925159614241371, "max": -5.566251487146829}, "9": {"mean": -10.047073879856809, "min": -11.390957182330142, "max": -5.566344821166299}, "10": {"mean": -10.054061214299677, "min": -11.601656887229346, "max": -5.564989030705291}, "11": {"mean": -9.95938808105923, "min": -11.201577310909146, "max": -5.566458783159926}, "12": {"mean": -9.221000569160458, "min": -12.585418259424095, "max": -5.565622756866516}, "13": {"mean": -9.502932342438088, "min": -11.216659863365566, "max": -5.566161707852788}, "14": {"mean": -9.71712068040943, "min": -11.212357947372459, "max": -5.5660740060150085}, "15": {"mean": -9.308785147061707, "min": -11.49032913205096, "max": -5.565947544269312}, "16": {"mean": -9.215882306274121, "min": -11.948656967674568, "max": -5.56522755929543}, "17": {"mean": -9.07087124114571, "min": -11.20151092785007, "max": -5.565103524546814}, "18": {"mean": -8.238042933891277, "min": -11.905426928965065, "max": -5.565587397296995}, "19": {"mean": -9.159016136968111, "min": -11.159195058542366, "max": -5.565276487427821}, "20": {"mean": -8.24671328492788, "min": -11.942822947722053, "max": -5.56509195005766}, "21": {"mean": -8.839569309479275, "min": -11.207185962065248, "max": -5.565367042947694}, "22": {"mean": -7.713149785145557, "min": -11.677734332165805, "max": -5.565952066061435}, "23": {"mean": -7.892193213423646, "min": -11.22239652006949, "max": -5.565340425355205}, "24": {"mean": -10.579517123098832, "min": -11.035385643840707, "max": -5.566057445099519}, "25": {"mean": -9.724012672735324, "min": -11.202026359114486, "max": -5.565888533876656}, "26": {"mean": -10.081203970492608, "min": -12.415030647303475, "max": -5.565483102171132}, "27": {"mean": -9.484980684812859, "min": -11.010930490746349, "max": -5.5303850675651125}, "28": {"mean": -10.009329874973144, "min": -10.995740022077847, "max": -5.5657480951199965}, "29": {"mean": -9.296596617664536, "min": -11.915716882899963, "max": -5.565846538781179}, "30": {"mean": -9.473721118721679, "min": -11.034640202826075, "max": -5.565150238792694}, "31": {"mean": -9.188173119590669, "min": -11.76891937882149, "max": -5.512354895666625}, "32": {"mean": -9.146534239588798, "min": -11.508813694572076, "max": -5.514336264469499}, "33": {"mean": -9.558650760861301, "min": -11.946512645685424, "max": -2.5092687368122886}, "34": {"mean": -6.15708476789724, "min": -11.289305608280127, "max": -2.016275535661781}, "35": {"mean": -2.4603225633991883, "min": -11.326847540918582, "max": -1.9533214421618188}, "36": {"mean": -2.3518259085566275, "min": -11.047674884260385, "max": -1.8763106993752816}, "37": {"mean": -2.311221229826966, "min": -11.650639340018982, "max": -1.8401594504354075}, "38": {"mean": -1.8824929431943769, "min": -1.9894340634786842, "max": -1.498495527713907}, "39": {"mean": -2.4024046572319517, "min": -11.26484692077544, "max": -1.0962075833067546}, "40": {"mean": -2.0362637628895603, "min": -11.305015496353501, "max": -1.089099014896765}, "41": {"mean": -1.4173150855961416, "min": -3.6837519189390644, "max": -1.1410661215381892}, "42": {"mean": -1.6238556698528908, "min": -10.379860271643643, "max": -1.0752935912749926}, "43": {"mean": -1.6208326841185319, "min": -11.32292119911683, "max": -0.5966319720928912}, "44": {"mean": -2.111861057216241, "min": -11.612859351575592, "max": -0.3483971004296967}, "45": {"mean": -1.4964853225245403, "min": -11.604729306569508, "max": -0.30079202770042207}, "46": {"mean": -1.2559597558205526, "min": -11.228759090870824, "max": -0.3602409141721964}, "47": {"mean": -1.8871643962822027, "min": -11.257518113551958, "max": -0.3688018538377071}, "48": {"mean": -2.186166329076713, "min": -11.401515786167181, "max": -0.41636861238631445}, "49": {"mean": -1.6201457028981767, "min": -11.45245403771539, "max": -0.3531536363508129}, "50": {"mean": -1.8899158155838618, "min": -11.218151006057187, "max": -0.374750140269175}, "51": {"mean": -1.6754837942424883, "min": -11.250485016059557, "max": -0.3835804478105513}, "52": {"mean": -2.1838641516764112, "min": -11.362202668398892, "max": -0.3347229220909364}, "53": {"mean": -2.6104380220796117, "min": -11.785981662411299, "max": -0.32486406782091515}, "54": {"mean": -0.8288694578427827, "min": -11.301908214955352, "max": -0.3112799543220874}, "55": {"mean": -0.849938437490998, "min": -11.27986532538492, "max": -0.29857755688876975}, "56": {"mean": -2.742873486377693, "min": -11.338054031990856, "max": -0.3299370879292747}, "57": {"mean": -3.154600720827818, "min": -11.334014849550178, "max": -0.3498559516834812}, "58": {"mean": -2.9560690342065463, "min": -11.33066860243476, "max": -0.3711628222145426}, "59": {"mean": -2.8695375735212947, "min": -11.323787278713983, "max": -0.3363491517394177}, "60": {"mean": -2.5920199468565177, "min": -11.331211631893616, "max": -0.3489514918385693}, "61": {"mean": -2.074313304677434, "min": -11.331106246094832, "max": -0.3678049174562676}, "62": {"mean": -2.670882256136096, "min": -11.970190272418794, "max": -0.32222739287517765}, "63": {"mean": -2.5277372688551294, "min": -12.002384882498372, "max": -0.3226771628462872}, "64": {"mean": -2.2218755047942143, "min": -11.310223390560555, "max": -0.346459348534015}, "65": {"mean": -3.082298674936601, "min": -11.717368384164601, "max": -0.31058440461080006}, "66": {"mean": -1.8798264460083218, "min": -11.317569840233732, "max": -0.32594807739621356}, "67": {"mean": -1.7982885689320292, "min": -11.309774708094638, "max": -0.2581335838034994}, "68": {"mean": -1.4818209401276612, "min": -11.332173691350755, "max": -0.350066459388652}, "69": {"mean": -1.4086269794284814, "min": -11.390346121474904, "max": -0.3215348659047895}, "70": {"mean": -1.1553336169417807, "min": -11.394942036497607, "max": -0.29807432830881186}, "71": {"mean": -2.1000993486141355, "min": -11.951590061659557, "max": -0.28961536599770177}, "72": {"mean": -1.2961529743738947, "min": -11.392496204398789, "max": -0.33064318329557996}, "73": {"mean": -4.288496589194511, "min": -11.45086439847677, "max": -0.34374650041346894}, "74": {"mean": -3.4342696347893535, "min": -11.329788209517892, "max": -0.33639738084766807}, "75": {"mean": -2.9496219306120786, "min": -11.330818914576286, "max": -0.34882155619506705}, "76": {"mean": -4.175792994923597, "min": -11.329312118546529, "max": -0.29219672985992023}, "77": {"mean": -4.572975710501421, "min": -11.33185206260413, "max": -0.33651204538552354}, "78": {"mean": -4.5267435443986415, "min": -11.34200490224907, "max": -0.3067879242893832}, "79": {"mean": -4.5551882688724925, "min": -11.331005723856723, "max": -0.3144735655920958}, "80": {"mean": -3.92394241427652, "min": -12.267232850387398, "max": -0.3191648706505278}, "81": {"mean": -4.0303815054903875, "min": -11.323019767211001, "max": -0.29433600221238637}, "82": {"mean": -3.0119564550352993, "min": -11.339458931414377, "max": -0.25357676113577354}, "83": {"mean": -5.122326043889323, "min": -11.743949689884593, "max": -0.0032492311726784796}, "84": {"mean": -5.3406161958213305, "min": -11.491757089153438, "max": -0.00019895044029492534}, "85": {"mean": -6.691510547008187, "min": -11.303795884356088, "max": 0.02409531625727056}, "86": {"mean": -3.573713077439013, "min": -11.306474116290183,