{"0": {"mean": -11.025533294402948, "min": -11.968055415852058, "max": -10.819390934808615}, "1": {"mean": -10.890075961163662, "min": -11.615128243312924, "max": -10.819013101800655}, "2": {"mean": -10.764727967397588, "min": -11.7152867750577, "max": -4.704655371312675}, "3": {"mean": -10.893115154752339, "min": -11.157100977735098, "max": -10.790658787224318}, "4": {"mean": -10.87907415955725, "min": -11.707021408683248, "max": -10.672527080918073}, "5": {"mean": -10.728897109894348, "min": -10.789037970497057, "max": -10.650282843426481}, "6": {"mean": -10.612752760995871, "min": -11.93548687525244, "max": -6.478907577529942}, "7": {"mean": -10.143251428926483, "min": -12.305013658333637, "max": -6.476590561087907}, "8": {"mean": -10.411714186342401, "min": -11.395166938596592, "max": -6.472358047418668}, "9": {"mean": -9.419277352485272, "min": -12.141124142781772, "max": -6.470284792711536}, "10": {"mean": -8.886927610914737, "min": -11.050975898085346, "max": -6.46810889317179}, "11": {"mean": -9.826269690797561, "min": -12.15197309828036, "max": -6.45654310366772}, "12": {"mean": -9.459112474265911, "min": -12.451478432252808, "max": -6.439224374376704}, "13": {"mean": -9.660229932934865, "min": -12.068663987910874, "max": -6.453712496771745}, "14": {"mean": -9.150279757923062, "min": -12.11967198212793, "max": -6.450717254965523}, "15": {"mean": -9.85305431619631, "min": -12.095246314788753, "max": -6.445067627955891}, "16": {"mean": -9.828863756466237, "min": -12.099278721748522, "max": -6.45181021099178}, "17": {"mean": -8.26746753078329, "min": -11.349311799285713, "max": -3.2148794606414324}, "18": {"mean": -6.2141181708165405, "min": -11.736701820115215, "max": -2.951693151169704}, "19": {"mean": -4.698273034830637, "min": -11.473755487144492, "max": -2.0077039621105706}, "20": {"mean": -4.786050893185182, "min": -11.340859485047822, "max": -1.900060828490283}, "21": {"mean": -5.3035971525183285, "min": -11.987570667435227, "max": -1.8906596856219404}, "22": {"mean": -6.265102215039729, "min": -12.007170783111444, "max": -1.8747387675748612}, "23": {"mean": -6.848597369473543, "min": -12.08706629214383, "max": -1.8978521014914576}}