{"0": {"mean": -11.304690210269658, "min": -11.970253539374099, "max": -10.68290391025624}, "1": {"mean": -10.466906719645939, "min": -10.950102158467471, "max": -5.57036760755825}, "2": {"mean": -8.698379655254765, "min": -10.907830305600458, "max": -4.142920505056417}, "3": {"mean": -7.869127649875416, "min": -10.968660952552533, "max": -3.1594903060207407}, "4": {"mean": -7.242650973834335, "min": -10.672784239558647, "max": -3.1609990236353833}, "5": {"mean": -6.544827909270997, "min": -10.634889387531526, "max": -3.149525565011376}, "6": {"mean": -7.216079238028966, "min": -11.806666684000353, "max": -3.0127081130403845}, "7": {"mean": -7.247039642541874, "min": -10.772579455437977, "max": -2.8677587313513655}, "8": {"mean": -6.754374699186054, "min": -10.609787144608251, "max": -2.8639265701800967}, "9": {"mean": -6.587080512109926, "min": -10.664734833132389, "max": -2.546248838997439}, "10": {"mean": -7.68375819530327, "min": -12.007316023734603, "max": -2.640798522845688}, "11": {"mean": -7.925427179421051, "min": -10.742058206748004, "max": -2.3265178207814503}, "12": {"mean": -6.999493879341439, "min": -10.746641822665882, "max": -2.436154972620772}, "13": {"mean": -8.403132623506528, "min": -10.631153262242556, "max": -2.438300226575307}, "14": {"mean": -7.608436436082265, "min": -10.597323168166488, "max": -2.4459863450287793}, "15": {"mean": -7.670839176737466, "min": -10.666614283101916, "max": -2.448253706965886}, "16": {"mean": -10.248151796156515, "min": -11.070697073556646, "max": -2.786698630824147}, "17": {"mean": -9.846899314213307, "min": -11.271448982485428, "max": -2.480365180466691}, "18": {"mean": -8.998425929655282, "min": -10.588058122819191, "max": -2.479821748510565}, "19": {"mean": -4.89688340208331, "min": -10.687209679797984, "max": -2.849896257206955}, "20": {"mean": -3.154652024225391, "min": -4.195487873640173, "max": -2.4165749030189336}}