{"0": {"mean": -11.068673854181217, "min": -11.873658946950112, "max": -10.809977295366053}, "1": {"mean": -10.92786800263557, "min": -11.570519599979868, "max": -10.81727884982402}, "2": {"mean": -10.850948515877803, "min": -10.978492170619655, "max": -10.815832805859918}, "3": {"mean": -10.89651612353757, "min": -11.771432126565712, "max": -10.586157270367133}, "4": {"mean": -10.704903678498466, "min": -11.148708299232275, "max": -10.57971052827141}, "5": {"mean": -10.871145811298826, "min": -12.706782388833336, "max": -10.513949571186307}, "6": {"mean": -10.775399490557726, "min": -11.530441827394139, "max": -10.516435746688241}, "7": {"mean": -10.98527871403952, "min": -11.886924839521543, "max": -10.503451586755897}, "8": {"mean": -11.084029735233305, "min": -11.999461549501323, "max": -10.513237436628987}, "9": {"mean": -10.558680759853617, "min": -10.61747275839323, "max": -10.495633079281465}, "10": {"mean": -10.838099783535384, "min": -11.812240029474033, "max": -10.40655919589882}, "11": {"mean": -9.741701691754352, "min": -10.512412841614863, "max": -3.064425839955117}, "12": {"mean": -6.459021096774137, "min": -10.562741411520555, "max": 0.4578873278286225}, "13": {"mean": -1.4974665843948998, "min": -3.9858029762582405, "max": 0.5267022202235749}, "14": {"mean": -2.1033142543498267, "min": -11.860995317817132, "max": 0.6359804860925519}, "15": {"mean": 0.13752982491485338, "min": -2.919558880251848, "max": 0.5903581403853047}, "16": {"mean": -3.153994069648706, "min": -12.07801163133664, "max": 0.5938513623725742}, "17": {"mean": -1.1477200992200782, "min": -10.614004028431431, "max": 0.6131753695109821}, "18": {"mean": -2.8433343538412887, "min": -9.512081940699504, "max": 0.7535355903909277}, "19": {"mean": -0.5207703706780706, "min": -9.700639787000993, "max": 0.7703158886240538}, "20": {"mean": -1.7497896448480046, "min": -9.900666023610412, "max": 0.7745878024633966}, "21": {"mean": -1.4941445574333279, "min": -11.189980285846925, "max": 0.7822801034275997}, "22": {"mean": -0.37265079352076896, "min": -9.337420308568706, "max": 0.7934657672354951}, "23": {"mean": -0.7678011304428464, "min": -11.244782557866397, "max": 0.8105038851121773}, "24": {"mean": -1.6544580869294936, "min": -11.600319742791601, "max": 0.7951333094621326}, "25": {"mean": 0.3082870986027689, "min": -2.246306931781596, "max": 0.7885327292944617}, "26": {"mean": -0.4705936074761025, "min": -9.534230930843174, "max": 0.7886964730923177}, "27": {"mean": -0.6038889649806698, "min": -11.190368649380051, "max": 0.8078403508061212}, "28": {"mean": -1.7694838473374812, "min": -11.370732614055964, "max": 0.7973544963177928}, "29": {"mean": -1.6964402227247, "min": -9.846429112172014, "max": 0.8125212661698816}, "30": {"mean": -3.6833218771016596, "min": -11.17300674962639, "max": 0.8155314342001647}, "31": {"mean": -0.4289803228851176, "min": -11.189529940022751, "max": 0.8103963252125477}, "32": {"mean": -2.8688615227775713, "min": -11.871499141814066, "max": 0.802975502035221}, "33": {"mean": -2.718115241579546, "min": -11.16639332488981, "max": 0.8097465121342307}, "34": {"mean": -4.314160419142989, "min": -11.408228702588364, "max": 0.8161707952747757}, "35": {"mean": -5.3056850189278615, "min": -11.870251927239824, "max": 0.7951170882439551}, "36": {"mean": -2.8756108000531126, "min": -11.210779637027592, "max": 0.8069389757938132}, "37": {"mean": -1.6122266956798152, "min": -11.37777367826573, "max": 0.8154689299888518}, "38": {"mean": -6.348231735728669, "min": -11.829684218950243, "max": 0.7989863624510725}, "39": {"mean": -6.8674880389120245, "min": -12.02056318139582, "max": 0.8100588009800456}, "40": {"mean": -5.375188232360659, "min": -11.885999392462342, "max": 0.8153608098404261}, "41": {"mean": -2.69781118742795, "min": -11.169519635576783, "max": 0.8137203898771744}, "42": {"mean": -2.636011630639695, "min": -11.89370541493346, "max": 0.8183032427437493}, "43": {"mean": -4.047473730542801, "min": -11.857083430992747, "max": 0.7842227322753152}, "44": {"mean": -6.217141282998969, "min": -11.867210103806574, "max": 0.7984135207117218}, "45": {"mean": -5.262079146740592, "min": -11.185610584138107, "max": 0.795961483520111}, "46": {"mean": -1.6596080478746185, "min": -11.441644379251331, "max": 0.8231180192118308}, "47": {"mean": -5.150076934001683, "min": -11.185682145249087, "max": 0.7995893580091529}, "48": {"mean": -2.851588876869511, "min": -11.653696793717373, "max": 0.8156720579564294}, "49": {"mean": -0.44345062693617016, "min": -11.194338756456311, "max": 0.8120115923553731}, "50": {"mean": -0.23775597025256942, "min": -9.318725187425672, "max": 0.8215242381247192}, "51": {"mean": -1.5410446066897105, "min": -11.18283364038177, "max": 0.8143630403005387}, "52": {"mean": -5.352810551815496, "min": -11.889186766143709, "max": 0.7922329890162163}, "53": {"mean": -4.995625941638143, "min": -11.179031894491075, "max": 0.8166221665857989}, "54": {"mean": -1.363826296086502, "min": -9.88035718077176, "max": 0.8114153490390188}, "55": {"mean": -0.5217593757897373, "min": -11.167550695857793, "max": 0.7994470910913299}, "56": {"mean": -1.6913987053937263, "min": -11.423378054197773, "max": 0.8061767534456775}, "57": {"mean": -2.8882421836586234, "min": -11.282625422933647, "max": 0.8049655470216225}, "58": {"mean": -2.7305650067832925, "min": -11.181985955363704, "max": 0.8219759952732503}, "59": {"mean": -2.6566438026877623, "min": -11.730007567051747, "max": 0.815738601248182}, "60": {"mean": -4.053448403849274, "min": -11.62013358047951, "max": 0.8081722341634191}, "61": {"mean": -4.056118027071412, "min": -11.158930191634642, "max": 0.8270413248008668}, "62": {"mean": -3.76884530520694, "min": -11.474136546070634, "max": 0.8171878646157382}, "63": {"mean": -6.525328801235444, "min": -11.748316664778184, "max": 0.8006089550187706}, "64": {"mean": -4.0401239202072174, "min": -11.713785628318004, "max": 0.8221426109729204}, "65": {"mean": -3.7104340137638565, "min": -11.456171387402446, "max": 0.8160022015676963}, "66": {"mean": -3.881297006890114, "min": -11.225079989521854, "max": 0.8101043621306899}, "67": {"mean": -2.6253921231788504, "min": -11.707877259098288, "max": 0.8078366730684927}, "68": {"mean": -1.7762159328451539, "min": -12.224910565253518, "max": 0.8206390895964812}, "69": {"mean": -2.495399165777683, "min": -11.181928476865126, "max": 0.8078007664434831}, "70": {"mean": -2.84727778271644, "min": -11.182939513845298, "max": 0.818598969523487}, "71": {"mean": -3.0169167993465584, "min": -11.869484013742078, "max": 0.8230415626602872}, "72": {"mean": -1.7997592703986722, "min": -11.278586555601823, "max": 0.8152096152291592}, "73": {"mean": -5.117870119727646, "min": -11.832504474339975, "max": 0.8163818980680589}, "74": {"mean": -1.554475924246834, "min": -11.46753096021272, "max": 0.8246594464925284}, "75": {"mean": -1.7994883002118105, "min": -11.684273696034207, "max": 0.8169712208138621}, "76": {"mean": -3.8594449903903794, "min": -11.823192017659666, "max": 0.8191357358959128}, "77": {"mean": -1.7249241816031837, "min": -11.41672830596645, "max": 0.8306904428617534}, "78": {"mean": -1.653667169623409, "min": -11.569620127479677, "max": 0.8298424607952253}, "79": {"mean": -2.6697258038273706, "min": -11.66407573070344, "max": 0.832804256687566}, "80": {"mean": -4.080431203082159, "min": -11.41896723082375, "max": 0.8129443429689911}, "81": {"mean": -1.7765445111506888, "min": -12.120889898280113, "max": 0.8140340560564825}, "82": {"mean": -1.6825036613280282, "min": -11.152541554978605, "max": 0.8181799092106891}, "83": {"mean": -1.578785212736133, "min": -11.16616400865481, "max": 0.8312185050030567}, "84": {"mean": -7.053603920334043, "min": -11.181344755451201, "max": 0.8083297788019073}, "85": {"mean": -5.241621376767199, "min": -11.199704137992962, "max": 0.8257357603328578}, "86": {"mean": -6.3013056815858315, "min": -11.529720965609455, "max": 0.8233832753272329}, "87": {"mean": -6.320334588680366, "min": -11.877052067716829,