{"0": {"mean": 1.4699999999999993, "min": 0.7999999999999999, "max": 6.099999999999994}, "1": {"mean": 2.4699999999999993, "min": 0.8999999999999999, "max": 7.39999999999999}, "2": {"mean": 3.9799999999999995, "min": 2.600000000000001, "max": 6.999999999999991}, "3": {"mean": 3.7399999999999998, "min": 2.3000000000000007, "max": 6.5999999999999925}, "4": {"mean": 3.6099999999999994, "min": 0.9999999999999999, "max": 5.899999999999995}, "5": {"mean": 3.8800000000000003, "min": 2.500000000000001, "max": 6.699999999999992}, "6": {"mean": 5.219999999999996, "min": 2.2000000000000006, "max": 12.299999999999972}, "7": {"mean": 6.78999999999999, "min": 2.3000000000000007, "max": 17.49999999999998}, "8": {"mean": 8.109999999999989, "min": 5.299999999999997, "max": 13.999999999999966}, "9": {"mean": 7.039999999999992, "min": 4.799999999999999, "max": 14.399999999999965}, "10": {"mean": 11.820000000000032, "min": 0.9999999999999999, "max": 50.00000000000044}, "11": {"mean": 6.539999999999994, "min": 0.9999999999999999, "max": 19.60000000000001}, "12": {"mean": 19.200000000000088, "min": 3.3000000000000016, "max": 50.00000000000044}, "13": {"mean": 17.25000000000008, "min": 0.9999999999999999, "max": 50.00000000000044}, "14": {"mean": 35.02000000000029, "min": 0.8999999999999999, "max": 50.00000000000044}, "15": {"mean": 41.33000000000034, "min": 5.1999999999999975, "max": 50.00000000000044}, "16": {"mean": 37.6300000000003, "min": 0.8999999999999999, "max": 50.00000000000044}, "17": {"mean": 33.80000000000025, "min": 0.8999999999999999, "max": 50.00000000000044}, "18": {"mean": 37.30000000000031, "min": 0.7999999999999999, "max": 50.00000000000044}}