{"0": {"mean": -11.303034123599335, "min": -11.921944452101862, "max": -10.774441162844376}, "1": {"mean": -11.316186244291123, "min": -11.906599467434734, "max": -10.693739623517915}, "2": {"mean": -10.858263063735095, "min": -11.713976025631341, "max": -6.588181316955489}, "3": {"mean": -11.441163916239121, "min": -11.934423755693933, "max": -6.589638726154992}, "4": {"mean": -11.651107631165583, "min": -11.85053261770929, "max": -10.943568604115956}, "5": {"mean": -11.470328729215577, "min": -12.039077748702155, "max": -6.583996973356024}, "6": {"mean": -11.152140281558685, "min": -11.853316466824461, "max": -6.581794288420234}, "7": {"mean": -11.181950291925085, "min": -11.855906781021195, "max": -6.583013125062102}, "8": {"mean": -11.20018553798096, "min": -11.872170203761756, "max": -6.582484006565405}, "9": {"mean": -10.939493643624726, "min": -11.848073236343264, "max": -6.581671834036825}, "10": {"mean": -10.874370362505978, "min": -11.815856193538817, "max": -6.578950693440794}, "11": {"mean": -10.344938846813644, "min": -11.77843164215864, "max": -2.185977352046267}, "12": {"mean": -7.044041352405193, "min": -11.73677270709686, "max": -1.8900184752177809}, "13": {"mean": -3.2996494076995297, "min": -10.388636701578585, "max": -1.5402560467409745}, "14": {"mean": -2.6318300903567056, "min": -10.383736007312997, "max": -1.4022004207565129}, "15": {"mean": -2.039887342887247, "min": -9.794907001274886, "max": -1.387102168183445}, "16": {"mean": -1.4582262590550976, "min": -1.752521294221029, "max": -1.3717240258230494}, "17": {"mean": -1.937572927713251, "min": -10.010925395002714, "max": -1.357129800629178}, "18": {"mean": -3.9491275878144556, "min": -10.65092051631976, "max": -1.4000656132161209}, "19": {"mean": -3.745045981072112, "min": -11.32015422443853, "max": -0.3885029273347637}, "20": {"mean": -2.3570772801786877, "min": -10.468189512694007, "max": -1.2967140877702363}, "21": {"mean": -2.4747193060257002, "min": -11.083354852671796, "max": -1.1117625012828607}, "22": {"mean": -3.710086214681772, "min": -11.411565807728842, "max": -0.7288212701777623}, "23": {"mean": -3.0531863850250596, "min": -11.914316333891017, "max": -0.820548075238245}, "24": {"mean": -1.9506213773367764, "min": -12.144004685507683, "max": -0.40732019775010153}, "25": {"mean": -1.1852852032464676, "min": -11.306078842386357, "max": -0.41306761164262185}, "26": {"mean": -1.5593156529772987, "min": -11.436679516016941, "max": -0.3947911109060364}, "27": {"mean": -0.9770241581491114, "min": -11.349161021227747, "max": 0.10271115523044977}, "28": {"mean": -1.4422512100950717, "min": -11.804001003180735, "max": 0.09881866109416344}, "29": {"mean": -1.6136857545320962, "min": -11.187752027131975, "max": 0.3436396726028792}, "30": {"mean": -2.0815375556869644, "min": -11.786255608785927, "max": 0.4029425558956836}, "31": {"mean": -0.8522512714696051, "min": -11.289512363832753, "max": 0.39580212363044837}, "32": {"mean": -0.9066042200031402, "min": -11.299584783690827, "max": 0.46156220319138613}, "33": {"mean": -0.764549969726038, "min": -11.85209328143889, "max": 0.4859785656402528}, "34": {"mean": -0.7369955270435405, "min": -11.293773665170487, "max": 0.4964021154265819}, "35": {"mean": -1.9599674260678885, "min": -11.25941527952883, "max": 0.49663340494758085}, "36": {"mean": -1.2239960587066478, "min": -11.225954637234667, "max": 0.5031860287116551}, "37": {"mean": -2.967789588956409, "min": -11.278524819171427, "max": 0.493162933493409}, "38": {"mean": -1.9589527693820343, "min": -11.369783244572021, "max": 0.4928055240342378}, "39": {"mean": -3.302589170902396, "min": -11.493283817075774, "max": 0.5015857158591284}, "40": {"mean": -0.5994069229265068, "min": -11.247799166656911, "max": 0.5375222744347916}, "41": {"mean": -1.2762009333590496, "min": -11.432262695680558, "max": 0.5451634317869775}, "42": {"mean": -1.2535677965894985, "min": -11.3498781222801, "max": 0.5547899187599439}, "43": {"mean": -2.4066033782797076, "min": -11.243151868998675, "max": 0.5522588358535421}, "44": {"mean": -1.856903713584019, "min": -11.573690781750575, "max": 0.5537995033554709}, "45": {"mean": -2.494380373852781, "min": -11.8018282977979, "max": 0.5455342526813878}, "46": {"mean": -1.8702229123798528, "min": -11.295525513803438, "max": 0.5529442451893908}, "47": {"mean": -1.8891477500581264, "min": -11.425297898815126, "max": 0.5546165235233061}, "48": {"mean": -1.3511349971506272, "min": -11.289570181960057, "max": 0.5535748681026528}, "49": {"mean": -1.3456495186317925, "min": -11.304444984613607, "max": 0.5542919407734166}, "50": {"mean": -0.24549861623187214, "min": -11.810361661867278, "max": 0.5738212337579216}, "51": {"mean": -0.1976689943639549, "min": -11.206117177689393, "max": 0.5612325264371468}, "52": {"mean": -2.4819211689783445, "min": -11.810242633275685, "max": 0.6597562758253993}, "53": {"mean": -0.5835946217988359, "min": -11.306467402875011, "max": 0.6295920542775546}, "54": {"mean": -0.810448476182928, "min": -11.255386819735408, "max": 0.6288197260993365}, "55": {"mean": -2.450402427937049, "min": -11.499049375278053, "max": 0.6341850466702319}, "56": {"mean": -2.3095326659749937, "min": -11.334346137801822, "max": 0.7015677046156135}, "57": {"mean": -1.173134024048316, "min": -11.604507821996572, "max": 0.720018002077656}, "58": {"mean": -1.7029044120142776, "min": -11.588838938364473, "max": 0.7360617624583314}, "59": {"mean": -0.5913820269364422, "min": -11.295578899147937, "max": 0.7239765945833307}, "60": {"mean": -2.113638623223869, "min": -11.27364657173444, "max": 0.7326212848539196}, "61": {"mean": 0.08516948950002848, "min": -11.22446892312048, "max": 0.7328946168556167}, "62": {"mean": -0.49087168149467875, "min": -11.25388874417517, "max": 0.7231167195411481}, "63": {"mean": -1.1552926956789993, "min": -11.810776947016322, "max": 0.7253445748936136}, "64": {"mean": -1.726866018894508, "min": -11.613837806920918, "max": 0.7276748225265798}, "65": {"mean": -1.0440174473929553, "min": -11.38409691068506, "max": 0.7162368222656693}, "66": {"mean": -1.596210338041812, "min": -11.30650262869763, "max": 0.7261248140599353}, "67": {"mean": -1.1190921919945258, "min": -11.479770093440372, "max": 0.741214049825686}, "68": {"mean": -0.5021197990682155, "min": -11.582539574129715, "max": 0.7339708022941336}, "69": {"mean": -0.6481661589958383, "min": -11.283102301339381, "max": 0.7462236834395484}, "70": {"mean": -1.8013366096848238, "min": -11.26335108957867, "max": 0.738513944539328}, "71": {"mean": 0.11531108081125367, "min": -11.268508290303522, "max": 0.7467314358681364}, "72": {"mean": -0.5574541844661428, "min": -11.083567240137576, "max": 0.7309072823661527}, "73": {"mean": -1.6804356502026323, "min": -11.775975162346608, "max": 0.7361836250962008}, "74": {"mean": -4.918146305386837, "min": -11.773961171915953, "max": 0.7386539109356144}, "75": {"mean": -3.479889230267254, "min": -11.377172108727788, "max": 0.7408918866914654}, "76": {"mean": 0.5341198094823748, "min": -0.5243958568102719, "max": 0.7461956235693092}, "77": {"mean": -2.973290753674195, "min": -11.840502638330332, "max": 0.7319471584740352}, "78": {"mean": 0.09750715556955501, "min": -9.994611109586684, "max": 0.7413854041762745}, "79": {"mean": -0.5684596103725643, "min": -11.277663938618913, "max": 0.7390285281052704}, "80": {"mean": -3.230534420655708, "min": -11.465652251698168, "max": 0.7504922150416967}, "81": {"mean": 0.6087414237698849, "min": -0.7243696094876568, "max": 0.7519338830229217}, "82": {"mean": -0.14394356886683976, "min": -11.163545344575123, "max": 0.7595004155522872}, "83": {"mean": 0.6661649321196831, "min": -0.7565220746481538, "max": 0.7567108625561706}, "84": {"mean": -0.5888861804437978, "min": -11.844001079432315, "max": 0.7637303254323072}, "85": {"mean": -2.1129004153998245, "min": -11.455673800417337, "max": 0.7632095623799441}, "86": {"mean": -2.184431183566317, "min": -11.44295898256114, "max": 0.756283801162182},