{"0": {"mean": -10.964131456629769, "min": -11.94097034730694, "max": -5.884468255714436}, "1": {"mean": -10.471723006718415, "min": -11.893060345543052, "max": -4.256731481340122}, "2": {"mean": -10.01840511963526, "min": -10.949339315891885, "max": -4.373635891072314}, "3": {"mean": -7.494341420581695, "min": -10.725295676995815, "max": -1.5365702236721965}, "4": {"mean": -5.705908770124253, "min": -11.49918092424199, "max": -1.3124188395800849}, "5": {"mean": -2.9502753511675746, "min": -10.747911882578036, "max": -0.7565272886569175}, "6": {"mean": -3.1210090941025403, "min": -11.754205460030432, "max": -0.7538350882157882}, "7": {"mean": -4.687653897727644, "min": -11.452927197495987, "max": -0.7334405542210195}, "8": {"mean": -4.139225783832373, "min": -11.256387072825987, "max": 0.23753944300764818}, "9": {"mean": -4.2203666546893155, "min": -11.375804674972128, "max": 0.23840651751734449}, "10": {"mean": -5.012979662603361, "min": -11.423910005911853, "max": 0.2878817427309803}, "11": {"mean": -3.9357152380474387, "min": -11.353171831219806, "max": 0.2784632842212438}, "12": {"mean": -3.845561784312936, "min": -11.32944596618263, "max": 0.3088498409734003}, "13": {"mean": -3.2130073750916686, "min": -11.696748824534788, "max": 0.27089335409622106}, "14": {"mean": -5.493538332390483, "min": -11.379939274899753, "max": 0.2709135297833108}, "15": {"mean": -3.298022880630633, "min": -11.906940565196349, "max": 0.260783884004764}, "16": {"mean": -2.214660115317412, "min": -11.45901606608119, "max": 0.5921987139515439}, "17": {"mean": -4.481578773408157, "min": -11.968219520371193, "max": 0.6011508233565488}, "18": {"mean": -4.277580249373374, "min": -11.760969628002952, "max": 0.6043472154992705}, "19": {"mean": -4.999882117759566, "min": -11.340602051685194, "max": 0.5996712981019665}}