{"0": {"mean": -11.205389970056903, "min": -11.890314781247328, "max": -10.592255347585802}, "1": {"mean": -10.73292340858297, "min": -11.787628681498829, "max": -10.278215742177206}, "2": {"mean": -9.912251264965954, "min": -10.857577242519149, "max": -1.9922287327918449}, "3": {"mean": -9.827779725736075, "min": -10.541220990684256, "max": -9.25548997344496}, "4": {"mean": -9.250779927009932, "min": -9.288349125773516, "max": -9.223440224504134}, "5": {"mean": -9.29215862876929, "min": -10.274482375021194, "max": -9.220844530081694}, "6": {"mean": -9.244147193829951, "min": -9.346655442022136, "max": -9.210227378528316}, "7": {"mean": -9.225621830274623, "min": -9.26018244430886, "max": -9.189069337496546}, "8": {"mean": -9.220931629645047, "min": -9.338519811031077, "max": -9.18500621469027}, "9": {"mean": -9.218579082310216, "min": -9.239692229919903, "max": -9.18440672443934}, "10": {"mean": -9.226685889263678, "min": -9.373836786716769, "max": -9.188474498383599}, "11": {"mean": -9.229399458348654, "min": -9.325070972260065, "max": -9.18197124023489}, "12": {"mean": -8.873088903543977, "min": -9.254773332351796, "max": -2.4205800479784876}, "13": {"mean": -6.203357622363276, "min": -12.160493895263201, "max": 0.34394522857752907}, "14": {"mean": -2.4952599083358553, "min": -11.54467196073867, "max": 0.33892449785519346}, "15": {"mean": -2.6423793997007374, "min": -11.932295000591896, "max": 0.40000355116602576}, "16": {"mean": -1.9979449416273076, "min": -11.924855985092831, "max": 0.386118670867657}, "17": {"mean": -4.025745252629454, "min": -11.87085978898024, "max": 0.3181329321275831}, "18": {"mean": -2.1364565067379533, "min": -11.94006126452125, "max": 0.4259494395976942}, "19": {"mean": -2.5567182300087707, "min": -11.880137485318272, "max": 0.4104275155995803}, "20": {"mean": -1.9129157427614782, "min": -11.370510468937155, "max": 0.4836328205454158}, "21": {"mean": -2.1726120373530025, "min": -11.710173018179615, "max": 0.5278444297137074}, "22": {"mean": -2.460248613604352, "min": -11.758001780861031, "max": 0.7356144464945676}, "23": {"mean": -1.4286631064138167, "min": -11.876189619280826, "max": 0.7638018685996765}, "24": {"mean": -2.5557071588268974, "min": -11.843686612875839, "max": 0.7628124025246117}, "25": {"mean": -2.5162470533690113, "min": -11.930946731734483, "max": 0.7488877185555801}, "26": {"mean": -2.7832213186253116, "min": -11.87728221713234, "max": 0.7438988934113159}, "27": {"mean": -4.163198116546091, "min": -11.812559317911361, "max": 0.677344414755296}, "28": {"mean": -3.93553996020742, "min": -11.863827837350817, "max": 0.7372209981954589}, "29": {"mean": -4.014680862836209, "min": -11.759943163863193, "max": 0.7429943930662765}, "30": {"mean": -3.1964267170792846, "min": -11.824470307472088, "max": 0.747544456321197}, "31": {"mean": -1.7799701374670593, "min": -11.299329730038934, "max": 0.7379287381226196}, "32": {"mean": -3.443243555214978, "min": -11.886946961989732, "max": 0.7545009068622509}, "33": {"mean": -3.9646470692828437, "min": -11.849313561834796, "max": 0.7388920379226647}, "34": {"mean": -3.9106130482939934, "min": -11.868082710062263, "max": 0.7468920198807323}, "35": {"mean": -3.3798709285439146, "min": -11.889463471730695, "max": 0.749991630686463}, "36": {"mean": -2.8711923474566587, "min": -11.897782869267193, "max": 0.758466822146432}, "37": {"mean": -6.1276732007047325, "min": -12.083132340502816, "max": 0.7445789245370664}, "38": {"mean": -4.351761644311313, "min": -11.970055843823602, "max": 0.7623610405418225}, "39": {"mean": -5.074797718234487, "min": -11.98477279592106, "max": 0.7411131400576918}, "40": {"mean": -3.1712162261806744, "min": -11.824059783499003, "max": 0.7682931398551557}, "41": {"mean": -0.6261968635537745, "min": -1.02338496687084, "max": 0.7500008089403929}, "42": {"mean": -3.5719888284507872, "min": -11.872853841296317, "max": 0.7525727606298183}, "43": {"mean": -1.7208492705193437, "min": -11.864003185661208, "max": 0.7554593246293629}, "44": {"mean": -4.289241686532896, "min": -11.895462359545316, "max": 0.7717344169203315}, "45": {"mean": -4.938722527820156, "min": -11.930979254129506, "max": 0.806135294345147}, "46": {"mean": -2.3601309687520597, "min": -11.75183049791123, "max": 0.9253086612251094}, "47": {"mean": -2.7454019127310594, "min": -11.869782866250187, "max": 0.8089368659121977}, "48": {"mean": -3.2655093697236253, "min": -11.909204697906965, "max": 0.8289538711905107}, "49": {"mean": -2.3179723999818536, "min": -12.035102887380152, "max": 0.8240229377554381}, "50": {"mean": -3.263312190989641, "min": -12.04197115986415, "max": 0.6152259259747909}, "51": {"mean": -2.924402633976791, "min": -11.965436523220266, "max": 0.8138321980529326}, "52": {"mean": -3.4437598066579915, "min": -11.867574372024064, "max": 0.8452568740130538}, "53": {"mean": -4.075616510876676, "min": -12.054527441341836, "max": 0.7620790030164065}, "54": {"mean": -2.7333388313901463, "min": -11.972326784251944, "max": 0.7058665137972531}, "55": {"mean": -3.7894338948290036, "min": -12.07524517534799, "max": 0.4798718773436522}, "56": {"mean": -3.4508181489090397, "min": -11.916331881824696, "max": 0.5000287735379635}, "57": {"mean": -4.530479834992258, "min": -11.96674384877284, "max": 0.7744367294538747}, "58": {"mean": -5.897521347015879, "min": -12.208658532032532, "max": 0.7511680596463896}, "59": {"mean": -3.096620095647954, "min": -11.839926008908513, "max": 0.7623353886912644}, "60": {"mean": -6.808612875060005, "min": -11.979099519841322, "max": 0.7961506602293578}, "61": {"mean": -4.393594998690452, "min": -12.00710161146134, "max": 0.8029048384945324}, "62": {"mean": -0.8851636798808423, "min": -11.73239625983506, "max": 0.8046984582909514}, "63": {"mean": -5.412644526634785, "min": -12.115989953852687, "max": 0.7705095291701783}, "64": {"mean": -6.941499274417109, "min": -11.809622526788285, "max": 0.7956408680672117}, "65": {"mean": -8.453691701332206, "min": -11.856919262401531, "max": 0.8978229520600781}, "66": {"mean": -9.1178154571173, "min": -12.039083872439756, "max": 0.7883823369268774}, "67": {"mean": -9.572998092649263, "min": -11.746342574063574, "max": 0.8477449209056015}, "68": {"mean": -10.262815740212224, "min": -11.803268821562948, "max": 0.32069723737951333}, "69": {"mean": -9.788353592530022, "min": -12.083638947328328, "max": 0.7900490221439488}, "70": {"mean": -6.43488007972299, "min": -11.741965440380564, "max": 0.7677787468321119}, "71": {"mean": -7.553781665506023, "min": -11.969956493649864, "max": 0.8094301034084787}, "72": {"mean": -9.161778985330933, "min": -11.954806239216762, "max": 0.76894036047954}, "73": {"mean": -8.612910372843011, "min": -11.882810564390688, "max": 0.7722698061575012}, "74": {"mean": -7.9434888405360145, "min": -11.791582331872329, "max": 0.8283224036916735}, "75": {"mean": -5.6987161026109305, "min": -11.72753163025557, "max": 0.8087945150471088}, "76": {"mean": -6.433573590240634, "min": -11.685676538799125, "max": 0.7796707879051392}, "77": {"mean": -6.677590498747236, "min": -11.717827203366872, "max": 0.7778862131974478}, "78": {"mean": -4.786015211610687, "min": -11.680525758932163, "max": 0.7961746961042692}, "79": {"mean": -7.510926495531914, "min": -11.966733571947696, "max": 0.7765812378963293}, "80": {"mean": -4.874254655287631, "min": -11.560188226298667, "max": 0.7999469947538328}, "81": {"mean": -7.600203717265174, "min": -12.19035040570106, "max": 0.786911383077363}, "82": {"mean": -7.15049034312852, "min": -12.074024743697478, "max": 0.8030618600996916}, "83": {"mean": -8.46495772287877, "min": -11.874713544522667, "max": 0.7638921572300742}, "84": {"mean": -6.113777250784227, "min": -11.73150431894337, "max": 0.7924780410256304}, "85": {"mean": -6.713916783561755, "min": -11.924373697978048, "max": 0.8049691537106011}, "86": {"mean": -8.376566301018782, "min": -12.232380764461546, "max": 0.7999640472535982}, "87": {"mean": -5.983885530491171, "min": -12.108011110215047, "max": 0.8030306709330146},