{"0": {"mean": -110.85293743212358, "min": -119.17807929245258, "max": -13.811740009714995}, "1": {"mean": -110.39583112618725, "min": -119.63996137583318, "max": -36.769890705601576}, "2": {"mean": -111.22953663899217, "min": -120.11012576766251, "max": -23.82558579073572}, "3": {"mean": -108.98035544095548, "min": -120.05155137538227, "max": -59.17706084560565}, "4": {"mean": -110.24820763975005, "min": -119.18260226792594, "max": -49.66295715060891}, "5": {"mean": -110.96107062156506, "min": -120.1098878247862, "max": -63.80262477156864}, "6": {"mean": -113.22352066845055, "min": -125.31830308533335, "max": -106.23612126032876}, "7": {"mean": -110.8976936210017, "min": -119.30872742124646, "max": -60.69956888026204}, "8": {"mean": -107.95679719616923, "min": -121.12628790938297, "max": -40.88915361167116}, "9": {"mean": -106.59776058893678, "min": -120.25198928869867, "max": -40.8073486462909}, "10": {"mean": -110.2867961356106, "min": -120.21578170619006, "max": -67.89427551673023}, "11": {"mean": -112.71756181605993, "min": -119.70700418420944, "max": -104.69121055700491}, "12": {"mean": -109.23601013328425, "min": -122.37954520440653, "max": -51.29036561367606}, "13": {"mean": -107.22138312620532, "min": -127.35080793610693, "max": -47.90541196253553}, "14": {"mean": -107.82183889808955, "min": -127.9619511823965, "max": -53.93108448915641}, "15": {"mean": -105.6466467603157, "min": -118.41130278946088, "max": -45.19815477306964}, "16": {"mean": -106.19682002706912, "min": -121.87213562239644, "max": -45.33435550918298}, "17": {"mean": -104.9368638202288, "min": -121.79918207806348, "max": -37.00432632206799}, "18": {"mean": -104.28062320019404, "min": -120.66629960932288, "max": -34.046183829233605}, "19": {"mean": -109.49133522164871, "min": -124.21839673944564, "max": -38.22334504644034}, "20": {"mean": -105.89733640035027, "min": -121.20310034164194, "max": -38.19916193457952}, "21": {"mean": -109.14151295352175, "min": -128.20328808848498, "max": -53.67468315981275}, "22": {"mean": -105.93713154006974, "min": -120.6434128724844, "max": -36.193666290241296}, "23": {"mean": -109.26221906542048, "min": -120.83224392447279, "max": -56.03936315295611}, "24": {"mean": -105.85446666181842, "min": -128.49583954853688, "max": -20.50059630169783}, "25": {"mean": -109.73003685526852, "min": -125.81169057582319, "max": -77.72837435407324}, "26": {"mean": -108.31915141321943, "min": -121.724422744371, "max": -35.82877457221383}, "27": {"mean": -108.52710913330554, "min": -129.79010921262858, "max": -51.276756539236814}, "28": {"mean": -111.73629238571085, "min": -125.03262941196873, "max": -51.35964600832516}, "29": {"mean": -106.3522824968947, "min": -121.33106327035283, "max": -43.95541901256117}, "30": {"mean": -109.26930123188399, "min": -121.50163502507671, "max": -37.868455724796206}, "31": {"mean": -111.50436122894743, "min": -123.26377022653075, "max": -61.09658025740984}, "32": {"mean": -107.6786126314926, "min": -120.34146641182215, "max": -40.03134207442607}, "33": {"mean": -108.98706383252402, "min": -119.37974934426043, "max": -57.33270866695592}, "34": {"mean": -107.55670933961704, "min": -119.07072246388036, "max": -37.082043945589696}, "35": {"mean": -111.54429610004316, "min": -121.74317913072824, "max": -60.614261309990574}, "36": {"mean": -107.52458797803119, "min": -120.61914343737251, "max": -47.911964448904996}, "37": {"mean": -110.35260694011826, "min": -118.01157683764244, "max": -87.79818975916741}, "38": {"mean": -108.28518489250285, "min": -119.02897049862364, "max": -47.37958713927534}, "39": {"mean": -109.08879011789811, "min": -120.01919953403157, "max": -58.88513478149313}, "40": {"mean": -106.496677266003, "min": -121.83573485830973, "max": -44.30944618339255}, "41": {"mean": -108.41020031823136, "min": -124.58198033250147, "max": -37.350871534046384}, "42": {"mean": -106.03536106107912, "min": -121.18793755284284, "max": -45.392328335589745}, "43": {"mean": -103.33885965658833, "min": -118.56996176354014, "max": -25.124211977479796}, "44": {"mean": -105.70840819278163, "min": -126.6028448996996, "max": -37.33959062410227}, "45": {"mean": -106.2733224862653, "min": -131.26164450325504, "max": -37.29830008437228}, "46": {"mean": -108.55985997744438, "min": -122.73491986758047, "max": -61.583601492689176}, "47": {"mean": -104.77858519069395, "min": -120.04512978342854, "max": -47.860133838146055}, "48": {"mean": -104.73604976186108, "min": -123.32485841910922, "max": -27.82778905851612}, "49": {"mean": -106.77155770602724, "min": -123.84965161302685, "max": -48.3094349822341}, "50": {"mean": -102.1449257408263, "min": -122.21047822582761, "max": -44.14449626010537}, "51": {"mean": -108.09118198806155, "min": -127.15518825785082, "max": -62.71767092050563}, "52": {"mean": -105.42005857150218, "min": -125.3652439057885, "max": 2.7544135145777653}, "53": {"mean": -107.00402609536009, "min": -128.02178775526096, "max": -22.35342862406069}, "54": {"mean": -101.42952928971857, "min": -120.2061583267689, "max": -22.55951384698679}, "55": {"mean": -104.31692364677434, "min": -122.07396673885566, "max": -22.64647348051838}, "56": {"mean": -109.24420799944403, "min": -125.39952469422725, "max": -46.839891742505394}, "57": {"mean": -108.14326058802084, "min": -117.40825748232753, "max": -43.916899017111945}, "58": {"mean": -108.72388806305803, "min": -118.36491976195823, "max": -60.75107187813388}, "59": {"mean": -108.7225032026493, "min": -123.41382639575377, "max": -60.07837827733213}, "60": {"mean": -108.67382811980833, "min": -123.46887568152074, "max": -59.536863052211906}, "61": {"mean": -110.71180167411708, "min": -125.96557486204101, "max": -60.56294399014862}, "62": {"mean": -107.03761285462377, "min": -126.0100473406953, "max": -38.16411147419175}, "63": {"mean": -109.54298461579798, "min": -123.1025927100423, "max": -96.23544029939809}, "64": {"mean": -109.63283501063333, "min": -118.86168204985717, "max": -80.97461015469774}, "65": {"mean": -107.36370262055677, "min": -136.1061565709442, "max": -63.75835087194818}, "66": {"mean": -107.41167649476263, "min": -121.61797691308352, "max": -60.336839951574}, "67": {"mean": -105.94207088215575, "min": -121.904861239039, "max": -42.887427779279086}, "68": {"mean": -108.1951566269387, "min": -118.37883917563023, "max": -30.120924704782254}, "69": {"mean": -108.96476082140623, "min": -125.21186817828581, "max": -46.22681061713227}, "70": {"mean": -108.95854234662639, "min": -123.13029821301973, "max": -27.912305513158078}, "71": {"mean": -111.60224184657096, "min": -127.83784124161687, "max": -61.33767145768685}, "72": {"mean": -107.40683413876853, "min": -119.08844365295208, "max": -46.35962009755461}, "73": {"mean": -105.9467690202616, "min": -121.84750271040153, "max": -16.499700581859482}, "74": {"mean": -105.40873073101399, "min": -120.25893432459566, "max": -54.527602697422196}, "75": {"mean": -108.07837657454624, "min": -118.47301581834722, "max": -59.04397169910176}, "76": {"mean": -110.66379639538144, "min": -124.67314671534183, "max": -61.39239518900965}, "77": {"mean": -104.99689667697879, "min": -124.59246898529628, "max": -46.9655462712183}, "78": {"mean": -107.29678123410322, "min": -119.9473535600183, "max": -48.790298022479554}, "79": {"mean": -106.85766896224966, "min": -118.30471780790361, "max": -58.00036401795257}, "80": {"mean": -106.87600598376231, "min": -119.6718302490103, "max": -19.028048193689937}, "81": {"mean": -106.82633640239374, "min": -118.88981446242454, "max": -33.782539378353384}, "82": {"mean": -106.43350092105663, "min": -118.55389424848447, "max": -57.99890409849845}, "83": {"mean": -109.11559039908802, "min": -118.35880775834953, "max": -57.9971812612934}, "84": {"mean": -105.75999801719004, "min": -118.86944306803466, "max": -57.49288142544302}, "85": {"mean": -111.07474651230847, "min": -130.02657833987843, "max": -60.684780526523056}, "86": {"mean": -111.40242935610443, "min": -129.50507530013, "max": -101.13834447507563},