{"0": {"mean": -11.15733466869036, "min": -12.044835161977137, "max": -10.339116370413514}, "1": {"mean": -10.54721392909269, "min": -11.52789501459518, "max": -4.640205093489644}, "2": {"mean": -9.668533628999327, "min": -11.682372083137619, "max": -4.577823280250614}, "3": {"mean": -6.2594093113910505, "min": -12.095895877262269, "max": -4.138518861681929}, "4": {"mean": -6.520387985778402, "min": -11.967191112276538, "max": -3.374836077735573}, "5": {"mean": -6.446525248868953, "min": -12.065342747992151, "max": -2.94392847242624}, "6": {"mean": -4.71495715380124, "min": -11.9464607226328, "max": -2.6951383079883446}, "7": {"mean": -4.167455069013478, "min": -11.728755590392339, "max": -2.909205339174148}, "8": {"mean": -3.7752139499314916, "min": -11.860525636523485, "max": -2.0895992317006673}, "9": {"mean": -4.51928080795547, "min": -12.110057337063278, "max": 0.02886404931063319}, "10": {"mean": -1.9764494110458224, "min": -12.225366951147281, "max": 0.5113067144272506}, "11": {"mean": -1.5562163312962087, "min": -11.20749127321357, "max": 0.6471166430035992}, "12": {"mean": -1.7734811472401228, "min": -11.268081344646532, "max": 0.7096252206665875}, "13": {"mean": -1.299047752659277, "min": -11.349805039142124, "max": 0.789225718208637}, "14": {"mean": -2.4152347808469345, "min": -12.023660587458757, "max": 0.8266286482767609}, "15": {"mean": -4.444954255196652, "min": -11.634769576060961, "max": 0.8408363421759086}, "16": {"mean": -3.844999957795187, "min": -11.827180781287542, "max": 0.8479139192093207}}