{"0": {"mean": -10.831337528371376, "min": -10.857089525070787, "max": -10.80773349426488}, "1": {"mean": -10.82315748470227, "min": -10.828863340983851, "max": -10.817451628420688}, "2": {"mean": -10.820524503554342, "min": -10.835447702596275, "max": -10.810234025379705}, "3": {"mean": -10.814674165185634, "min": -10.817469612220986, "max": -10.811878718150282}, "4": {"mean": -10.81513894046483, "min": -10.815138940464829, "max": -10.815138940464829}, "5": {"mean": -10.825774100725377, "min": -10.835506152748254, "max": -10.815565370375229}, "6": {"mean": -10.820313479295777, "min": -10.830505978801972, "max": -10.811920131957965}, "7": {"mean": -10.815317281327644, "min": -10.815375635618778, "max": -10.815258927036512}, "8": {"mean": -10.810310524019227, "min": -10.810310524019227, "max": -10.810310524019227}, "9": {"mean": -10.827668588552642, "min": -10.835441909701563, "max": -10.811813095184043}}