{"0": {"mean": -110.65679213886179, "min": -120.04887852304739, "max": -60.067907132289086}, "1": {"mean": -111.47271823207001, "min": -120.92531460503488, "max": -45.269278795561874}, "2": {"mean": -109.85193744892791, "min": -123.26750081525122, "max": -28.046800287303725}, "3": {"mean": -109.44931934787401, "min": -122.73126470427215, "max": -61.632960311389304}, "4": {"mean": -111.01595625706547, "min": -119.25728848243877, "max": -45.66756446767254}, "5": {"mean": -112.26802692105235, "min": -122.06307608995773, "max": -100.83048081089674}, "6": {"mean": -112.40539615207676, "min": -125.72597309566913, "max": -103.51753742181137}, "7": {"mean": -108.72609773402093, "min": -122.00150978620164, "max": -42.312516358154284}, "8": {"mean": -107.4420732492599, "min": -121.53458651521056, "max": -27.552011178088655}, "9": {"mean": -108.53997672979565, "min": -119.3941727095478, "max": -34.14283633004334}, "10": {"mean": -105.67491350186037, "min": -119.53815451732402, "max": -31.816120886480892}, "11": {"mean": -107.44303421475861, "min": -123.45692242755803, "max": -20.19286389242423}, "12": {"mean": -103.34698798639636, "min": -120.97515089448727, "max": -30.43434775892473}, "13": {"mean": -106.27884135520128, "min": -121.90675399016135, "max": -31.25741441516053}, "14": {"mean": -105.8982410764152, "min": -121.3090097154975, "max": -28.571916469635454}, "15": {"mean": -101.1211059208885, "min": -121.72439522629915, "max": -14.896499211432651}, "16": {"mean": -108.0310137985205, "min": -123.00962664809077, "max": -27.21603165641463}, "17": {"mean": -107.78113415187572, "min": -124.696447270123, "max": -5.790143009507862}, "18": {"mean": -106.81712033566663, "min": -119.43974353069234, "max": -20.305606522034786}, "19": {"mean": -109.83143502722362, "min": -126.77029887530581, "max": -47.4680314108971}, "20": {"mean": -107.44895491999515, "min": -120.0624913392514, "max": -29.286860804989864}, "21": {"mean": -107.63258882552167, "min": -120.89540061807614, "max": -17.215834786844972}, "22": {"mean": -108.65448423814152, "min": -119.23706743133273, "max": -20.11872424823803}, "23": {"mean": -109.66770021686585, "min": -121.3965443626251, "max": -22.850742536897993}, "24": {"mean": -111.00209997917493, "min": -122.4456077698574, "max": -56.12183537361212}, "25": {"mean": -106.56541075069885, "min": -121.23663191237176, "max": -24.083671750768225}, "26": {"mean": -106.43446763002832, "min": -121.14187100282436, "max": -35.03277505787275}, "27": {"mean": -104.55386228968992, "min": -119.87100367360748, "max": -45.03148146934522}, "28": {"mean": -101.74498141003382, "min": -123.23324448209927, "max": -30.87772055956098}, "29": {"mean": -107.63895357651198, "min": -126.06637186439832, "max": -56.10191542500838}, "30": {"mean": -100.27212828931937, "min": -119.1017933468024, "max": -30.43624613837648}, "31": {"mean": -100.13701273227261, "min": -121.51002288412798, "max": -3.846132731129813}, "32": {"mean": -99.63699062766345, "min": -120.80958281148197, "max": -28.580103496400827}, "33": {"mean": -93.47534962002956, "min": -125.07123949665062, "max": -0.6662104972537685}, "34": {"mean": -100.53091931276329, "min": -126.02658790099065, "max": 6.133883386111449}, "35": {"mean": -8.702493696432127, "min": -118.32510529552005, "max": 6.717676861815418}, "36": {"mean": -9.206021400351808, "min": -116.3960667998578, "max": 6.7474438384456255}, "37": {"mean": -8.798607276916073, "min": -114.57851436754478, "max": 6.55482648098497}, "38": {"mean": -17.59138645885573, "min": -115.4539454288114, "max": 6.6834392969448375}, "39": {"mean": -8.940980064811207, "min": -117.74119344564235, "max": 7.112434037164168}, "40": {"mean": -13.782143012769406, "min": -121.18577748039334, "max": 6.917510196556585}, "41": {"mean": -11.506643035980316, "min": -116.71307126105177, "max": 7.088152464709238}, "42": {"mean": -15.101478606122209, "min": -122.08909825407585, "max": 7.083494963704502}, "43": {"mean": -13.569567737384878, "min": -117.21064073469893, "max": 7.169675484216454}, "44": {"mean": -13.133327000326032, "min": -116.24677577552424, "max": 7.033357535143057}, "45": {"mean": -10.912175440542267, "min": -118.56409414621277, "max": 7.148955283571242}, "46": {"mean": -4.005756779667489, "min": -119.01508898200298, "max": 7.17380373661068}, "47": {"mean": -11.453188225858746, "min": -119.04738820155042, "max": 6.971316626239017}, "48": {"mean": -15.787635221229175, "min": -123.84799821873303, "max": 7.061469569511036}, "49": {"mean": -14.86579017538225, "min": -117.02305413565551, "max": 7.1630130666363705}, "50": {"mean": -11.644173205667666, "min": -123.36928280521468, "max": 6.9196490060414515}, "51": {"mean": -11.094530617026942, "min": -118.73560873334277, "max": 7.405680358086875}, "52": {"mean": -19.906335745533376, "min": -120.12822523836155, "max": 7.11188401732165}, "53": {"mean": -17.197972904662652, "min": -125.33119328404766, "max": 7.503921728826796}, "54": {"mean": -17.205677768163675, "min": -115.67683987193303, "max": 7.174214260073907}, "55": {"mean": -12.976382853132453, "min": -120.3548484981576, "max": 6.991322815085337}, "56": {"mean": -14.331729413327785, "min": -118.11302947835034, "max": 7.016092253270194}, "57": {"mean": -22.351023817789866, "min": -119.76043714548993, "max": 6.905437335370546}, "58": {"mean": -13.498007334246623, "min": -114.37114507860302, "max": 7.1386633292432125}, "59": {"mean": -22.398993216059775, "min": -119.69214219077544, "max": 7.0577415093055755}, "60": {"mean": -6.9522224525121645, "min": -115.85898268276324, "max": 7.252980537173697}, "61": {"mean": -22.975709168691196, "min": -123.49606483709604, "max": 7.054722924734601}, "62": {"mean": -27.38098406335051, "min": -119.08669159272709, "max": 7.198441315329345}, "63": {"mean": -15.859838521205411, "min": -118.07592702921812, "max": 7.719296280664556}, "64": {"mean": -22.05719621131158, "min": -120.1213088334661, "max": 7.485656447840354}, "65": {"mean": -29.384562468972067, "min": -120.6145616256748, "max": 8.423069812213226}, "66": {"mean": -8.20374199298971, "min": -117.7895604139245, "max": 7.790340408271209}, "67": {"mean": -7.365506806367267, "min": -111.89920739605974, "max": 8.757329936340323}, "68": {"mean": -16.860374095073436, "min": -115.03130184380413, "max": 8.887378286279391}, "69": {"mean": -11.768922323331836, "min": -117.28770823150228, "max": 8.027479268451225}, "70": {"mean": -20.99327640202869, "min": -119.83822384400708, "max": 8.928552861860364}, "71": {"mean": -25.38486353639876, "min": -119.74597918442963, "max": 8.93139628098677}, "72": {"mean": -24.097839433514924, "min": -121.78119667813364, "max": 9.448372768541565}, "73": {"mean": -6.814809148945846, "min": -119.66865512033547, "max": 11.630707739956966}, "74": {"mean": -17.09814153152406, "min": -119.21552235549237, "max": 12.083192993889515}, "75": {"mean": -21.143893880407923, "min": -122.00035772546113, "max": 9.838052458262501}, "76": {"mean": -21.16583487632397, "min": -118.62887577554942, "max": 8.957589486196076}, "77": {"mean": -22.78766971163884, "min": -118.3196149830987, "max": 7.722547276487188}, "78": {"mean": -10.648147749693123, "min": -119.19365182471643, "max": 9.01810005286433}, "79": {"mean": -21.44519559254369, "min": -115.82660946752117, "max": 11.098913803954446}, "80": {"mean": -26.45761324488613, "min": -115.10812947757472, "max": 7.412726233235854}, "81": {"mean": -18.773304093173646, "min": -124.01889287463636, "max": 6.979582928869506}, "82": {"mean": -17.08888998056902, "min": -120.46578612823298, "max": 7.079828961474663}, "83": {"mean": -25.37238278232753, "min": -118.18536211028263, "max": 7.344749705223236}, "84": {"mean": -12.574197209914553, "min": -117.8995649884947, "max": 7.167832114626718}, "85": {"mean": -14.129680190273577, "min": -114.89648508848198, "max": 7.146769707758762}, "86": {"mean": -12.679292794605335, "min": -118.49971250309342, "max": 8.193685130974895}, "87": {"mean": -13.01453290921571, "min": -115.72743498430437,