{"0": {"mean": -10.722726091693529, "min": -11.918035768198283, "max": -6.007922429947764}, "1": {"mean": -10.921379722477631, "min": -11.957000311865162, "max": -10.55766827626961}, "2": {"mean": -10.61927139997768, "min": -10.806513141679453, "max": -10.553324285780825}, "3": {"mean": -10.557703522569003, "min": -10.586776771216343, "max": -10.549458450724433}, "4": {"mean": -10.669469684007304, "min": -11.679269578972832, "max": -10.537131598806816}, "5": {"mean": -10.566903109848418, "min": -10.620986405974502, "max": -10.538585608692404}, "6": {"mean": -10.55901498827578, "min": -10.666737871257277, "max": -10.538672752259982}, "7": {"mean": -10.575400165290368, "min": -10.726452054952272, "max": -10.426124578864949}, "8": {"mean": -10.511144341542488, "min": -10.617969630036068, "max": -10.389586718969598}, "9": {"mean": -10.457081144151763, "min": -10.588391423053759, "max": -10.39347404423234}, "10": {"mean": -10.402466654007167, "min": -10.543680281299698, "max": -10.354212203119394}, "11": {"mean": -10.543758038584564, "min": -11.30606289752221, "max": -9.98350438661053}, "12": {"mean": -10.35871159065957, "min": -10.542211620436014, "max": -9.959958157342447}, "13": {"mean": -8.820064723374994, "min": -10.541341665360548, "max": -2.938339104815668}, "14": {"mean": -4.682822391189589, "min": -10.362886138903828, "max": -2.840344878277751}, "15": {"mean": -3.8063871679460703, "min": -11.967506033905945, "max": -2.7036505729638507}, "16": {"mean": -2.64926468969849, "min": -2.7532571463121522, "max": -2.4431914637585863}, "17": {"mean": -3.237913776046169, "min": -10.386938676686864, "max": -1.028733950932191}}