{"0": {"mean": -11.393735521345146, "min": -12.474487308857775, "max": -10.892668856830088}, "1": {"mean": -9.925956153698715, "min": -11.742339454636289, "max": -4.734642311715644}, "2": {"mean": -10.388548651670908, "min": -11.0731370558902, "max": -5.918910693683058}, "3": {"mean": -5.23936703642236, "min": -10.56795964263628, "max": -4.436121418192463}, "4": {"mean": -10.304999738622437, "min": -11.26949889504866, "max": -5.218195261693254}, "5": {"mean": -5.829372559729374, "min": -11.016334011491697, "max": -4.068268051990288}, "6": {"mean": -7.829499801592651, "min": -11.141702984063949, "max": -4.053141191233719}, "7": {"mean": -3.895645068398148, "min": -4.148454974678171, "max": -2.3252813852402996}, "8": {"mean": -4.246177565791847, "min": -10.049173046669882, "max": -1.8655394704116772}, "9": {"mean": -2.4946296899037574, "min": -4.921515795355401, "max": -1.6761749797391332}, "10": {"mean": -1.954200054365669, "min": -2.9793343271041266, "max": -1.679168909264516}, "11": {"mean": -2.5765202608401827, "min": -10.618381233130394, "max": -1.6717479637655785}, "12": {"mean": -4.596881522606156, "min": -10.981258324708914, "max": -1.1788194815064068}, "13": {"mean": -2.510848547415274, "min": -11.306521421209878, "max": -1.1887106691708422}, "14": {"mean": -2.215894392230159, "min": -11.30765962710646, "max": -1.0686589075607071}, "15": {"mean": -4.523200180404926, "min": -11.769507883618152, "max": -1.0277745081908725}, "16": {"mean": -2.1699992139159283, "min": -11.37618143529992, "max": -1.0002879836519827}, "17": {"mean": -3.9066035147677503, "min": -11.47228434305156, "max": -0.9947560329176413}, "18": {"mean": -2.973214109313197, "min": -11.55450092611111, "max": -1.0056671517970073}, "19": {"mean": -1.9468172478605794, "min": -10.200168369177334, "max": -0.9991634283449102}, "20": {"mean": -3.0086223818852877, "min": -11.360729742124077, "max": -1.0069383220450154}, "21": {"mean": -4.204719387361989, "min": -11.837606302248936, "max": -0.4322082324401673}, "22": {"mean": -5.6216591678204875, "min": -10.855962759953249, "max": -1.0088085738810388}}