{"0": {"mean": -10.520834554386031, "min": -11.637072730162677, "max": -6.0444224196368515}, "1": {"mean": -9.734123210511445, "min": -11.580591435235117, "max": -6.042239267830566}, "2": {"mean": -8.916752892137078, "min": -11.888325989711845, "max": -6.040934612699916}, "3": {"mean": -10.14195947806953, "min": -11.865785144369118, "max": -6.042265838106237}, "4": {"mean": -9.83833608257142, "min": -11.581472909486916, "max": -6.041703654051164}, "5": {"mean": -9.841629250475107, "min": -11.76648268325627, "max": -6.041657825494083}, "6": {"mean": -9.769386940459839, "min": -11.804548521751476, "max": -6.041821379340488}, "7": {"mean": -10.26223603570677, "min": -11.786836669619381, "max": -6.0420316543526535}, "8": {"mean": -10.079885148851675, "min": -11.581519310753855, "max": -6.041820463356205}, "9": {"mean": -10.404370107617897, "min": -11.778641150336961, "max": -6.042704358378987}, "10": {"mean": -10.532800287867246, "min": -11.603964604958705, "max": -6.042965104786984}, "11": {"mean": -10.28706401501296, "min": -11.833682474680742, "max": -5.501948799515883}, "12": {"mean": -10.807420252507637, "min": -11.840176787530197, "max": -6.044232100655622}, "13": {"mean": -10.459681384363623, "min": -11.53512187557978, "max": -6.040820787955828}, "14": {"mean": -10.49821948746598, "min": -11.799738373597526, "max": -6.032235993468859}, "15": {"mean": -8.773107733526862, "min": -11.76255119246592, "max": -6.041433764999726}, "16": {"mean": -10.01632878061848, "min": -11.052900344644675, "max": -6.041395265440967}, "17": {"mean": -9.922263650354278, "min": -11.721517108072963, "max": -6.040170387039388}, "18": {"mean": -9.473397429057263, "min": -11.887433747262943, "max": -6.0413672253006325}, "19": {"mean": -9.91391257039774, "min": -11.050699066421203, "max": -6.041470744750865}, "20": {"mean": -10.024909372449464, "min": -11.139756089820217, "max": -6.0414558422874185}, "21": {"mean": -10.381045040497673, "min": -10.940776072741485, "max": -6.041727562554313}, "22": {"mean": -10.412361659362041, "min": -12.199508414833993, "max": -6.0415368557157745}, "23": {"mean": -10.190614730369067, "min": -11.04738155123877, "max": -6.041553940282542}, "24": {"mean": -10.196427801652735, "min": -11.051552787160066, "max": -6.039311738980798}, "25": {"mean": -10.287604402469244, "min": -11.520862222519083, "max": -6.041516017683576}, "26": {"mean": -10.767749747614822, "min": -11.045981372285759, "max": -6.041733374525407}, "27": {"mean": -10.686866109566232, "min": -11.53496802690675, "max": -6.041654895686325}, "28": {"mean": -10.763789440924167, "min": -11.079829897842432, "max": -6.041399771116844}, "29": {"mean": -10.710120268173476, "min": -11.884610860401951, "max": -6.042085316171669}, "30": {"mean": -10.512715533474914, "min": -10.623938420740764, "max": -10.377311944416196}, "31": {"mean": -9.711002886955763, "min": -11.63007510989889, "max": -1.2070515867603013}, "32": {"mean": -9.072566363487486, "min": -11.667044322101772, "max": -1.2045839588556382}, "33": {"mean": -9.845236198386345, "min": -11.667608126199028, "max": -1.2071933270995496}, "34": {"mean": -9.07365234502906, "min": -11.870717296377446, "max": -1.2044915363166453}, "35": {"mean": -10.16449512534115, "min": -11.862725367942112, "max": -1.2047277538221037}, "36": {"mean": -10.277068649736755, "min": -11.724648945918059, "max": -1.2097012475459201}, "37": {"mean": -9.751627589259463, "min": -11.7322475021918, "max": -1.2047320636013592}, "38": {"mean": -9.89072109804241, "min": -11.667641461880072, "max": -1.2363134791552433}, "39": {"mean": -9.784036480410096, "min": -11.753007752141572, "max": -1.2095757825997653}, "40": {"mean": -10.751549063316604, "min": -11.76898217415549, "max": -1.2142430949413212}, "41": {"mean": -10.274743323729647, "min": -11.80976531053918, "max": -1.2046816462431127}, "42": {"mean": -10.671920722159104, "min": -11.667593272156733, "max": -1.204411041485669}, "43": {"mean": -10.910284773515123, "min": -11.829227445578296, "max": -1.2070367284144545}, "44": {"mean": -10.741692518740203, "min": -11.761336785759093, "max": -9.456829288876692}, "45": {"mean": -9.663228929463406, "min": -10.454718531866249, "max": -9.461283618686224}, "46": {"mean": -9.579953256534976, "min": -10.521445646309138, "max": -9.435895385255293}, "47": {"mean": -10.37052652518505, "min": -10.560178577467713, "max": -9.429262765766005}, "48": {"mean": -10.358689033721319, "min": -10.88959819298908, "max": -9.411455567670554}, "49": {"mean": -9.84180994419678, "min": -10.65899245845379, "max": -9.436235947046917}, "50": {"mean": -9.423966803756528, "min": -10.791584765157575, "max": -3.3748514600060764}, "51": {"mean": -7.195379539067016, "min": -10.400965981851659, "max": -2.803909654520666}, "52": {"mean": -4.203553852898729, "min": -12.292999526511828, "max": -2.077129190710981}, "53": {"mean": -5.546294169236689, "min": -11.065265740102577, "max": -2.004097736799411}, "54": {"mean": -5.210263353522691, "min": -9.685687367179478, "max": -1.981435630266354}, "55": {"mean": -3.948379153564728, "min": -10.331105506534113, "max": -1.8880051708450465}, "56": {"mean": -3.396695888386568, "min": -9.748168028340826, "max": -1.8834519718128464}, "57": {"mean": -4.473358868292077, "min": -10.66975222413619, "max": -1.928165084936577}, "58": {"mean": -3.3995009896120787, "min": -11.251429109213305, "max": -1.940885161841108}, "59": {"mean": -4.594569707259604, "min": -11.317461528290707, "max": -1.941009546478419}, "60": {"mean": -3.0015302297670052, "min": -10.10760788742199, "max": -1.9284111645867161}, "61": {"mean": -3.3490279768992712, "min": -10.438823934445999, "max": -1.9426950190154078}, "62": {"mean": -2.9910481305261705, "min": -9.664387673548624, "max": -1.8506970066993875}, "63": {"mean": -3.1677109260406957, "min": -9.975454383829952, "max": -1.8863082861405487}, "64": {"mean": -4.358632640144392, "min": -10.465964773618179, "max": -1.9685871762874991}, "65": {"mean": -5.181682014523603, "min": -10.35817559231563, "max": -1.9520633579492148}, "66": {"mean": -4.455545132334875, "min": -9.890595944494859, "max": -1.9397841232190798}, "67": {"mean": -4.105263889410838, "min": -10.562680457913208, "max": -1.7419901801199276}, "68": {"mean": -3.9147967859992163, "min": -10.722823926390225, "max": -1.9488102926659392}, "69": {"mean": -3.6445902646943535, "min": -11.281611173762753, "max": -1.9309146242000916}, "70": {"mean": -4.411530223592596, "min": -9.892840173656385, "max": -1.930992452691283}, "71": {"mean": -4.256308815176727, "min": -10.353683169817277, "max": -1.9463192126212936}, "72": {"mean": -4.214703897945286, "min": -11.50590103965386, "max": -1.9616556223220807}, "73": {"mean": -3.768309088945802, "min": -10.598976298412065, "max": -1.949504624841199}, "74": {"mean": -3.5516991785670275, "min": -10.355797600843264, "max": -1.9706316121711307}, "75": {"mean": -3.435109372258288, "min": -10.451072978388154, "max": -1.9441532119032712}, "76": {"mean": -3.9541424039468764, "min": -11.522096697109067, "max": -1.9412853160461723}, "77": {"mean": -3.1318932474578878, "min": -10.256274128823208, "max": -1.9656249316109435}, "78": {"mean": -3.4995093744059216, "min": -10.103398310845233, "max": -1.9752103834664192}, "79": {"mean": -4.287475214120445, "min": -11.207293216305928, "max": -1.9623525016832617}, "80": {"mean": -3.2980694341039585, "min": -9.766240601959398, "max": -1.7376597672583158}, "81": {"mean": -4.184754487560691, "min": -10.597579244585113, "max": -1.927537767318924}, "82": {"mean": -3.928085838350453, "min": -11.706267000387829, "max": -1.9488988995403098}, "83": {"mean": -3.7763791484658835, "min": -10.098837993904798, "max": -1.9457800736593232}, "84": {"mean": -3.75457425588108, "min": -10.38590945551982, "max": -1.8290228013229906}, "85": {"mean": -3.775311979317351, "min": -10.200796233317925, "max": -1.9599843350916606}, "86": {"mean": -3.9275600056541737, "min": -10.380337292942338, "max": -1.7936486189252319}, "87": {"mean": -3.4690207767582297,