{"0": {"mean": -11.055910338791112, "min": -11.664293419495163, "max": -10.772288382869524}, "1": {"mean": -11.033261119924633, "min": -11.865781602620112, "max": -10.792846890643302}, "2": {"mean": -11.075214870354273, "min": -11.527943754959976, "max": -10.783094822104088}, "3": {"mean": -11.353267850439847, "min": -12.090644635380183, "max": -10.798414825122554}, "4": {"mean": -10.366694997246922, "min": -10.578525255649382, "max": -10.195158704894222}, "5": {"mean": -10.797105852674402, "min": -11.509764826711502, "max": -10.159934591919937}, "6": {"mean": -9.741295710405083, "min": -11.345680365304155, "max": -0.6824072384285889}, "7": {"mean": -10.553965122286142, "min": -11.342132225160828, "max": -9.941903869191108}, "8": {"mean": -10.309752424837324, "min": -11.209911478578077, "max": -9.79472615571848}, "9": {"mean": -9.662261680989468, "min": -12.332831750450294, "max": -0.6705319163774967}, "10": {"mean": -10.9864055437543, "min": -11.94993688040767, "max": -9.621011389883092}, "11": {"mean": -10.08970495241851, "min": -11.83094789548714, "max": -9.690082301473018}, "12": {"mean": -10.064175272953749, "min": -11.871186468187974, "max": -9.642764713762336}, "13": {"mean": -9.692730582021998, "min": -9.768988552893038, "max": -9.60309057119038}, "14": {"mean": -10.081793721250438, "min": -11.943169201618465, "max": -9.557288210797108}, "15": {"mean": -9.731317258450805, "min": -11.181831566999906, "max": -9.521042058955176}, "16": {"mean": -10.12109647860699, "min": -11.72974653804629, "max": -9.506354882024421}, "17": {"mean": -9.759124588416157, "min": -11.688991858296514, "max": -9.523446120750776}, "18": {"mean": -8.935197710285411, "min": -11.89616954218764, "max": 0.3736313710780575}, "19": {"mean": -4.731813952888881, "min": -10.662223115420185, "max": 0.36328328125689224}, "20": {"mean": -1.896119039903787, "min": -11.800170180682478, "max": 0.3811648978385074}, "21": {"mean": 0.2680822463202147, "min": -0.19665605159741215, "max": 0.37537573559743054}, "22": {"mean": -4.69159729690911, "min": -11.922742538277875, "max": 0.3823478306250366}, "23": {"mean": -1.8440157515582984, "min": -11.248355982674083, "max": 0.49791598260991055}, "24": {"mean": -0.8253012451471037, "min": -11.821851925458642, "max": 0.4366169202619758}, "25": {"mean": -0.8476375637986274, "min": -11.787000195759978, "max": 0.48228891880786817}, "26": {"mean": 0.42733237519086453, "min": 0.36721079816295993, "max": 0.5016252956301185}, "27": {"mean": -1.9382164811621245, "min": -11.796237958751789, "max": 0.6865065952293098}, "28": {"mean": -0.6026308593677957, "min": -9.554277139658678, "max": 0.4794435399261596}, "29": {"mean": -1.8298176380612383, "min": -11.852002377354854, "max": 0.4993356918061663}, "30": {"mean": -3.161115861969283, "min": -11.85346684838653, "max": 0.5231750443299769}, "31": {"mean": 0.44849203979926244, "min": 0.3473061062612012, "max": 0.48560532702804726}, "32": {"mean": -3.077707091047008, "min": -11.797153686763792, "max": 0.4715635971721169}, "33": {"mean": -2.9493290798052074, "min": -11.784666498861284, "max": 0.5257412401603174}, "34": {"mean": -0.7662963409130031, "min": -11.547460756106567, "max": 0.4818102487883916}, "35": {"mean": -2.0026969917097275, "min": -11.848483245388211, "max": 0.4754590951887713}, "36": {"mean": -7.9210943547131025, "min": -12.201351940868324, "max": 0.4364922474724661}, "37": {"mean": -0.7665314548026928, "min": -11.48984132831638, "max": 0.47191232980176134}, "38": {"mean": -6.855019740379774, "min": -11.81020604802535, "max": 0.47856643113993175}, "39": {"mean": -1.759120810757373, "min": -11.15928294928007, "max": 0.47317245135677133}, "40": {"mean": 0.4134131940406638, "min": 0.35074808201497815, "max": 0.5011494716790786}, "41": {"mean": 0.458292433030851, "min": 0.3848794189484408, "max": 0.5238405338073079}, "42": {"mean": -7.527310413117196, "min": -11.816239919115104, "max": 0.46872385878998846}, "43": {"mean": 0.4315819122832301, "min": 0.3804552791879698, "max": 0.4764923558390981}, "44": {"mean": -4.40803967648603, "min": -11.85121708888361, "max": 0.5076891599889003}, "45": {"mean": -1.9538899325351529, "min": -11.828404988524897, "max": 0.7679219122369864}, "46": {"mean": -5.428711987799659, "min": -11.71337962063907, "max": 0.8167253581968883}, "47": {"mean": -3.033379750173407, "min": -11.829375112690748, "max": 0.816332424432397}, "48": {"mean": 0.7854596110244395, "min": 0.46985688480339527, "max": 0.8292554530299746}, "49": {"mean": -0.3829431335884286, "min": -11.154266768308641, "max": 0.825779539805501}, "50": {"mean": -1.7172947961447058, "min": -11.663688867945107, "max": 0.8217003462436551}, "51": {"mean": -0.5429535467807132, "min": -11.164158777972911, "max": 0.8276977136126131}, "52": {"mean": -1.8902300406917552, "min": -11.775218875988664, "max": 0.8306431700980409}, "53": {"mean": 0.7525477208384268, "min": 0.47345452039428193, "max": 0.8284534060945422}, "54": {"mean": 0.7459019065719616, "min": 0.4540464179292115, "max": 0.8312224802479479}, "55": {"mean": -0.2545914809298344, "min": -9.506533182690266, "max": 0.8281178072090707}, "56": {"mean": 0.3314700788035986, "min": -2.6760662592442452, "max": 0.8336883410458414}, "57": {"mean": -4.1004926655060165, "min": -11.731589429837598, "max": 0.8352364007905876}, "58": {"mean": -0.47616813173621003, "min": -11.411113794524384, "max": 0.8343427749682545}, "59": {"mean": -0.4123754976757776, "min": -11.153452008530994, "max": 0.8311993003569826}, "60": {"mean": -1.6020793272225355, "min": -11.144966846965875, "max": 0.8331230355628769}, "61": {"mean": -2.8363729242984506, "min": -11.82171064774358, "max": 0.827666052851304}, "62": {"mean": -1.6283783436342243, "min": -11.682291960517452, "max": 0.8272047624389681}, "63": {"mean": -2.76282197864541, "min": -11.603890400109567, "max": 0.8322853026991687}, "64": {"mean": -0.4383812797087236, "min": -11.76408052096913, "max": 0.8298048906443951}, "65": {"mean": -1.4613531114657397, "min": -11.147877562262558, "max": 0.83540110549498}, "66": {"mean": -0.2519815836066233, "min": -9.923142354838053, "max": 0.8377378932233319}, "67": {"mean": -1.608212549466589, "min": -11.480172722741745, "max": 0.8255375207282208}, "68": {"mean": -2.642580073994044, "min": -11.173332135424577, "max": 0.84336075386519}, "69": {"mean": -5.349267671012243, "min": -11.830798478209436, "max": 0.8364598839778237}, "70": {"mean": -2.721825771611506, "min": -11.934639278467213, "max": 0.8242004154975293}, "71": {"mean": -0.4851314124607297, "min": -11.823914641578137, "max": 0.8282606995032187}, "72": {"mean": -1.8197726153847795, "min": -11.83985401520411, "max": 0.8252687712754254}, "73": {"mean": -4.173917593285082, "min": -11.824108782345814, "max": 0.8313145396083265}, "74": {"mean": -2.5970555126927453, "min": -11.19089480615863, "max": 0.8407072025479528}, "75": {"mean": -3.0867102894914313, "min": -11.804119186186778, "max": 0.8403194702891562}, "76": {"mean": -1.828342191264257, "min": -11.18939169432638, "max": 0.8300758798145519}, "77": {"mean": -0.605471243290358, "min": -11.10494926752947, "max": 0.8195528810418624}, "78": {"mean": -2.9821122189755176, "min": -11.815455672051213, "max": 0.8396104220826626}, "79": {"mean": -1.1503594930337004, "min": -11.51239463492236, "max": 0.8174946964990325}, "80": {"mean": -2.150596934336948, "min": -11.85323345571633, "max": 0.8420232918932878}, "81": {"mean": -0.3456161099183124, "min": -2.7895316996886526, "max": 0.8142317632947431}, "82": {"mean": -2.042365667050645, "min": -11.167712643370418, "max": 0.8771481773696498}, "83": {"mean": -4.4828430686389185, "min": -11.824145545695329, "max": 0.8218425255503592}, "84": {"mean": -1.222946786234997, "min": -11.256838386201295, "max": 0.8369503841651158}, "85": {"mean": -1.16244636480907, "min": -11.783196599514866, "max": 0.833967458150927}, "86": {"mean": -3.263704281310589, "min": -11.826105733139833, "max": 0.8443127045362429}, "87": {"mean": -1.7623017556638207, "min": -11.86691381360775,