{"0": {"mean": -11.473433142247746, "min": -11.849342086248287, "max": -10.880142521562552}, "1": {"mean": -11.236673245004056, "min": -11.728645928812337, "max": -10.950888861079514}, "2": {"mean": -11.279084611339272, "min": -11.793807290210761, "max": -10.855181577218882}, "3": {"mean": -11.449769544192652, "min": -11.996122815145117, "max": -10.864074401781274}, "4": {"mean": -11.235686021795901, "min": -11.962959497449795, "max": -10.879258549397626}, "5": {"mean": -11.070142432629348, "min": -11.639287063028725, "max": -10.869685612565403}, "6": {"mean": -11.034192694307778, "min": -11.618054198111594, "max": -10.852162078401694}, "7": {"mean": -10.876167414315294, "min": -10.936835058259716, "max": -10.837972157850738}, "8": {"mean": -11.040497966884212, "min": -11.802892230500094, "max": -10.850888411514523}, "9": {"mean": -10.93772124108204, "min": -11.586627846568264, "max": -10.838050177895278}, "10": {"mean": -10.886504110494133, "min": -10.999999705694492, "max": -10.837828602728932}, "11": {"mean": -10.952097173618295, "min": -11.669687612015569, "max": -10.837376156165886}, "12": {"mean": -10.963884238963686, "min": -11.60424043405795, "max": -10.842743995629188}, "13": {"mean": -10.875255479568162, "min": -10.982498316908876, "max": -10.833013613423022}, "14": {"mean": -11.000903162476787, "min": -11.566287451471203, "max": -10.806811891055604}, "15": {"mean": -10.972735376755091, "min": -11.862642705789332, "max": -10.827018235206294}, "16": {"mean": -10.88864024854747, "min": -10.987416218050445, "max": -10.806348370700702}, "17": {"mean": -11.022290856481343, "min": -11.565688144627462, "max": -10.825919319931046}, "18": {"mean": -11.101543981190671, "min": -11.915755343545042, "max": -10.799192798645297}}