{"0": {"mean": 5.4270000000000165, "min": 0.7999999999999999, "max": 50.00000000000044}, "1": {"mean": 24.619000000000177, "min": 0.7999999999999999, "max": 50.00000000000044}, "2": {"mean": 39.742000000000345, "min": 0.7999999999999999, "max": 50.00000000000044}, "3": {"mean": 35.205000000000304, "min": 0.7999999999999999, "max": 50.00000000000044}, "4": {"mean": 37.63600000000033, "min": 0.7999999999999999, "max": 50.00000000000044}, "5": {"mean": 36.834000000000316, "min": 0.7999999999999999, "max": 50.00000000000044}, "6": {"mean": 40.287000000000354, "min": 0.7999999999999999, "max": 50.00000000000044}, "7": {"mean": 41.60200000000036, "min": 0.8999999999999999, "max": 50.00000000000044}, "8": {"mean": 38.61000000000033, "min": 0.7999999999999999, "max": 50.00000000000044}, "9": {"mean": 42.11100000000036, "min": 0.7999999999999999, "max": 50.00000000000044}, "10": {"mean": 37.2540000000003, "min": 0.8999999999999999, "max": 50.00000000000044}, "11": {"mean": 36.1510000000003, "min": 0.7999999999999999, "max": 50.00000000000044}, "12": {"mean": 36.54500000000031, "min": 0.7999999999999999, "max": 50.00000000000044}, "13": {"mean": 37.862000000000315, "min": 0.8999999999999999, "max": 50.00000000000044}, "14": {"mean": 36.617000000000296, "min": 0.8999999999999999, "max": 50.00000000000044}, "15": {"mean": 33.160000000000274, "min": 0.7999999999999999, "max": 50.00000000000044}, "16": {"mean": 34.039000000000264, "min": 0.8999999999999999, "max": 50.00000000000044}, "17": {"mean": 33.08700000000026, "min": 0.7999999999999999, "max": 50.00000000000044}, "18": {"mean": 33.49300000000027, "min": 0.7999999999999999, "max": 50.00000000000044}, "19": {"mean": 33.510000000000275, "min": 0.7999999999999999, "max": 50.00000000000044}}