{"0": {"mean": -11.470550125748268, "min": -11.953501692150036, "max": -10.84766316067533}, "1": {"mean": -11.190766627044287, "min": -11.900195253813143, "max": -10.825997365173325}, "2": {"mean": -11.724166579871103, "min": -12.142708838464877, "max": -10.73399079571447}, "3": {"mean": -10.901483151599411, "min": -11.229755427701772, "max": -10.658345984963763}, "4": {"mean": -11.026500581575451, "min": -11.687668742283062, "max": -10.266412044606358}, "5": {"mean": -10.725654711379734, "min": -11.558321330538703, "max": -9.651409209238452}, "6": {"mean": -10.111763978337738, "min": -10.631103470147464, "max": -9.534795612461236}, "7": {"mean": -9.932941446457395, "min": -11.078158775847722, "max": -9.516746832020123}, "8": {"mean": -9.538823487278279, "min": -9.679857119604563, "max": -9.461871819356055}, "9": {"mean": -9.232640820507672, "min": -10.26914078236324, "max": -4.770778894180161}, "10": {"mean": -7.176208062802334, "min": -10.08861184105971, "max": -4.549229497245926}, "11": {"mean": -5.781115741980491, "min": -10.148453087508859, "max": -4.577490007077208}, "12": {"mean": -5.15906054381256, "min": -11.037550449687652, "max": -1.1963425436045667}, "13": {"mean": -7.688619410228064, "min": -11.708001524251774, "max": -2.08468104446207}, "14": {"mean": -6.396942496922436, "min": -11.32811870151695, "max": -1.201520134983674}, "15": {"mean": -6.7407569558445575, "min": -11.462806507273873, "max": -1.1506752155218365}, "16": {"mean": -6.049387925913271, "min": -10.429083622303095, "max": -1.1991430945771542}, "17": {"mean": -8.417540955880558, "min": -11.317542876810085, "max": -1.8116567371742545}, "18": {"mean": -5.924313109436525, "min": -11.429703150005707, "max": -1.1482029207869477}, "19": {"mean": -7.5406128176326845, "min": -12.277580644737101, "max": -2.0377044672610993}, "20": {"mean": -4.710430306427868, "min": -12.241272512573765, "max": -1.8183466401738533}, "21": {"mean": -6.268578378926062, "min": -11.725148517515448, "max": -2.0840012816290425}, "22": {"mean": -3.2469288958425637, "min": -11.175728619705843, "max": -1.6381650792204523}, "23": {"mean": -3.3195042870143032, "min": -11.648429261116828, "max": -1.333037173011991}, "24": {"mean": -9.459621068275366, "min": -11.411753137739584, "max": -1.9586760154617322}, "25": {"mean": -4.7932148984065295, "min": -11.491107484433986, "max": -1.5071746001974442}, "26": {"mean": -5.605461001691785, "min": -11.436449368071589, "max": -1.5257629822828618}, "27": {"mean": -9.259858578177772, "min": -11.415480116731691, "max": -1.6134770102736775}, "28": {"mean": -5.6835959005273144, "min": -11.567373666311463, "max": -1.6538973477950367}, "29": {"mean": -9.198857901090367, "min": -11.494084186978098, "max": -1.0354603198098662}, "30": {"mean": -7.496047472513931, "min": -11.46623782491276, "max": -1.3100704729451067}, "31": {"mean": -7.6635542057313355, "min": -11.747774049995801, "max": -1.3056082686891768}, "32": {"mean": -6.5399902767361935, "min": -12.040494600203393, "max": -1.3163621865117143}, "33": {"mean": -5.205344272607077, "min": -11.527473961802993, "max": -1.321130870657954}, "34": {"mean": -4.434386894843465, "min": -11.326423036666563, "max": -1.2791810026089443}, "35": {"mean": -3.344452179067275, "min": -11.34553319939781, "max": -1.3099062592070225}, "36": {"mean": -3.3682095133692487, "min": -11.383249763760269, "max": -1.3123964250159248}, "37": {"mean": -2.4399140887746755, "min": -11.27288737710624, "max": -1.3086660053954644}, "38": {"mean": -4.555887119008476, "min": -11.305686060044113, "max": -1.3148746576853692}, "39": {"mean": -5.373111595122509, "min": -11.32653650220773, "max": -1.225074820775756}, "40": {"mean": -7.297454021742806, "min": -11.45818116719298, "max": -1.249662969645416}, "41": {"mean": -4.14371716372807, "min": -11.511802515075576, "max": -0.8991368211287524}, "42": {"mean": -4.916292756897951, "min": -11.606374051090926, "max": 1.0992708987925255}, "43": {"mean": -7.6835021162579995, "min": -12.012544442863337, "max": 1.1042222483754323}, "44": {"mean": -4.658008066275188, "min": -11.375333865493673, "max": 1.109108742646425}, "45": {"mean": -1.1041338635066233, "min": -9.148505450307235, "max": 1.1215409840244444}, "46": {"mean": -8.334628531020503, "min": -11.533468901137276, "max": 0.6221413634315843}, "47": {"mean": -7.109126369206443, "min": -11.914504004876544, "max": 1.0821793032523603}, "48": {"mean": -2.294399906466753, "min": -10.332928605091837, "max": 1.3651991402860288}, "49": {"mean": -4.807234270888191, "min": -11.500663724088431, "max": 1.2331645686052395}, "50": {"mean": -1.1715879094013237, "min": -10.14084724421328, "max": 1.5375404553852576}, "51": {"mean": -5.575579932216894, "min": -11.125304258101327, "max": 1.1194824141460038}, "52": {"mean": -2.4273731961619576, "min": -11.350265679703815, "max": 1.1847979589288427}, "53": {"mean": -4.591591059829125, "min": -11.856369736716239, "max": 1.3186703071876915}, "54": {"mean": -4.699998442246503, "min": -11.29919068105573, "max": 1.071316492960671}, "55": {"mean": -5.345716536109078, "min": -11.019365438598403, "max": 1.1466170196197258}, "56": {"mean": -1.3796811250527377, "min": -11.237533424740002, "max": 1.1779965239922032}, "57": {"mean": -0.1321797640975855, "min": -9.680162693358659, "max": 1.1495806427067599}, "58": {"mean": -4.652589393823469, "min": -11.754997790901973, "max": 1.184093024636376}, "59": {"mean": -1.135809118148573, "min": -10.494729829673627, "max": 1.5417058596441644}, "60": {"mean": -1.2879661108182134, "min": -10.48204002197094, "max": 1.2499004976896786}, "61": {"mean": -1.4110709200257587, "min": -12.010140801897201, "max": 1.324895457835409}, "62": {"mean": -5.041742411529026, "min": -10.20152793873718, "max": 1.1951662079969416}, "63": {"mean": -2.7867829021572006, "min": -9.088838231713387, "max": 1.2774817388769721}, "64": {"mean": -3.551820393301258, "min": -10.38464743035356, "max": 1.270071177522188}, "65": {"mean": -3.7701960214068726, "min": -12.101735079932, "max": 1.2794171770712008}, "66": {"mean": -2.4559371170784248, "min": -11.535034096644015, "max": 1.4690233752876245}, "67": {"mean": -1.479740249708042, "min": -10.1111769887593, "max": 1.4117428673729286}, "68": {"mean": -4.3823662619850055, "min": -11.715875619952655, "max": 1.2221586883707174}, "69": {"mean": -5.030355592502284, "min": -10.894741859989061, "max": 1.150186033440154}, "70": {"mean": -6.9402655848971175, "min": -10.78893847234582, "max": 1.2986058454073044}, "71": {"mean": -4.362818050463103, "min": -12.70718512329931, "max": 1.2649158031628487}, "72": {"mean": -6.366154562647612, "min": -10.805183874557537, "max": 1.2468109205979612}, "73": {"mean": -6.287691838010718, "min": -10.715302687898191, "max": 1.1210429576922445}, "74": {"mean": -6.400699542356355, "min": -11.147530209341474, "max": 1.3644226515335314}, "75": {"mean": -4.322627417633297, "min": -11.906491408076725, "max": 1.409692062949219}, "76": {"mean": -5.217619637875982, "min": -10.84358484810918, "max": 1.3598945528442892}, "77": {"mean": -4.035630094803994, "min": -10.618829562949523, "max": 1.2738433042962969}, "78": {"mean": -3.310642892783787, "min": -10.888116271334836, "max": 1.2233084822159235}, "79": {"mean": -1.9104750571011515, "min": -9.516728103997513, "max": 1.2464682908677165}, "80": {"mean": -3.369671279110725, "min": -11.417385621013224, "max": 1.3093169086219711}, "81": {"mean": -3.34977932168483, "min": -11.379581874264266, "max": 1.467986643871529}, "82": {"mean": -1.4361439947301222, "min": -10.023905423423809, "max": 1.466455690129087}, "83": {"mean": -0.2689504376482163, "min": -9.610493133096655, "max": 1.4621965750937052}, "84": {"mean": -2.0299868047207097, "min": -10.97556896598568, "max": 1.6408131177037393}, "85": {"mean": -2.3565317409929394, "min": -10.11241511382429, "max": 1.4757089479916714}, "86": {"mean": -3.392757250037762, "min": -9.586670105108281, "max": 1.476817476049197}, "87": {"mean": -1.2052277800371185, "min": -11.504419474986198,