{"0": {"mean": 1.72, "min": 0.7999999999999999, "max": 4.300000000000001}, "1": {"mean": 4.529999999999996, "min": 0.7999999999999999, "max": 12.89999999999997}, "2": {"mean": 11.160000000000034, "min": 0.8999999999999999, "max": 50.00000000000044}, "3": {"mean": 11.760000000000032, "min": 0.7999999999999999, "max": 50.00000000000044}, "4": {"mean": 28.380000000000212, "min": 1.0999999999999999, "max": 50.00000000000044}, "5": {"mean": 23.560000000000166, "min": 0.8999999999999999, "max": 50.00000000000044}, "6": {"mean": 29.55000000000021, "min": 0.8999999999999999, "max": 50.00000000000044}, "7": {"mean": 23.530000000000186, "min": 0.8999999999999999, "max": 50.00000000000044}, "8": {"mean": 37.13000000000031, "min": 3.1000000000000014, "max": 50.00000000000044}, "9": {"mean": 21.380000000000177, "min": 0.7999999999999999, "max": 50.00000000000044}, "10": {"mean": 37.040000000000305, "min": 0.9999999999999999, "max": 50.00000000000044}, "11": {"mean": 45.780000000000385, "min": 24.60000000000008, "max": 50.00000000000044}, "12": {"mean": 36.710000000000306, "min": 0.8999999999999999, "max": 50.00000000000044}, "13": {"mean": 25.49000000000022, "min": 0.8999999999999999, "max": 50.00000000000044}, "14": {"mean": 45.090000000000394, "min": 0.8999999999999999, "max": 50.00000000000044}, "15": {"mean": 39.34000000000034, "min": 3.0000000000000013, "max": 50.00000000000044}, "16": {"mean": 29.38000000000025, "min": 0.8999999999999999, "max": 50.00000000000044}, "17": {"mean": 42.20000000000036, "min": 0.9999999999999999, "max": 50.00000000000044}}