{"0": {"mean": -10.169813018803566, "min": -11.923897423408677, "max": -6.225832004071768}, "1": {"mean": -11.108331185281271, "min": -11.78977610351108, "max": -10.841914887041225}, "2": {"mean": -11.042232302873, "min": -11.979378823896, "max": -10.773320326101532}, "3": {"mean": -10.927930267648517, "min": -11.879865765796788, "max": -10.772514159054557}, "4": {"mean": -10.057793445759707, "min": -10.833453244973967, "max": -3.5031043152426657}, "5": {"mean": -7.92004644101435, "min": -10.822009893610886, "max": -3.456197385925717}, "6": {"mean": -4.335981094837654, "min": -10.444561432841047, "max": -3.488140695711613}, "7": {"mean": -4.161415203754304, "min": -10.629799750683954, "max": -3.1303580123245}, "8": {"mean": -10.613995706344415, "min": -10.651728488495603, "max": -10.590196667694176}, "9": {"mean": -9.874089972205514, "min": -10.646418328929755, "max": -3.229730949351931}, "10": {"mean": -10.609848351642793, "min": -10.628928927825608, "max": -10.593415326744442}, "11": {"mean": -9.852482967373973, "min": -10.625450866517673, "max": -3.130939179703115}, "12": {"mean": -10.61234565024301, "min": -10.649154943640157, "max": -10.587753900456274}, "13": {"mean": -9.85805647045638, "min": -10.6219627329343, "max": -3.182204957164496}, "14": {"mean": -10.60767298903168, "min": -10.649399689663015, "max": -10.591319830997941}, "15": {"mean": -9.987748552476493, "min": -11.901708854144951, "max": -3.103381466216787}, "16": {"mean": -10.602530613526412, "min": -10.627312031735729, "max": -10.592041577259886}, "17": {"mean": -9.86899979626541, "min": -10.649226701548976, "max": -3.1470559577450254}, "18": {"mean": -10.603896571055499, "min": -10.635297685795527, "max": -10.592862815147887}, "19": {"mean": -9.86340820983845, "min": -10.621514591000043, "max": -3.2019464083884817}, "20": {"mean": -9.831110176052944, "min": -10.608471633144749, "max": -3.2231866589685736}, "21": {"mean": -6.78029926220877, "min": -11.736774806413745, "max": -2.679874714253869}}