{"0": {"mean": -11.107036347943252, "min": -11.999205819047242, "max": -4.296980690582802}, "1": {"mean": -8.49013608188008, "min": -11.964416978835066, "max": -4.191327352605383}, "2": {"mean": -5.616395007575539, "min": -11.893328326610725, "max": -3.545276182859735}, "3": {"mean": -4.710082620200058, "min": -11.668175439620514, "max": -3.484104871514704}, "4": {"mean": -6.234798641043612, "min": -11.66786522734153, "max": -3.4632746425739653}, "5": {"mean": -5.4450694622041125, "min": -11.655532534120605, "max": -3.0559615114121965}, "6": {"mean": -5.925822412690292, "min": -11.304433160948939, "max": -2.587360913518099}, "7": {"mean": -3.8436693001817472, "min": -11.221594319589002, "max": -2.4929514528369987}, "8": {"mean": -4.6922478333967925, "min": -11.32513461925766, "max": -2.381213508774621}, "9": {"mean": -5.772420008084115, "min": -11.842032052378666, "max": -2.437889561106334}, "10": {"mean": -6.1460274522212925, "min": -11.353384629575265, "max": -1.7654497356575845}, "11": {"mean": -6.281076229422131, "min": -10.72642237381397, "max": -2.150944293214387}, "12": {"mean": -4.6860086969544525, "min": -11.41905795512027, "max": -1.9179631840675797}, "13": {"mean": -4.21744088447125, "min": -11.508450495368288, "max": -1.8938113794315543}, "14": {"mean": -5.112903713416171, "min": -11.794204822156392, "max": -0.8369431103559161}, "15": {"mean": -7.237792369714402, "min": -11.940402750202537, "max": -1.5059511296525299}, "16": {"mean": -5.539483835339511, "min": -12.173933315865739, "max": -0.9611214493744559}, "17": {"mean": -6.20445744739855, "min": -11.992092099714469, "max": -0.6175446660409902}, "18": {"mean": -3.816819609356415, "min": -11.960268788444003, "max": 0.3728549691599427}, "19": {"mean": -2.4187886236789886, "min": -11.982259524614427, "max": 0.3478482666328004}, "20": {"mean": -3.3525614331697877, "min": -12.10319760604603, "max": 0.5921753921117071}, "21": {"mean": -2.638786508566882, "min": -11.895301146365266, "max": 0.7001276777844039}, "22": {"mean": -3.0102878378398543, "min": -12.05024342484886, "max": 0.7028456508461218}, "23": {"mean": -1.334739586091482, "min": -12.071067383905019, "max": 0.7436669017190943}, "24": {"mean": -3.8247823197209625, "min": -12.12461093429091, "max": 0.7352266545933376}, "25": {"mean": -2.3512909777963413, "min": -11.89717017179761, "max": 0.7480200783203614}, "26": {"mean": -2.4755903898059732, "min": -11.857351255742145, "max": 0.7445409956628953}, "27": {"mean": -4.171581555838476, "min": -11.92223893486693, "max": 0.8376728911542045}, "28": {"mean": -3.187457741544276, "min": -11.632912977512413, "max": 0.7531755392337146}, "29": {"mean": -2.868855529372283, "min": -12.03997887159887, "max": 0.7319940031317996}, "30": {"mean": -3.6287847338953356, "min": -11.992441890798862, "max": 0.7530547809562538}, "31": {"mean": -4.956099141475282, "min": -11.987176561668997, "max": 0.7187299181589136}, "32": {"mean": -4.504191322615476, "min": -12.11154426325404, "max": 0.7919421787168215}, "33": {"mean": -5.906510285086639, "min": -12.065222811963602, "max": 0.8046886777916628}, "34": {"mean": -4.787882751610003, "min": -12.220376143345472, "max": 0.8452195370412212}, "35": {"mean": -5.656459639449444, "min": -11.974477517830106, "max": 0.8150151743324724}, "36": {"mean": -5.482674209099444, "min": -12.925745708010123, "max": 0.8015964991805968}, "37": {"mean": -5.264529099475091, "min": -12.004575205954328, "max": 0.903542379558311}, "38": {"mean": -5.653470035513477, "min": -12.07296280825691, "max": 0.8121763948004906}, "39": {"mean": -5.84382633112161, "min": -12.004019588333945, "max": 0.6568772749426842}, "40": {"mean": -4.337561325702078, "min": -12.01871110679415, "max": 0.7238162262387561}, "41": {"mean": -4.341615325941414, "min": -11.95881377164807, "max": 0.7508285351040438}, "42": {"mean": -6.029495399499157, "min": -12.063736540085717, "max": 0.7546585912159225}, "43": {"mean": -8.46750048982581, "min": -12.15027347007031, "max": 0.7600369810066544}, "44": {"mean": -7.086507407793057, "min": -12.02591116658266, "max": 0.7621068549756866}, "45": {"mean": -6.55907294733125, "min": -11.989319580556097, "max": 0.7554685786174088}, "46": {"mean": -7.308035201392172, "min": -12.064500280598653, "max": 0.7578002036028312}, "47": {"mean": -6.26661832480082, "min": -12.15335215199463, "max": 0.720855335820336}, "48": {"mean": -7.9579701019483835, "min": -11.99700594436044, "max": 0.7859884302633589}, "49": {"mean": -6.071064899431547, "min": -12.226801433947008, "max": 0.7785316088915752}, "50": {"mean": -6.284589480712679, "min": -11.88566914935631, "max": 0.7951895407978504}, "51": {"mean": -7.674294549447188, "min": -11.86712240752341, "max": 0.7993490013953122}, "52": {"mean": -5.910496006481849, "min": -11.873841524539065, "max": 0.7990341806300544}, "53": {"mean": -6.1775735361745365, "min": -12.361034683706366, "max": 0.7915805371100427}, "54": {"mean": -5.590175259486091, "min": -11.873948704554444, "max": 0.7932910803447266}, "55": {"mean": -7.279672161282045, "min": -11.879763989548463, "max": 0.7898951645849371}, "56": {"mean": -7.039704770138878, "min": -12.328996402229308, "max": 0.8010444220437022}, "57": {"mean": -6.940154352523406, "min": -11.907076317927038, "max": 0.8004567823850628}, "58": {"mean": -6.851203943646469, "min": -12.007451159052497, "max": 0.8017014559498}, "59": {"mean": -6.394363627861406, "min": -12.243625324469798, "max": 0.7968844580263426}, "60": {"mean": -6.280277603281564, "min": -12.344298476287863, "max": 0.8092393722498712}, "61": {"mean": -5.051000620833719, "min": -12.170140097514341, "max": 0.8245338184769199}, "62": {"mean": -6.060684160809622, "min": -12.267880020186174, "max": 0.8064918904530293}, "63": {"mean": -5.257525637032204, "min": -12.272824278008024, "max": 0.8084351968811329}, "64": {"mean": -4.640122955634869, "min": -12.284038995279996, "max": 0.8188404688705802}, "65": {"mean": -3.924164295571008, "min": -11.995166538920442, "max": 0.8248568057868411}, "66": {"mean": -2.5921217789849953, "min": -11.861807209744214, "max": 0.8150794235000259}, "67": {"mean": -5.985994769284908, "min": -12.241169787484525, "max": 0.8250866854775449}, "68": {"mean": -4.131535032180945, "min": -11.84060136660035, "max": 0.8254526393956273}, "69": {"mean": -5.322316936274625, "min": -11.89681183765475, "max": 0.8359469782491654}, "70": {"mean": -4.600680190762159, "min": -11.885884011589312, "max": 0.8110702962249358}, "71": {"mean": -2.409293126714065, "min": -11.991216041119255, "max": 0.8450362923217001}, "72": {"mean": -6.137156237681513, "min": -11.97534743703655, "max": 0.8354724529403124}, "73": {"mean": -8.34704403557265, "min": -11.862593518484362, "max": 0.8370196433130345}, "74": {"mean": -8.57243557823009, "min": -12.240140128671841, "max": 0.7996213908109733}, "75": {"mean": -7.519206769677582, "min": -11.857912231655963, "max": 0.818880126988054}, "76": {"mean": -6.0357248605488625, "min": -11.885248963300262, "max": 0.8236913847475423}, "77": {"mean": -5.437454910404373, "min": -11.969600300795037, "max": 0.8197790657535342}, "78": {"mean": -6.372886338951353, "min": -11.969823432383462, "max": 0.8280635700600991}, "79": {"mean": -6.461857287762675, "min": -11.982656436535084, "max": 0.821351507124258}, "80": {"mean": -5.960411723781636, "min": -12.271935156710436, "max": 0.8192557084136446}, "81": {"mean": -6.579251225571902, "min": -12.331972131823875, "max": 0.8174953584773398}, "82": {"mean": -5.379209117452176, "min": -11.874726211359267, "max": 0.8173485790349706}, "83": {"mean": -5.4010502001824285, "min": -12.00414132611689, "max": 0.8191999505061723}, "84": {"mean": -6.8423597866242, "min": -11.928011001555701, "max": 0.8201192485654825}, "85": {"mean": -5.546498215613001, "min": -12.351201693442578, "max": 0.8284720769148535}, "86": {"mean": -4.385174552969112, "min": -11.870948356333743, "max": 0.8607492130975917}, "87": {"mean": -4.176192813286477, "min": -12.437180229904646, "max": 0.8329890061632614},