{"0": {"mean": -11.346576527282204, "min": -11.873750592096274, "max": -10.84206917252938}, "1": {"mean": -10.020458277719285, "min": -11.162165593559761, "max": -6.495399504402131}, "2": {"mean": -10.57320758743314, "min": -11.740291979497181, "max": -6.495638654248956}, "3": {"mean": -11.010179784821807, "min": -11.793347394661048, "max": -10.704797059026362}, "4": {"mean": -10.738842322590445, "min": -10.842453978624318, "max": -10.700438568871592}, "5": {"mean": -10.71053510415386, "min": -10.867844675089419, "max": -10.632681860929573}, "6": {"mean": -10.823245695859477, "min": -11.464228078292185, "max": -10.630470912665036}, "7": {"mean": -10.797695534399711, "min": -11.494525160134096, "max": -10.543705698443173}, "8": {"mean": -10.825854038775633, "min": -11.892875356677042, "max": -10.54062628157769}, "9": {"mean": -10.689561580303442, "min": -11.854271772261523, "max": -10.525729285831487}, "10": {"mean": -10.587245308571879, "min": -10.850100902529682, "max": -10.529307131529288}, "11": {"mean": -10.679497013133858, "min": -11.116690198449604, "max": -10.531416008832073}, "12": {"mean": -10.550379084061166, "min": -10.64252984208272, "max": -10.52203764154416}, "13": {"mean": -10.619639440001688, "min": -11.524325362773261, "max": -10.402802837512448}, "14": {"mean": -10.493491710240784, "min": -10.955953772142777, "max": -10.16268392411409}, "15": {"mean": -10.582056086855028, "min": -11.309969417505819, "max": -10.142853262462154}, "16": {"mean": -10.162363777181138, "min": -10.379948171782406, "max": -9.506934788076988}, "17": {"mean": -9.90915889006175, "min": -10.240804737571853, "max": -9.484350580098594}}