{"0": {"mean": -11.034905001602718, "min": -11.859177511596803, "max": -7.99788171025518}, "1": {"mean": -11.312844185133999, "min": -11.702082365117967, "max": -10.788175935737604}, "2": {"mean": -11.038800564693236, "min": -11.808522410067543, "max": -10.799403135587585}, "3": {"mean": -10.98175748038079, "min": -11.770496567244455, "max": -10.779515908041411}, "4": {"mean": -10.833943963360909, "min": -10.92866532554018, "max": -10.750089873709591}, "5": {"mean": -10.835328538999917, "min": -11.550527089140688, "max": -10.625776644439808}, "6": {"mean": -10.748503764626813, "min": -11.381429815956453, "max": -10.570341383262848}, "7": {"mean": -10.699539403384373, "min": -11.571972267002364, "max": -10.30909278378915}, "8": {"mean": -9.838329432669132, "min": -11.596747189361974, "max": -2.3296014135438847}, "9": {"mean": -7.835190261635489, "min": -11.6841859026175, "max": -3.119367725965741}, "10": {"mean": -6.988397870381242, "min": -10.626129837010522, "max": -2.2594677001504873}, "11": {"mean": -3.483370232598259, "min": -3.5027312629951814, "max": -3.4445329401407463}, "12": {"mean": -6.949943524719281, "min": -10.65122496510949, "max": -3.450869927675372}, "13": {"mean": -3.8284480747705985, "min": -11.247757904523176, "max": -1.832430377344269}, "14": {"mean": -5.709129498188014, "min": -11.3523280508761, "max": -2.0951520806147568}, "15": {"mean": -2.8477516859082757, "min": -3.5261364007647, "max": -2.035182284548426}, "16": {"mean": -5.9238137650904275, "min": -11.337592120419458, "max": -2.097475357045663}, "17": {"mean": -2.7531397399635935, "min": -3.5014795823854645, "max": -2.0993361756581996}, "18": {"mean": -2.245006652174756, "min": -3.4781622750825956, "max": -2.0958857180042125}, "19": {"mean": -4.093826808997037, "min": -11.350761500130726, "max": -1.6914242552869532}, "20": {"mean": -3.3275591567977374, "min": -10.115650787197191, "max": -2.108689194708327}, "21": {"mean": -3.027770795318424, "min": -9.98142636322764, "max": -1.6053208524914575}, "22": {"mean": -3.3490943493579466, "min": -10.676471437411694, "max": -1.965147731777474}, "23": {"mean": -3.9820093152129097, "min": -11.34607957922512, "max": -1.9652734233172624}, "24": {"mean": -2.203258036310664, "min": -3.0906239193151253, "max": -1.979641927359204}, "25": {"mean": -3.7128201612293474, "min": -11.347557947746866, "max": -0.9323727664086335}, "26": {"mean": -7.118960197653673, "min": -11.48493632346595, "max": -0.9376450457475269}, "27": {"mean": -5.485855660772204, "min": -11.32785412229313, "max": -0.9315158585388166}, "28": {"mean": -3.237357371820996, "min": -10.095176249806645, "max": -0.9307513378215306}, "29": {"mean": -3.6345396824703706, "min": -11.20935666995809, "max": -0.9357512103173292}, "30": {"mean": -2.3604625622068887, "min": -11.188782819185345, "max": -0.9265402470179509}, "31": {"mean": -11.562203562305651, "min": -11.832918692131182, "max": -10.676123198547291}, "32": {"mean": -11.346171828884154, "min": -11.803675378941868, "max": -10.492973686191192}, "33": {"mean": -11.184288980030162, "min": -11.74762488980242, "max": -10.423677740501814}, "34": {"mean": -10.7418430344247, "min": -11.69671180830424, "max": -10.334942690352598}, "35": {"mean": -10.502384092242016, "min": -10.59063106691173, "max": -10.383306478510098}, "36": {"mean": -10.707012418934074, "min": -11.605240494625946, "max": -10.352311070853037}, "37": {"mean": -10.59812865293225, "min": -11.719631761972543, "max": -10.350769722510254}, "38": {"mean": -10.73025842802318, "min": -11.692334969557946, "max": -10.339477083746033}, "39": {"mean": -10.674446611399427, "min": -11.510366750733066, "max": -10.387514622032517}, "40": {"mean": -10.818850933462496, "min": -11.946453225145442, "max": -10.339490304543855}, "41": {"mean": -10.571247718439299, "min": -11.269602067375214, "max": -10.182471844062581}, "42": {"mean": -10.764130383052954, "min": -11.75029235495048, "max": -10.339360154205343}, "43": {"mean": -10.651941292736316, "min": -11.772205598384723, "max": -10.149639307630435}, "44": {"mean": -10.50801803387942, "min": -11.22368532980654, "max": -10.332114751932739}, "45": {"mean": -10.528243042188125, "min": -11.159135000549945, "max": -10.144492987094152}, "46": {"mean": -10.599865101872265, "min": -11.517476286744389, "max": -10.299501372315827}, "47": {"mean": -10.540423149884116, "min": -11.242796737629982, "max": -10.146821384031947}, "48": {"mean": -9.786279778257384, "min": -11.51380120465507, "max": -2.458729252505295}, "49": {"mean": -9.80714664688627, "min": -11.488068028942465, "max": -2.470407584702811}, "50": {"mean": -10.449627764161809, "min": -11.34102351936854, "max": -10.329108798131283}, "51": {"mean": -10.37807667161189, "min": -11.16108513994872, "max": -10.103710629141268}, "52": {"mean": -10.502649915234366, "min": -11.60702447165167, "max": -10.223635564904722}, "53": {"mean": -10.423206783809352, "min": -11.731845547547632, "max": -10.039644296811458}, "54": {"mean": -10.26892246818873, "min": -10.409981134760939, "max": -9.521517610304926}, "55": {"mean": -9.024511340568173, "min": -10.382748225302871, "max": -1.9303388256922134}, "56": {"mean": -9.602818089167247, "min": -10.378052113691863, "max": -9.491748796226673}, "57": {"mean": -9.570598621631573, "min": -10.37285340686771, "max": -9.380630799701406}, "58": {"mean": -9.796996139219974, "min": -12.045832019164214, "max": -9.356502622994377}, "59": {"mean": -9.778501779170622, "min": -10.650046167808085, "max": -9.37070254530677}, "60": {"mean": -9.483725580654127, "min": -10.114298887775234, "max": -9.313848165021046}, "61": {"mean": -9.58868561628815, "min": -9.825588092068847, "max": -9.3399560908845}, "62": {"mean": -9.408749587113107, "min": -9.86085672543454, "max": -9.240725009621283}, "63": {"mean": -9.514020569220076, "min": -9.871316939295843, "max": -9.233902833713591}, "64": {"mean": -9.394276472157385, "min": -10.556290869683147, "max": -9.159498442190152}, "65": {"mean": -9.420213961015373, "min": -11.174541363129377, "max": -9.126697613323248}, "66": {"mean": -9.164293410963737, "min": -9.252115303623237, "max": -9.1302678605968}, "67": {"mean": -9.228531428427393, "min": -9.960359051342996, "max": -9.12538651984598}, "68": {"mean": -9.183875808596259, "min": -9.544266700418603, "max": -9.12818911598292}, "69": {"mean": -9.392133047873433, "min": -11.15876125257417, "max": -9.131125337456371}, "70": {"mean": -9.156563392797528, "min": -9.238691109875592, "max": -9.132369125336561}, "71": {"mean": -9.306218390510928, "min": -10.4352107115633, "max": -9.103863399523293}, "72": {"mean": -9.190119379412387, "min": -9.255342539514297, "max": -9.142078581097817}, "73": {"mean": -9.271400935287428, "min": -10.386954488997164, "max": -9.080410497427579}, "74": {"mean": -9.149184833501234, "min": -9.1795271069391, "max": -9.125965827720032}, "75": {"mean": -9.223094793881607, "min": -9.927130414635915, "max": -9.11182730961435}, "76": {"mean": -9.141138512996577, "min": -9.187032250498282, "max": -9.100019505719253}, "77": {"mean": -9.155667950347027, "min": -9.296077310550217, "max": -9.076650885428165}, "78": {"mean": -9.195957494324968, "min": -9.284266176687474, "max": -9.123826128838472}, "79": {"mean": -9.18512058962219, "min": -9.314938118514569, "max": -9.130896622008333}, "80": {"mean": -9.148122944580027, "min": -9.162404161436278, "max": -9.116790080229178}, "81": {"mean": -9.143334524997746, "min": -9.178434497955413, "max": -9.077059764320346}, "82": {"mean": -9.623831336125281, "min": -11.468480245464646, "max": -9.13873318673422}, "83": {"mean": -9.30823723627405, "min": -10.569404583117954, "max": -9.132106722701966}, "84": {"mean": -9.214258321082006, "min": -9.34203218387506, "max": -9.107765632703217}, "85": {"mean": -9.157687358263164, "min": -9.30377334197011, "max": -9.119305303041223}, "86": {"mean": -9.262473196346685, "min": -9.950689278819913, "max": -9.124686093301047}, "87": {"mean": -9.146882739107058, "min": -9.173046167219496,