{"0": {"mean": -11.077331302513635, "min": -12.145489364696978, "max": -10.67740324362968}, "1": {"mean": -10.206025342983283, "min": -11.827768844260477, "max": -3.748665978885265}, "2": {"mean": -8.048547969669753, "min": -10.98236091457782, "max": -4.3913608151181025}, "3": {"mean": -7.557110482841423, "min": -11.297880736900934, "max": -4.20971773533803}, "4": {"mean": -8.334510963634044, "min": -11.889779626787902, "max": -2.622422185379952}, "5": {"mean": -7.321455336474932, "min": -11.71741513434203, "max": -4.1792120825318575}, "6": {"mean": -6.627431791034219, "min": -11.293162293652069, "max": -4.14278910049703}, "7": {"mean": -5.752163746835171, "min": -11.324484621038437, "max": -3.9916845811247694}, "8": {"mean": -6.893119419404925, "min": -11.182147564783286, "max": -3.7582192226566007}, "9": {"mean": -8.563779426538918, "min": -10.884116784908919, "max": -3.9840609820957384}, "10": {"mean": -7.594144682106477, "min": -11.014199274082172, "max": -2.817277893789347}, "11": {"mean": -6.7020786778404196, "min": -12.270944269163952, "max": -1.9249313734301705}, "12": {"mean": -3.3623885469783197, "min": -11.956628738424678, "max": -1.6167453454731329}, "13": {"mean": -3.029073342500906, "min": -12.457421407384238, "max": -0.011406431871884417}, "14": {"mean": -4.231730204969167, "min": -11.899032142383543, "max": -0.5383139239509549}, "15": {"mean": -3.6635763482913397, "min": -11.896286332886953, "max": -0.5206687819045979}, "16": {"mean": -1.883713008268658, "min": -11.615001094223807, "max": 0.08700244638021136}, "17": {"mean": -2.5882783926133484, "min": -11.978860755100651, "max": 0.20044363074595645}, "18": {"mean": -3.018952198232962, "min": -11.87406382009199, "max": 0.45514926209444667}, "19": {"mean": -4.401424213141579, "min": -11.587059012215823, "max": 0.627288096290241}, "20": {"mean": -0.34301577738656824, "min": -11.353690812203892, "max": 0.7311884301669697}, "21": {"mean": -0.008928787563117914, "min": -11.719727261646494, "max": 0.7321192904302615}, "22": {"mean": -0.2985425576350224, "min": -11.580924132665517, "max": 0.718488523271152}, "23": {"mean": -0.04435477043817701, "min": -11.813067410217977, "max": 0.7191563437246227}}