{"0": {"mean": -112.38128783531974, "min": -120.73259461092825, "max": -29.043799917883067}, "1": {"mean": -111.66644313281594, "min": -120.16841542213908, "max": -28.87380460411313}, "2": {"mean": -112.46258972425896, "min": -121.27701179099518, "max": -30.489548582418102}, "3": {"mean": -113.36661512496823, "min": -127.30727092530331, "max": -55.319120105483655}, "4": {"mean": -111.94319844670058, "min": -120.54647370974781, "max": -59.167776529090226}, "5": {"mean": -109.9560504156525, "min": -121.91664772583358, "max": -45.37093841128597}, "6": {"mean": -111.63344502193401, "min": -120.65228390938975, "max": -39.646060376002275}, "7": {"mean": -111.95535840754967, "min": -121.63904274557717, "max": -39.487332740104186}, "8": {"mean": -109.42158107182131, "min": -120.88455724943739, "max": -40.30280745538493}, "9": {"mean": -111.43155667938325, "min": -127.06103727209694, "max": -47.19832323889595}, "10": {"mean": -110.06144396741936, "min": -123.58692304106118, "max": -46.10380409857635}, "11": {"mean": -110.51370438945551, "min": -120.84495724045857, "max": -27.36531145035554}, "12": {"mean": -111.37349957158163, "min": -120.59960055506416, "max": -48.03462623542977}, "13": {"mean": -111.07052867376413, "min": -121.34633396094232, "max": -46.78775576827727}, "14": {"mean": -112.02013226734145, "min": -125.1791340222129, "max": -54.54250486302544}, "15": {"mean": -111.73301725230046, "min": -121.91463372566925, "max": -40.20036087659983}, "16": {"mean": -109.518927093166, "min": -121.91879239960697, "max": -20.593284499803975}, "17": {"mean": -108.93270887683656, "min": -122.08769698762211, "max": -20.070199286436683}, "18": {"mean": -109.71896647503199, "min": -123.59204417048332, "max": -37.13370425870237}, "19": {"mean": -107.21167617846558, "min": -122.0042037045968, "max": -20.328307594169853}, "20": {"mean": -110.58083845159632, "min": -122.34147883026552, "max": -34.83883579240731}, "21": {"mean": -111.68691053986647, "min": -120.81312272198666, "max": -22.09216199939442}, "22": {"mean": -112.26942552736418, "min": -121.45403118524212, "max": -88.78856349843745}, "23": {"mean": -111.04152732244323, "min": -123.66137695460768, "max": -24.279784785370033}, "24": {"mean": -110.654298367473, "min": -127.02323574412202, "max": -24.227606413760462}, "25": {"mean": -107.85684278141822, "min": -127.96304359735743, "max": -23.77801169411084}, "26": {"mean": -105.90304849632827, "min": -126.54599361013759, "max": -22.870010516703157}, "27": {"mean": -107.93518103491931, "min": -122.81270090345728, "max": -28.50369982883823}, "28": {"mean": -109.62061113586165, "min": -119.97547617941461, "max": -21.4259659808029}, "29": {"mean": -108.58624012701902, "min": -121.89144513008185, "max": -31.456452973944238}, "30": {"mean": -105.83634186686342, "min": -124.0202499245849, "max": -17.801648817381725}, "31": {"mean": -111.90150343406611, "min": -134.04709132902838, "max": -41.73493157660227}, "32": {"mean": -106.81548003505692, "min": -121.75302001279748, "max": -13.400897271501375}, "33": {"mean": -106.71377428732674, "min": -120.11097238747142, "max": -20.84993848819445}, "34": {"mean": -106.02876548112927, "min": -123.21090408558206, "max": -15.470327263996731}, "35": {"mean": -108.75377293372348, "min": -126.97699702834275, "max": -22.98208429054692}, "36": {"mean": -103.48773911810225, "min": -123.49083011320792, "max": -18.2381085240745}, "37": {"mean": -100.8759139475498, "min": -122.62316728049154, "max": -20.424749456135576}, "38": {"mean": -104.73339447431896, "min": -123.20783948009849, "max": 5.654405693025807}, "39": {"mean": -16.848330777395116, "min": -119.06967510634502, "max": 9.135763725156197}, "40": {"mean": -9.906588322534951, "min": -115.70438474019132, "max": 11.323787293238786}, "41": {"mean": -9.601717903366502, "min": -112.15893804905487, "max": 11.584518550194817}, "42": {"mean": -22.143529406926323, "min": -118.62216974537942, "max": 10.314555481200374}, "43": {"mean": -20.541796204167863, "min": -115.84723495599877, "max": 11.642925722951013}, "44": {"mean": -24.318130843444074, "min": -116.44290971226746, "max": 12.615648668046934}, "45": {"mean": -10.964465753792053, "min": -115.78705610561605, "max": 12.719637689539502}, "46": {"mean": -6.908043960301189, "min": -112.9439661930711, "max": 11.825527697598343}, "47": {"mean": -14.133172579366406, "min": -111.95785129714528, "max": 13.943582188473155}, "48": {"mean": -9.370471925900743, "min": -103.72978886562613, "max": 12.37981115378713}, "49": {"mean": -14.315210359828432, "min": -115.82591693253877, "max": 13.714598805932297}, "50": {"mean": -21.11063609513016, "min": -116.57446773308517, "max": 12.460320250883397}, "51": {"mean": -11.914065774669325, "min": -116.7353763308632, "max": 13.089175601707481}, "52": {"mean": -26.941723397343818, "min": -121.96105341310388, "max": 12.222938791481225}, "53": {"mean": -11.599730707968325, "min": -113.26470694250865, "max": 12.347275533228979}, "54": {"mean": -10.198898008313236, "min": -115.14468821096769, "max": 12.410007133820306}, "55": {"mean": -6.37346877514831, "min": -116.97447277678344, "max": 12.724353122397646}, "56": {"mean": -3.6350848014695583, "min": -115.65252066803403, "max": 12.78055805672148}, "57": {"mean": -9.650684756913988, "min": -111.72741273271579, "max": 14.680928286822775}, "58": {"mean": -4.075616683517169, "min": -118.42638787444197, "max": 14.304212216341336}, "59": {"mean": -18.208701204287742, "min": -117.46869549165402, "max": 13.190140473650091}, "60": {"mean": -8.376879148503997, "min": -117.51874484467365, "max": 13.455528926745037}, "61": {"mean": -11.488685219916812, "min": -115.5927236634054, "max": 12.35179226420087}, "62": {"mean": -7.27704547562475, "min": -114.90862644379519, "max": 12.63507281252278}, "63": {"mean": -10.097118615093466, "min": -111.8268848707292, "max": 13.20151001262406}, "64": {"mean": -5.9259532364049585, "min": -112.40510297754061, "max": 13.159930997411669}, "65": {"mean": -11.19064226105398, "min": -123.00348256899741, "max": 12.284076899117421}, "66": {"mean": -10.00679575021172, "min": -117.19444630351416, "max": 12.16800565481376}, "67": {"mean": -11.557634016798335, "min": -112.06362095394147, "max": 13.653261012161913}, "68": {"mean": -12.650719833766878, "min": -109.80343132221068, "max": 13.27081336396517}, "69": {"mean": -12.101132685392805, "min": -116.91582395158952, "max": 12.670962208822544}, "70": {"mean": -8.64018993432171, "min": -123.5866561834286, "max": 14.132424618968493}, "71": {"mean": -2.519455262775882, "min": -117.45974402192022, "max": 13.027776521169807}, "72": {"mean": -7.514772656415577, "min": -115.77132914847046, "max": 13.639223010968099}, "73": {"mean": -3.2070256765170315, "min": -114.19965711132275, "max": 13.825855196749837}, "74": {"mean": -9.631177966397548, "min": -112.14830797621167, "max": 13.261020731352021}, "75": {"mean": -18.721923293318483, "min": -117.17386587979841, "max": 13.681947304099126}, "76": {"mean": -14.994636958960866, "min": -115.82976811833264, "max": 14.104007456350356}, "77": {"mean": -9.233974210739511, "min": -118.58335461004147, "max": 14.039321183896172}, "78": {"mean": -11.035641776493078, "min": -117.40191776211839, "max": 13.647070623468505}, "79": {"mean": -3.503292404265706, "min": -110.52690745928703, "max": 13.493888281848424}, "80": {"mean": -8.325535137922213, "min": -115.52097434630096, "max": 14.188404966422276}, "81": {"mean": -12.464758066250795, "min": -116.6108033980816, "max": 14.56028135100534}, "82": {"mean": -8.234427310723728, "min": -118.28257914660057, "max": 14.379680292615136}, "83": {"mean": 2.000015676493247, "min": -116.13419317214269, "max": 13.62546111286775}, "84": {"mean": -15.159032045497048, "min": -116.09739892608927, "max": 13.433318702368107}, "85": {"mean": -14.90095780077971, "min": -115.5977079086016, "max": 12.570535802056481}, "86": {"mean": -13.798069816755813, "min": -112.36351798129631, "max": 13.219442203868102}, "87": {"mean": -11.424977110924189,