{"0": {"mean": -10.888416057728763, "min": -11.92374554769372, "max": -4.659902628017576}, "1": {"mean": -10.43496445652822, "min": -11.630921637188706, "max": -10.093625249695902}, "2": {"mean": -10.127532799422415, "min": -11.348909484031672, "max": -1.08212044179858}, "3": {"mean": -6.598626449607349, "min": -11.259331858788865, "max": -0.42656962837888873}, "4": {"mean": -4.523042408769501, "min": -10.09181203286297, "max": -0.04545115870437489}, "5": {"mean": -7.284433645104475, "min": -11.898710890317039, "max": 0.18204810627956675}, "6": {"mean": -5.627421174445898, "min": -11.208158430636209, "max": 0.19894631503441362}, "7": {"mean": -5.750407643000233, "min": -10.853986818571725, "max": 0.1872575706405445}, "8": {"mean": -7.591104373741847, "min": -12.278231200075945, "max": 0.24943622619660305}, "9": {"mean": -6.222886604289153, "min": -12.133966741472687, "max": 0.25862754322963605}, "10": {"mean": -6.163363259787243, "min": -11.877777068884924, "max": 0.2193395573374183}, "11": {"mean": -5.139612268702607, "min": -11.687490333280284, "max": 0.35569246679836225}, "12": {"mean": -6.043337341064979, "min": -11.694755487492472, "max": 0.24610253469944965}, "13": {"mean": -4.009543585910557, "min": -10.970623917210576, "max": 0.2616488171308316}, "14": {"mean": -5.766851733244954, "min": -12.136125388722682, "max": 0.253570719556359}, "15": {"mean": -5.336712030920633, "min": -12.103740855721435, "max": 0.494261212203302}, "16": {"mean": -2.7987859422939025, "min": -11.67542292783645, "max": 0.5098557548685978}, "17": {"mean": -5.774863002026925, "min": -11.797169067659341, "max": 0.6558746331549715}, "18": {"mean": -2.801181220756105, "min": -11.8136808009497, "max": 0.6728970845435001}, "19": {"mean": -3.6768428944852554, "min": -11.834300117899241, "max": 0.6691343437308054}, "20": {"mean": -3.4901803390712285, "min": -11.768442453866879, "max": 0.6743007500110995}, "21": {"mean": -2.0693389459776204, "min": -11.934882255521737, "max": 0.7090590133955046}, "22": {"mean": -1.32561765620068, "min": -11.696910270115142, "max": 0.7215901071814436}, "23": {"mean": -1.3315763086656367, "min": -11.962523184211232, "max": 0.7236095588673287}, "24": {"mean": -1.7482750729787897, "min": -11.306884261466346, "max": 0.7181676406332274}, "25": {"mean": -2.488903087741929, "min": -11.437731350139103, "max": 0.7037816023299491}, "26": {"mean": -1.983392299742444, "min": -11.75768916071356, "max": 0.7446944625414466}, "27": {"mean": -2.058913377885833, "min": -12.017090961442744, "max": 0.7472096267829675}, "28": {"mean": -1.119967950470273, "min": -11.16642148196119, "max": 0.740068933446793}, "29": {"mean": -2.937419621577597, "min": -11.763444031606966, "max": 0.7761292094050073}, "30": {"mean": -1.792320571684047, "min": -11.768358192685456, "max": 0.7438484150552486}, "31": {"mean": -1.6870946347655984, "min": -11.79567253016352, "max": 0.7426074221541169}, "32": {"mean": -2.4873996558626685, "min": -11.789951684698151, "max": 0.7459631036282773}, "33": {"mean": -2.5870844958337127, "min": -11.836055229000236, "max": 0.7417444674005879}, "34": {"mean": -3.4411423312036584, "min": -11.78645086863737, "max": 0.7444614627377322}, "35": {"mean": -3.3893726736031993, "min": -11.818788208299809, "max": 0.7418983306625966}, "36": {"mean": -2.3976616384337857, "min": -11.774084754399428, "max": 0.7482241335240214}, "37": {"mean": -1.7842096733800241, "min": -11.77130047334849, "max": 0.7468803225063422}, "38": {"mean": -2.545452715883666, "min": -11.587472035131983, "max": 0.7461677090763276}, "39": {"mean": -4.726303088940596, "min": -11.271627693015464, "max": 0.7339491679066945}, "40": {"mean": -2.387253222882882, "min": -11.663528217881707, "max": 0.749492836755012}, "41": {"mean": -2.9076923512941, "min": -11.767198243753842, "max": 0.7454399764310854}, "42": {"mean": -2.37772493595708, "min": -11.918844540736199, "max": 0.7552802825428762}, "43": {"mean": -3.1210966200304484, "min": -11.554393134928315, "max": 0.7525644722051578}, "44": {"mean": -2.330776467872866, "min": -11.653212723748991, "max": 0.7446033806670457}, "45": {"mean": -3.5079770909415426, "min": -11.32501813117935, "max": 0.7407491247154596}, "46": {"mean": -3.399315914078608, "min": -11.855105166251509, "max": 0.750650893127664}, "47": {"mean": -3.116066651913311, "min": -11.584072646333784, "max": 0.753550709418138}, "48": {"mean": -3.6711054966335435, "min": -11.915935838757076, "max": 0.7588088041460925}, "49": {"mean": -4.4148927045787625, "min": -11.781948385786153, "max": 0.7582123604017473}, "50": {"mean": -2.3766018482950004, "min": -12.08834898525022, "max": 0.7597788476040397}, "51": {"mean": -7.058151352691965, "min": -11.764468885803108, "max": 0.7489314729315799}, "52": {"mean": -2.9746801177085924, "min": -11.842169799935274, "max": 0.7665973630515447}, "53": {"mean": -3.76055311774405, "min": -11.814742061049056, "max": 0.7628641204610284}, "54": {"mean": -1.8981438240378048, "min": -12.291863844877517, "max": 0.7653148914565453}, "55": {"mean": -2.8218018401234586, "min": -12.020866783578334, "max": 0.7616608408668814}, "56": {"mean": -2.59703852197199, "min": -11.844960806697335, "max": 0.7658416610979387}, "57": {"mean": -1.4056991936556391, "min": -11.797531854775556, "max": 0.7612513543273463}, "58": {"mean": -1.4749713347363989, "min": -12.021344596703724, "max": 0.7681191937488694}, "59": {"mean": -2.074703425229364, "min": -11.3130452759197, "max": 0.7661497615871221}, "60": {"mean": -2.3988555127331486, "min": -11.767538213785617, "max": 0.7678369505875893}, "61": {"mean": -3.7678678321981907, "min": -11.791074368807367, "max": 0.759204824375788}, "62": {"mean": -3.5391840449855323, "min": -11.7733303314428, "max": 0.7698095240200145}, "63": {"mean": -1.7152314396661645, "min": -11.55951437043761, "max": 0.7793352685748383}, "64": {"mean": -1.7133135486495972, "min": -11.588475259540637, "max": 0.7641925781788586}, "65": {"mean": -2.113631916836861, "min": -11.281928247496689, "max": 0.7635242015921931}, "66": {"mean": -1.6860464541446958, "min": -11.249020209934844, "max": 0.7643811863496814}, "67": {"mean": -2.093543850580913, "min": -11.764242037060756, "max": 0.7653236728168903}, "68": {"mean": -2.650574377387961, "min": -11.38569834644242, "max": 0.7595530553300351}, "69": {"mean": -1.6871166397981225, "min": -11.603406864170775, "max": 0.7686029418424014}, "70": {"mean": -1.3992395172532994, "min": -11.418861829560935, "max": 0.7591537517634048}, "71": {"mean": -1.9039126163115148, "min": -11.73409686938674, "max": 0.7666324905664718}, "72": {"mean": -0.929408217813444, "min": -11.210704034062813, "max": 0.7694042847405077}, "73": {"mean": -2.1457005061841006, "min": -11.531506346014563, "max": 0.7583705150227086}, "74": {"mean": -3.7307793597873866, "min": -11.306048253902864, "max": 0.7689295999333533}, "75": {"mean": -1.356123813739637, "min": -11.212684829332968, "max": 0.767707457142501}, "76": {"mean": -2.094491955230172, "min": -11.337416436627892, "max": 0.7658281386366868}, "77": {"mean": -1.6173161413993298, "min": -11.526178766423403, "max": 0.7684333616960846}, "78": {"mean": -1.1199158721764781, "min": -11.213773854908657, "max": 0.7732309790503639}, "79": {"mean": -3.2851432807133283, "min": -11.607718973479255, "max": 0.7667356240083433}, "80": {"mean": -1.8833702005649173, "min": -11.727083520163184, "max": 0.7736228258660885}, "81": {"mean": -2.4022691119884603, "min": -11.582197674046638, "max": 0.7685679975310259}, "82": {"mean": -0.6006244326589388, "min": -11.449269346677914, "max": 0.7686481504402338}, "83": {"mean": -3.2081147539374233, "min": -11.780564393540512, "max": 0.759045028309435}, "84": {"mean": -0.7077904531289828, "min": -11.744059206804781, "max": 0.7716585402544198}, "85": {"mean": -1.6700773125184025, "min": -11.55945659291074, "max": 0.7692599503005458}, "86": {"mean": -2.4328405665703547, "min": -11.87411060309701, "max": 0.7787886827214124}, "87": {"mean": -2.6328914205104614, "min": -11.54639965123782,