{"0": {"mean": 3.0500000000000016, "min": 0.8999999999999999, "max": 20.200000000000017}, "1": {"mean": 12.970000000000036, "min": 0.8999999999999999, "max": 31.500000000000178}, "2": {"mean": 13.78000000000001, "min": 0.7999999999999999, "max": 23.10000000000006}, "3": {"mean": 22.3500000000001, "min": 0.8999999999999999, "max": 50.00000000000044}, "4": {"mean": 25.78000000000022, "min": 0.7999999999999999, "max": 50.00000000000044}, "5": {"mean": 13.030000000000086, "min": 0.7999999999999999, "max": 50.00000000000044}, "6": {"mean": 50.00000000000044, "min": 50.00000000000044, "max": 50.00000000000044}, "7": {"mean": 25.700000000000216, "min": 0.8999999999999999, "max": 50.00000000000044}, "8": {"mean": 22.050000000000175, "min": 0.8999999999999999, "max": 50.00000000000044}, "9": {"mean": 8.290000000000038, "min": 0.7999999999999999, "max": 50.00000000000044}, "10": {"mean": 21.00000000000012, "min": 0.8999999999999999, "max": 50.00000000000044}, "11": {"mean": 24.570000000000174, "min": 0.7999999999999999, "max": 50.00000000000044}, "12": {"mean": 16.670000000000083, "min": 0.9999999999999999, "max": 50.00000000000044}, "13": {"mean": 28.940000000000232, "min": 0.8999999999999999, "max": 50.00000000000044}, "14": {"mean": 31.28000000000025, "min": 3.3000000000000016, "max": 50.00000000000044}, "15": {"mean": 17.050000000000132, "min": 0.8999999999999999, "max": 50.00000000000044}, "16": {"mean": 33.48000000000028, "min": 0.8999999999999999, "max": 50.00000000000044}, "17": {"mean": 29.730000000000224, "min": 0.8999999999999999, "max": 50.00000000000044}, "18": {"mean": 48.230000000000416, "min": 37.80000000000027, "max": 50.00000000000044}, "19": {"mean": 32.68000000000027, "min": 0.7999999999999999, "max": 50.00000000000044}, "20": {"mean": 29.740000000000236, "min": 0.9999999999999999, "max": 50.00000000000044}, "21": {"mean": 34.170000000000286, "min": 0.9999999999999999, "max": 50.00000000000044}, "22": {"mean": 23.350000000000176, "min": 0.9999999999999999, "max": 50.00000000000044}}