{"0": {"mean": -10.952565252313091, "min": -11.820596615606236, "max": -5.958010340381654}, "1": {"mean": -11.028976878019733, "min": -11.80653389203654, "max": -10.695801145110154}, "2": {"mean": -11.290983692825062, "min": -11.837559419021755, "max": -10.677007946794298}, "3": {"mean": -10.65712903073005, "min": -11.809687249495028, "max": -5.418025532282448}, "4": {"mean": -6.966058622850525, "min": -12.006673113184299, "max": -5.416519657811618}, "5": {"mean": -9.222683956715745, "min": -11.900235416659278, "max": -5.416633868011148}, "6": {"mean": -8.43228950153701, "min": -11.653661594164682, "max": -5.402919976259863}, "7": {"mean": -9.021157909511569, "min": -11.902559210733944, "max": -5.393833021169566}, "8": {"mean": -8.624729274530539, "min": -11.845348474445442, "max": -5.3770137645983285}, "9": {"mean": -10.355225723875456, "min": -12.123539680869317, "max": -5.392019097556662}, "10": {"mean": -10.11894678772632, "min": -11.954410041891784, "max": -5.384846672541797}, "11": {"mean": -7.602742442982041, "min": -12.080592618859807, "max": -5.378258360924495}, "12": {"mean": -8.959230983084106, "min": -12.210875162191378, "max": -5.384507809978713}, "13": {"mean": -9.45013961494924, "min": -12.087261117672423, "max": -5.079963432296932}, "14": {"mean": -8.664170106729657, "min": -12.062908063608283, "max": -5.091486983259503}, "15": {"mean": -8.306810252429809, "min": -11.630870029863404, "max": -5.085803000407754}, "16": {"mean": -8.034601228819344, "min": -11.902542920070887, "max": -5.094856235134145}, "17": {"mean": -8.67373877640328, "min": -12.00547589459154, "max": -4.966249924225046}, "18": {"mean": -8.025126637759787, "min": -11.942170534269822, "max": -4.948023654382972}, "19": {"mean": -8.350420186752913, "min": -11.988385184236677, "max": -4.951585270989768}, "20": {"mean": -8.844557539723015, "min": -11.998386635998077, "max": -4.946942336778548}, "21": {"mean": -8.918811899239508, "min": -12.04620703493332, "max": -4.947499342562497}, "22": {"mean": -9.822962768188201, "min": -11.921665868796781, "max": -4.956049706261459}, "23": {"mean": -9.703518739564744, "min": -11.991574518748312, "max": -4.9197639156841095}, "24": {"mean": -9.955090923583708, "min": -11.078894485778672, "max": -4.9144476704991575}, "25": {"mean": -9.764041667918447, "min": -12.084599195273283, "max": -4.913794769869075}, "26": {"mean": -9.599627657412155, "min": -11.242959185974362, "max": -4.907426995262271}, "27": {"mean": -10.406774646414542, "min": -11.955694463495227, "max": -4.065600339481606}, "28": {"mean": -11.037841560598057, "min": -12.19616552009148, "max": -10.7000862452982}, "29": {"mean": -10.279353719013995, "min": -11.603362083233272, "max": -4.877473462615706}, "30": {"mean": -10.73213955275577, "min": -10.997581561582098, "max": -10.632243836973172}, "31": {"mean": -10.803504448982585, "min": -11.421532478280561, "max": -10.66355203770573}, "32": {"mean": -10.567930155753663, "min": -11.95098518259718, "max": -4.934930961981765}, "33": {"mean": -10.885093002695852, "min": -11.743787163469754, "max": -10.683904708854296}, "34": {"mean": -10.356305854534124, "min": -11.732456871164343, "max": -4.87066367233854}, "35": {"mean": -10.931881877338203, "min": -11.974401613985934, "max": -10.213530091579155}, "36": {"mean": -11.024455763994993, "min": -12.212062523853938, "max": -10.59714176701783}, "37": {"mean": -10.717579582616331, "min": -12.085231338058495, "max": -4.046225603497616}, "38": {"mean": -11.043272802370968, "min": -12.004295788699155, "max": -9.85497041775558}, "39": {"mean": -10.504009773659678, "min": -11.537641057649255, "max": -4.152139176013922}, "40": {"mean": -10.284185626033535, "min": -11.791954461325057, "max": -4.142286304674568}, "41": {"mean": -9.917577974969918, "min": -11.913747382070982, "max": -4.136580576808123}, "42": {"mean": -10.79402460077881, "min": -12.250508974385808, "max": -10.649031702544159}, "43": {"mean": -10.162729052088372, "min": -11.826786921017256, "max": -4.149502554074156}, "44": {"mean": -9.875724594784359, "min": -11.846646761818137, "max": -4.149414021358894}, "45": {"mean": -9.556010997202407, "min": -11.518853608893336, "max": -4.152212872096084}, "46": {"mean": -10.910570327650774, "min": -12.083515658246851, "max": -10.559617202484421}, "47": {"mean": -9.380846511415209, "min": -11.959792083803448, "max": -4.14923590176505}, "48": {"mean": -9.170157438407795, "min": -11.684026637729788, "max": -4.148810368906929}, "49": {"mean": -9.772345356967744, "min": -11.478275933604301, "max": -4.126675963347719}, "50": {"mean": -7.607767354422381, "min": -12.088731676682713, "max": -4.132483174856177}, "51": {"mean": -6.530476327525949, "min": -11.923820906363153, "max": -2.236497240610445}, "52": {"mean": -5.882821250909466, "min": -11.596650974641177, "max": -2.2367200761948425}, "53": {"mean": -5.546537203431293, "min": -11.441133508632605, "max": -2.0812770515141095}, "54": {"mean": -7.590928403083922, "min": -11.872646328954506, "max": -2.081483282524527}, "55": {"mean": -2.840796303719029, "min": -11.485226471639184, "max": -1.8073051218617207}, "56": {"mean": -4.6463158924747425, "min": -11.712840515344226, "max": -1.2737401860768722}, "57": {"mean": -3.5227636681937193, "min": -11.269091035732615, "max": -1.179750120077032}, "58": {"mean": -4.2260795660619035, "min": -11.362500538820164, "max": -0.49309775050829413}, "59": {"mean": -3.115172228460113, "min": -11.329844602534997, "max": -0.031892129276736236}, "60": {"mean": -2.3210032345980576, "min": -10.120601324845426, "max": -0.489724317649497}, "61": {"mean": -2.58194098716411, "min": -11.542893185505093, "max": -0.12209595979896332}, "62": {"mean": -2.8577892762408874, "min": -11.366737349948165, "max": 0.02481989624320572}, "63": {"mean": -1.8260555013336899, "min": -11.617417952821425, "max": 0.27393649908618933}, "64": {"mean": -1.9007602855115941, "min": -11.81048440311485, "max": 0.45125077175478717}, "65": {"mean": -1.4808772588740524, "min": -10.747725742502512, "max": 0.4701358001413262}, "66": {"mean": -1.4228880811349864, "min": -9.738325281770823, "max": 0.46884472948176203}, "67": {"mean": -1.9189360782138185, "min": -11.609947215937979, "max": 0.5503287931539317}, "68": {"mean": -0.3974889477395177, "min": -9.854487508705853, "max": 0.7106218123341804}, "69": {"mean": -1.2144756070843523, "min": -10.660126996045243, "max": 0.749518626082324}, "70": {"mean": -0.5967484814290475, "min": -10.69000182622369, "max": 0.7385992277187813}, "71": {"mean": -1.8302500884156985, "min": -11.783994138493606, "max": 0.7513130643878312}, "72": {"mean": -0.7968450903940678, "min": -9.592965940878136, "max": 0.8067514221677891}, "73": {"mean": -1.9333535613182398, "min": -11.287820899728992, "max": 0.8205431171929146}, "74": {"mean": -0.7666699154156426, "min": -11.808799129885404, "max": 0.8231132250710332}, "75": {"mean": -0.14976794694643353, "min": -10.4877805056043, "max": 0.8139004658732024}, "76": {"mean": -1.1415588957340561, "min": -11.744381291948633, "max": 0.8159412903446304}, "77": {"mean": -0.524793591639477, "min": -11.267803562309652, "max": 0.8955612449614756}, "78": {"mean": -1.7206973805111818, "min": -11.244848325926117, "max": 0.8756176483005135}, "79": {"mean": -1.161537032872173, "min": -11.820279963463308, "max": 0.8658880914008649}, "80": {"mean": -0.47078552017615316, "min": -11.610623103999346, "max": 0.8821106899881062}, "81": {"mean": -1.6568949552609251, "min": -11.71452221031731, "max": 0.8718926485150917}, "82": {"mean": -1.0023832153385281, "min": -12.071900655270131, "max": 0.8956560997627012}, "83": {"mean": -0.4124567072469206, "min": -11.392643966090844, "max": 0.8894118230814505}, "84": {"mean": -0.9358001739651263, "min": -11.266411411463348, "max": 0.9100754916803895}, "85": {"mean": -1.5842289915783225, "min": -11.442476223840412, "max": 0.8869536271737332}, "86": {"mean": -0.6503300240108951, "min": -10.70522373530214, "max": 0.8907275129619854}, "87": {"mean": -1.924186973431656,