{"0": {"mean": -11.151426269127064, "min": -11.968502512700422, "max": -10.341840791341973}, "1": {"mean": -9.862388235977244, "min": -11.73164323085621, "max": -2.231276380869753}, "2": {"mean": -9.31353289535807, "min": -11.785750834521341, "max": -2.232661335496355}, "3": {"mean": -7.940222872031337, "min": -10.534378573034642, "max": -2.220098396933398}, "4": {"mean": -8.792161474326411, "min": -11.534266283748671, "max": -2.224097820870823}, "5": {"mean": -8.00756251640679, "min": -10.923580865581272, "max": -2.2149937973440292}, "6": {"mean": -9.549353772705224, "min": -10.45729249324277, "max": -1.8232119216519214}, "7": {"mean": -8.303739731337789, "min": -11.533231261022886, "max": -1.8248170336361376}, "8": {"mean": -7.821717062347287, "min": -10.502111471513317, "max": -1.8232742806739148}, "9": {"mean": -8.287870338495042, "min": -11.487027569247285, "max": -1.8234330190716908}, "10": {"mean": -8.725191695239708, "min": -11.499033702208848, "max": -1.8075563332385107}, "11": {"mean": -10.27669661236941, "min": -11.644331278079452, "max": -1.6071894989296218}, "12": {"mean": -10.24022119601333, "min": -10.36782588369779, "max": -10.15202191854215}, "13": {"mean": -9.462430586028256, "min": -11.526249298651145, "max": -0.8470632306844549}, "14": {"mean": -7.421603328082246, "min": -11.500488341070277, "max": -0.7656843472118608}, "15": {"mean": -2.9096302625636525, "min": -10.449716861076231, "max": -0.7626517000337488}, "16": {"mean": -2.353506480300345, "min": -10.449369729597063, "max": -0.7577239118487578}, "17": {"mean": -4.420842292285226, "min": -11.534584263638495, "max": -0.7374877193804283}}