{"0": {"mean": -111.41848177413756, "min": -120.21939842724613, "max": -54.529174874443996}, "1": {"mean": -112.9430972598007, "min": -122.07588208486511, "max": -54.49716288602666}, "2": {"mean": -111.46973915931875, "min": -125.82478710688652, "max": -59.93536133954482}, "3": {"mean": -111.70059788723336, "min": -121.74505626260242, "max": -46.57899330384519}, "4": {"mean": -110.0405531765376, "min": -122.43765509982407, "max": -44.253516357294714}, "5": {"mean": -111.35128666345241, "min": -123.20447512615844, "max": -46.635398310160504}, "6": {"mean": -109.67813815430439, "min": -122.2421630058688, "max": -46.73278493521657}, "7": {"mean": -109.58893726274692, "min": -122.61349332812863, "max": -30.400849800378673}, "8": {"mean": -109.00485284948064, "min": -126.94339189367867, "max": -30.5029972207659}, "9": {"mean": -108.21793159437765, "min": -121.05602886963449, "max": -28.816262984450606}, "10": {"mean": -110.96334638262304, "min": -122.6862211601132, "max": -55.7279364907688}, "11": {"mean": -107.29891993140654, "min": -122.44425549703658, "max": -30.87463149258437}, "12": {"mean": -109.10047127985692, "min": -123.3160117712915, "max": -28.45863885360622}, "13": {"mean": -106.48918095280462, "min": -126.43699489670146, "max": -23.66055733920951}, "14": {"mean": -105.3982328824214, "min": -122.49785422291916, "max": -1.3580820800126534}, "15": {"mean": -107.51443202526885, "min": -126.37881299308408, "max": -24.543747108333594}, "16": {"mean": -108.79977244270123, "min": -124.22488258823408, "max": -6.96006617469522}, "17": {"mean": -109.73725010942637, "min": -122.53207720719516, "max": -49.601288263144816}, "18": {"mean": -108.57440089947627, "min": -137.6513668645263, "max": -29.747079334726788}, "19": {"mean": -105.94647433801306, "min": -122.497081364012, "max": -21.08750307149028}, "20": {"mean": -103.63581034828908, "min": -128.3158858720502, "max": 5.122864962251161}, "21": {"mean": -99.79306375815239, "min": -123.1301522228146, "max": -20.52577265477484}, "22": {"mean": -103.90486033079725, "min": -122.5634514562373, "max": -20.56564161346031}, "23": {"mean": -105.04683832660722, "min": -124.05883425700105, "max": -22.681202807454707}, "24": {"mean": -107.19175079254975, "min": -122.42553612072021, "max": 6.6717394227133715}, "25": {"mean": -2.206429782516718, "min": -119.58937519867234, "max": 7.075850795677745}, "26": {"mean": -7.384044021766724, "min": -119.5338150228848, "max": 7.055493880955205}, "27": {"mean": -10.5608492244621, "min": -117.36280437127726, "max": 7.349900328016195}, "28": {"mean": -13.02260503417853, "min": -117.05089264565045, "max": 8.485036101888499}, "29": {"mean": -11.388479932629004, "min": -118.97818222254767, "max": 7.158081894905592}, "30": {"mean": -11.77916399840228, "min": -125.05485079079608, "max": 7.315797566021048}, "31": {"mean": -6.760262515474603, "min": -116.4272468118424, "max": 7.251943811278643}, "32": {"mean": -14.483039068341338, "min": -116.60391717454375, "max": 7.357451659365592}, "33": {"mean": -10.696214648105443, "min": -119.9022914959206, "max": 7.746546369158893}, "34": {"mean": -16.108046132208095, "min": -118.45056163734642, "max": 7.234579519420876}, "35": {"mean": -5.943594300716523, "min": -119.07489717546989, "max": 7.401465722895854}, "36": {"mean": -16.00090408432435, "min": -117.22588427152179, "max": 7.219408047495192}, "37": {"mean": -7.107039696388231, "min": -117.71447389677945, "max": 7.213282767021661}, "38": {"mean": -14.313370775130213, "min": -117.07015123157782, "max": 7.4494918885626}, "39": {"mean": -21.984434986867914, "min": -120.63096037923769, "max": 8.080194485110601}, "40": {"mean": -14.330464241409754, "min": -120.27564168789023, "max": 7.874067162443581}, "41": {"mean": -14.447694511927772, "min": -116.33273166692517, "max": 7.725653558294576}, "42": {"mean": -15.62472755716733, "min": -117.70021559936635, "max": 7.931150776796061}, "43": {"mean": -31.129845205842933, "min": -117.70185279034378, "max": 8.281023819944833}, "44": {"mean": -18.705235799937032, "min": -121.91279688569018, "max": 8.363394661265364}, "45": {"mean": -19.697471563431915, "min": -121.08896763031242, "max": 8.36026158396094}, "46": {"mean": -15.048677390077076, "min": -120.29914750042118, "max": 7.857421599098269}, "47": {"mean": -25.175693761262, "min": -120.04335940956918, "max": 8.643380168625926}, "48": {"mean": -23.640825761797778, "min": -119.74084356382104, "max": 8.693471110863593}, "49": {"mean": -16.468553705102867, "min": -121.00810963279544, "max": 9.116576833905954}, "50": {"mean": -21.94930877617024, "min": -117.21443800090807, "max": 11.807054325196237}, "51": {"mean": -16.373766238138227, "min": -119.81890327806973, "max": 8.381639240182514}, "52": {"mean": -18.759816717159705, "min": -121.28162387672344, "max": 8.424071469836274}, "53": {"mean": -15.229598072627319, "min": -119.88103595354625, "max": 8.484126191628473}, "54": {"mean": -26.359238853834004, "min": -119.85165669929948, "max": 8.2738476950265}, "55": {"mean": -25.50942260330456, "min": -123.09020378571121, "max": 9.022613708536126}, "56": {"mean": -19.510393606490464, "min": -124.42333263871477, "max": 9.303065207845439}, "57": {"mean": -9.423754373571848, "min": -123.02034559817416, "max": 9.242762968504968}, "58": {"mean": -24.383857951842494, "min": -125.45139073772485, "max": 8.988815962664301}, "59": {"mean": -22.20501451301864, "min": -120.72260503516992, "max": 11.938767289328025}, "60": {"mean": -21.3349753622776, "min": -120.23103476219677, "max": 9.168256797786714}, "61": {"mean": -14.862386447427117, "min": -119.78561591060092, "max": 8.786172253840167}, "62": {"mean": -20.04617989325943, "min": -122.58236801195237, "max": 8.111444773868039}, "63": {"mean": -18.01411796047064, "min": -119.41875292766731, "max": 9.747294256103443}, "64": {"mean": -15.95027372783062, "min": -119.79886748060352, "max": 9.330085580811218}, "65": {"mean": -18.2582565405324, "min": -119.73004717560407, "max": 8.330409743326701}, "66": {"mean": -20.712334381333225, "min": -123.0953381675383, "max": 11.410924354875357}, "67": {"mean": -16.525191958787882, "min": -119.64511645325013, "max": 10.485268820357293}, "68": {"mean": -17.075165006537908, "min": -124.6807505129797, "max": 9.196762537861396}, "69": {"mean": -8.778033663562814, "min": -119.72202929329438, "max": 8.415862952720355}, "70": {"mean": -7.883743492671176, "min": -117.2576719107552, "max": 8.198340067374755}, "71": {"mean": -4.0677362296648845, "min": -115.47389874990851, "max": 8.581616831655694}, "72": {"mean": -11.787026060836142, "min": -121.56744064141989, "max": 8.684135682990487}, "73": {"mean": -11.501077611249565, "min": -117.13510530791525, "max": 8.649481753566004}, "74": {"mean": -10.90644541830381, "min": -126.27166724497907, "max": 8.523461597853117}, "75": {"mean": -15.685333200350655, "min": -118.92548028812698, "max": 9.402390623707712}, "76": {"mean": -12.065009807062316, "min": -125.997705294729, "max": 9.300263508186282}, "77": {"mean": -2.1219239701607093, "min": -114.72559843933219, "max": 8.34343556809178}, "78": {"mean": -12.295623636809907, "min": -123.18022645465493, "max": 8.304849990998617}, "79": {"mean": -12.203133036738347, "min": -120.77292855132573, "max": 8.49766028427147}, "80": {"mean": -16.134769752113904, "min": -117.33971400069498, "max": 8.786138282015008}, "81": {"mean": -24.03734800586572, "min": -125.48114995292622, "max": 9.075309886758589}, "82": {"mean": -22.042111401708702, "min": -121.82280126372763, "max": 8.637417942860067}, "83": {"mean": -16.764907627145504, "min": -118.64587406385249, "max": 9.9418755598895}, "84": {"mean": -28.252239521854694, "min": -123.9447561664725, "max": 8.578611540674194}, "85": {"mean": -17.02330476032704, "min": -118.01735591284844, "max": 8.598332255555295}, "86": {"mean": -22.892001521874747, "min": -121.28067708321919, "max": 8.787790545581606}, "87": {"mean": -21.626242872340264, "min": -115.5451814602493, "max": 8.655827795069536},