{"0": {"mean": 1.9099999999999997, "min": 0.7999999999999999, "max": 5.299999999999997}, "1": {"mean": 4.549999999999997, "min": 0.9999999999999999, "max": 8.999999999999984}, "2": {"mean": 7.109999999999988, "min": 0.7999999999999999, "max": 12.79999999999997}, "3": {"mean": 8.759999999999982, "min": 0.9999999999999999, "max": 16.399999999999963}, "4": {"mean": 9.819999999999993, "min": 0.9999999999999999, "max": 23.600000000000065}, "5": {"mean": 6.909999999999988, "min": 0.7999999999999999, "max": 17.299999999999976}, "6": {"mean": 12.99, "min": 0.8999999999999999, "max": 22.900000000000055}, "7": {"mean": 15.230000000000018, "min": 0.8999999999999999, "max": 38.70000000000028}, "8": {"mean": 21.750000000000043, "min": 13.199999999999969, "max": 33.1000000000002}, "9": {"mean": 13.27000000000002, "min": 0.7999999999999999, "max": 36.40000000000025}, "10": {"mean": 22.020000000000067, "min": 5.699999999999996, "max": 41.60000000000032}, "11": {"mean": 18.65000000000004, "min": 2.1000000000000005, "max": 50.00000000000044}, "12": {"mean": 35.81000000000027, "min": 0.8999999999999999, "max": 50.00000000000044}, "13": {"mean": 28.160000000000213, "min": 0.8999999999999999, "max": 50.00000000000044}, "14": {"mean": 27.8000000000002, "min": 0.9999999999999999, "max": 50.00000000000044}, "15": {"mean": 28.73000000000021, "min": 0.9999999999999999, "max": 50.00000000000044}, "16": {"mean": 26.600000000000215, "min": 0.8999999999999999, "max": 50.00000000000044}, "17": {"mean": 34.48000000000029, "min": 0.9999999999999999, "max": 50.00000000000044}, "18": {"mean": 40.250000000000355, "min": 0.8999999999999999, "max": 50.00000000000044}, "19": {"mean": 28.830000000000247, "min": 0.9999999999999999, "max": 50.00000000000044}}