{"0": {"mean": -11.06704075519446, "min": -11.859787764058076, "max": -10.793527440956359}, "1": {"mean": -10.99839089569491, "min": -11.868415368218471, "max": -10.754587609582456}, "2": {"mean": -10.859187855207653, "min": -11.125393462831154, "max": -10.787584487221391}, "3": {"mean": -10.564094193783127, "min": -12.052935692100165, "max": -4.511041146243966}, "4": {"mean": -8.095622076968354, "min": -11.801261362177009, "max": -4.4962791105191595}, "5": {"mean": -4.5375131888369, "min": -5.366291378795159, "max": -4.280245341047166}, "6": {"mean": -4.491741014843678, "min": -5.4732070896714236, "max": -4.2717192058638265}, "7": {"mean": -4.604455499493977, "min": -10.789288026319817, "max": -4.256190773452507}, "8": {"mean": -4.762454537918332, "min": -11.423198366598784, "max": -4.242885449232937}, "9": {"mean": -5.487402281273011, "min": -11.226594773525932, "max": -3.5292886984608414}, "10": {"mean": -6.213907951566962, "min": -11.092409642790631, "max": -3.0644659839382706}, "11": {"mean": -6.23445096272327, "min": -11.779172424880882, "max": -1.2745704370774031}, "12": {"mean": -3.2171296391498174, "min": -11.443075745308088, "max": -1.233777375626131}, "13": {"mean": -4.580637209789091, "min": -11.752216787377684, "max": -0.2892542206808637}, "14": {"mean": -5.366392843593898, "min": -11.811401245062294, "max": -1.251833849486031}, "15": {"mean": -7.59758666074481, "min": -11.728548700263351, "max": -0.9062874984611188}, "16": {"mean": -7.557456441977247, "min": -11.997734927825691, "max": -0.9173264832365026}, "17": {"mean": -6.000000232949666, "min": -11.478380970660535, "max": -0.9905023282460061}, "18": {"mean": -6.1708533380992785, "min": -11.602586661171788, "max": -0.9741909973970367}, "19": {"mean": -7.7701916299863685, "min": -11.50158445501576, "max": -0.9082058942543961}, "20": {"mean": -3.1855421892376534, "min": -11.826757310438653, "max": -0.915649338399231}, "21": {"mean": -3.281339525106275, "min": -11.787017289953988, "max": -0.9404810681768009}, "22": {"mean": -2.8567236214715086, "min": -11.635410929234908, "max": -0.9624801347258003}, "23": {"mean": -4.856352796826749, "min": -11.755712398004409, "max": -0.9471902217011583}, "24": {"mean": -2.659017386206321, "min": -11.51672290537674, "max": -0.962949559438264}, "25": {"mean": -4.624765883351083, "min": -11.928537741738628, "max": -0.9112410513551114}, "26": {"mean": -6.768672195513062, "min": -11.9483524564174, "max": -0.8905370743245143}, "27": {"mean": -4.257095919453729, "min": -11.453637524525883, "max": -0.8260567738943608}, "28": {"mean": -6.676272305073049, "min": -11.607633970097204, "max": -0.877779394320285}, "29": {"mean": -5.233310812315997, "min": -11.68880430200013, "max": -0.8002268747702936}, "30": {"mean": -5.5328878098746, "min": -11.47676421209015, "max": -0.5366011951116375}, "31": {"mean": -8.15534112006857, "min": -11.73986703353459, "max": -0.5375340105379139}, "32": {"mean": -5.117532947837429, "min": -11.624138284081655, "max": -0.5362006356849336}, "33": {"mean": -5.474794796478456, "min": -11.979965394363738, "max": 0.2722721852414}, "34": {"mean": -2.0387392651082847, "min": -10.75688956182093, "max": 0.31425415770516035}, "35": {"mean": -5.628570357444405, "min": -11.698876873612715, "max": 0.2971138445177354}, "36": {"mean": -4.1828247229523665, "min": -12.398276157644457, "max": 0.360400099791392}, "37": {"mean": -3.818428347120738, "min": -11.671968873139129, "max": 0.44733642743519253}, "38": {"mean": -4.189646180606481, "min": -12.054344082149427, "max": 0.6688507728552037}, "39": {"mean": -5.440400808168735, "min": -11.817558763309945, "max": 0.672218935542743}, "40": {"mean": -4.2072522042985465, "min": -11.952924443393442, "max": 0.40433297717823224}, "41": {"mean": -4.942007716078856, "min": -11.688032595300552, "max": 0.39274743742936236}, "42": {"mean": -2.1836609370986593, "min": -11.802790478753966, "max": 0.4270237587346734}, "43": {"mean": -4.949991620851647, "min": -11.757052737907737, "max": 0.2755945440749875}, "44": {"mean": -5.08761869341632, "min": -12.096496348515153, "max": 0.446312870472818}, "45": {"mean": -3.183345272768112, "min": -11.560690190395832, "max": 0.48495678302931033}, "46": {"mean": -2.4001682615956366, "min": -11.812659884599016, "max": 0.4997881732905076}, "47": {"mean": -2.512859800689252, "min": -11.550113329324882, "max": 0.4695064911086001}, "48": {"mean": 0.031878338267198145, "min": -4.327173235799794, "max": 0.49029364481966875}, "49": {"mean": -2.791569706872307, "min": -11.76752137147778, "max": 0.5042565020026079}, "50": {"mean": -2.5151913735844116, "min": -11.551364126834379, "max": 0.5174998736993434}, "51": {"mean": -2.5699352658540415, "min": -11.68995246619462, "max": 0.4779674711016624}, "52": {"mean": -4.045261153830182, "min": -11.551533801597817, "max": 0.4933348937179839}, "53": {"mean": -2.0991856626117618, "min": -11.642334477634254, "max": 0.5021369821220999}, "54": {"mean": -3.319218664813627, "min": -11.659929754923517, "max": 0.49565414026285937}, "55": {"mean": -2.806624589190233, "min": -12.097062986214036, "max": 0.5000943577112085}, "56": {"mean": -2.256618246097243, "min": -11.596845631163257, "max": 0.47362928112498326}, "57": {"mean": -1.2467791013332112, "min": -11.45708564485858, "max": 0.5318309696474589}, "58": {"mean": -0.342205400257224, "min": -11.565518054009639, "max": 0.6013522997382256}, "59": {"mean": -0.9656346674909237, "min": -10.55424620214879, "max": 0.6338481414872883}, "60": {"mean": -1.5274366280058875, "min": -11.679478953308404, "max": 0.6544479953577875}, "61": {"mean": 0.05155547334862931, "min": -11.056709820152696, "max": 0.6698535195138673}, "62": {"mean": -0.9893554708017918, "min": -12.133380912103284, "max": 0.6658866312475725}, "63": {"mean": -0.7087940879116531, "min": -11.572091091159093, "max": 0.6636642391429262}, "64": {"mean": -1.4152020947472435, "min": -10.757973158367959, "max": 0.6619114202666508}, "65": {"mean": -0.39064498338081577, "min": -10.821107463608977, "max": 0.660724952566459}, "66": {"mean": -1.1493026760128493, "min": -12.10676130564382, "max": 0.6797486081549247}, "67": {"mean": -1.1233170267447417, "min": -11.51155112057229, "max": 0.6668147826038634}, "68": {"mean": -2.5802384743856304, "min": -11.602230170091568, "max": 0.6567344605206523}, "69": {"mean": -0.7852902874820324, "min": -11.400301983936712, "max": 0.6608702489431763}, "70": {"mean": -1.3467006122976495, "min": -11.544868182732193, "max": 0.6576860061561824}, "71": {"mean": -2.849802713089498, "min": -11.550095000313052, "max": 0.6651082578506834}, "72": {"mean": 0.3978243548559245, "min": -3.5540813846435335, "max": 0.6727686792715789}, "73": {"mean": -2.555831627083885, "min": -12.034763354558804, "max": 0.6816633789119545}, "74": {"mean": -1.7878193925832542, "min": -11.517330230698965, "max": 0.6512525926246802}, "75": {"mean": -2.0364200695338295, "min": -11.612354666964498, "max": 0.6760016025111115}, "76": {"mean": -3.749084008987276, "min": -11.548909490172921, "max": 0.6860716441941956}, "77": {"mean": -3.8544818609981903, "min": -11.69892723319092, "max": 0.6762339568431334}, "78": {"mean": -5.8858163867329285, "min": -11.744822003875406, "max": 0.675654053016264}, "79": {"mean": -3.7717292255514367, "min": -11.566557039641511, "max": 0.6629579994091743}, "80": {"mean": -3.991719086913128, "min": -11.536336192992342, "max": 0.6595659988346666}, "81": {"mean": -2.874224969550295, "min": -11.571133621555688, "max": 0.667876982271011}, "82": {"mean": -3.1763340767053676, "min": -11.53540529034083, "max": 0.5841669201110805}, "83": {"mean": -2.368607907917268, "min": -11.51557845648939, "max": 0.5495489879043193}, "84": {"mean": -5.16385637482306, "min": -11.537911611108722, "max": 0.5338375730291833}, "85": {"mean": -5.217041542915461, "min": -11.667754156953185, "max": 0.546235566362792}, "86": {"mean": -0.5729354226889724, "min": -3.156239514102494, "max": 0.5573784955538065}, "87": {"mean": -4.5990322818745755,