{"0": {"mean": -11.189276366204407, "min": -11.881950183513947, "max": -10.726433938330908}, "1": {"mean": -10.813902927343568, "min": -11.513849075616896, "max": -10.643347987053467}, "2": {"mean": -10.74768535869422, "min": -11.867311841113246, "max": -5.961981292510228}, "3": {"mean": -10.999357033903697, "min": -11.877529482448942, "max": -10.565283594823132}, "4": {"mean": -10.90924686817915, "min": -11.557919944899158, "max": -10.590467551327434}, "5": {"mean": -10.6985097226237, "min": -10.836268605245028, "max": -10.584802812324698}, "6": {"mean": -10.645492178818332, "min": -10.861257208682597, "max": -10.43990571955486}, "7": {"mean": -10.631691981476738, "min": -11.834811105994415, "max": -10.496157631806037}, "8": {"mean": -10.563619307828262, "min": -10.75869443057937, "max": -10.499834274196873}, "9": {"mean": -10.60455716026381, "min": -10.855798064940299, "max": -10.479968006906471}, "10": {"mean": -10.588333397723828, "min": -10.810194036337734, "max": -10.482295722309251}, "11": {"mean": -10.641952025603826, "min": -11.178912352629812, "max": -10.484400482790855}, "12": {"mean": -10.609751134536133, "min": -11.998851206851317, "max": -10.448183828246407}, "13": {"mean": -10.025244936833733, "min": -10.83221711850892, "max": -4.667885726912405}, "14": {"mean": -10.559842825548674, "min": -10.72405722110439, "max": -10.461238298263277}, "15": {"mean": -10.036929890333711, "min": -10.852938285706395, "max": -4.667942282515315}, "16": {"mean": -8.906537339346928, "min": -10.75669000319553, "max": -4.6259827211083175}, "17": {"mean": -9.884069628431558, "min": -12.651177664386672, "max": -4.133698316691952}, "18": {"mean": -9.188090848150136, "min": -10.980344714730418, "max": -4.623729330176799}, "19": {"mean": -9.277006419037678, "min": -11.735480147083663, "max": -4.638808468132136}, "20": {"mean": -9.210781229964551, "min": -10.837322539719878, "max": -4.629250202679726}, "21": {"mean": -8.932192178762698, "min": -11.402133655481723, "max": -4.635543304009978}, "22": {"mean": -9.788384720852196, "min": -11.734313051793507, "max": -4.635488211055148}, "23": {"mean": -8.926689116660166, "min": -10.776499410576063, "max": -4.634980841239129}}