{"0": {"mean": -11.002121043250233, "min": -12.061433968063817, "max": -5.191424992604621}, "1": {"mean": -11.004408171458202, "min": -12.374345232222913, "max": -5.1848189491459555}, "2": {"mean": -11.006952705188034, "min": -12.071362693610974, "max": -10.641968633928338}, "3": {"mean": -10.668269188708612, "min": -11.369530746395576, "max": -10.413133411443109}, "4": {"mean": -10.705181358093443, "min": -11.466416531431303, "max": -10.388448632453134}, "5": {"mean": -10.641495457595523, "min": -11.374990721386734, "max": -10.255531222519837}, "6": {"mean": -10.549436598625896, "min": -12.207991663501536, "max": -10.234451395600786}, "7": {"mean": -9.956340881947941, "min": -10.603396432916137, "max": -2.870881050205945}, "8": {"mean": -9.332448045068723, "min": -11.642632770085893, "max": -2.8669349645629643}, "9": {"mean": -8.374519352456181, "min": -11.239037426005648, "max": -2.409993720052084}, "10": {"mean": -7.091729108750097, "min": -11.385720219633805, "max": -2.200893376217917}, "11": {"mean": -5.888186632803283, "min": -10.312731501682102, "max": -2.3681949659472004}, "12": {"mean": -4.08444178842579, "min": -11.447266742838702, "max": -2.3534626598555373}, "13": {"mean": -3.9912270825998597, "min": -10.526014433188145, "max": -2.338248889433797}, "14": {"mean": -4.166761656487825, "min": -11.64513231081653, "max": -2.2704530906304194}, "15": {"mean": -5.799991044274933, "min": -11.533693874804694, "max": -2.2663755048501137}, "16": {"mean": -4.005784782922893, "min": -11.621677781576935, "max": -2.3242528792663113}, "17": {"mean": -2.8182352208035497, "min": -10.758656705371534, "max": -2.3090406623650592}, "18": {"mean": -3.6002260264635924, "min": -10.393890150139418, "max": -2.223433974323993}, "19": {"mean": -5.373932489262984, "min": -11.769601137051392, "max": -2.2949408632852273}, "20": {"mean": -4.413087568941441, "min": -11.793312239208708, "max": -2.284989340290763}}