{"0": {"mean": -10.849559485018093, "min": -11.795011666074023, "max": -10.76495806212953}, "1": {"mean": -10.61688792858755, "min": -11.107286534047065, "max": -5.938438481244847}, "2": {"mean": -10.411083949990806, "min": -11.506721584067245, "max": -5.980843729553116}, "3": {"mean": -10.147964728921181, "min": -11.387469041888789, "max": -5.9800487835015685}, "4": {"mean": -10.362500120269662, "min": -10.898392617815485, "max": -5.980399583438743}, "5": {"mean": -9.991773657503272, "min": -11.446792001620866, "max": -5.980756070936244}, "6": {"mean": -10.440290463020123, "min": -11.854526013677194, "max": -5.980157194074764}, "7": {"mean": -10.476629492865275, "min": -12.023314918613993, "max": -5.980186301685707}, "8": {"mean": -8.902618756223964, "min": -11.05604298905277, "max": -5.979530058527197}, "9": {"mean": -10.355356226883975, "min": -11.140530575968574, "max": -5.982369762842289}, "10": {"mean": -9.378477955953876, "min": -10.899969131587197, "max": -5.979647206825773}, "11": {"mean": -10.119278696798593, "min": -10.981655076412546, "max": -5.9803283439618475}, "12": {"mean": -10.105390787317894, "min": -10.904915077665573, "max": -5.980189640611845}, "13": {"mean": -8.894886472010878, "min": -11.050526852096308, "max": -5.979368212108611}, "14": {"mean": -10.346315707617771, "min": -10.962786193306371, "max": -5.981012188189738}, "15": {"mean": -10.0799750296972, "min": -10.95445166516335, "max": -5.961644470185878}, "16": {"mean": -10.070645424893446, "min": -10.954625996681987, "max": -5.962361146066618}, "17": {"mean": -10.125288311983251, "min": -11.98234629619488, "max": -5.963066257194118}, "18": {"mean": -10.0765662059886, "min": -10.960365706797939, "max": -5.961629188485605}, "19": {"mean": -10.568644380372941, "min": -11.142095490142578, "max": -5.963267184569264}, "20": {"mean": -10.381924020232848, "min": -12.056312812681123, "max": -5.962062937442168}, "21": {"mean": -9.882172357348765, "min": -11.674302988120044, "max": -5.956244288042929}, "22": {"mean": -9.594704393205317, "min": -10.95464822429338, "max": -5.955804666913879}, "23": {"mean": -9.407722209620095, "min": -11.298045615569999, "max": -5.946738324972718}, "24": {"mean": -9.635226467626852, "min": -11.305485053338483, "max": -5.94647493869722}, "25": {"mean": -9.36300508591216, "min": -10.917182312540215, "max": -5.945461356440639}, "26": {"mean": -9.617019386445044, "min": -11.114354510628742, "max": -5.9463254106768}, "27": {"mean": -9.361651092253918, "min": -11.002517633202052, "max": -5.944809736330604}, "28": {"mean": -9.166559773433196, "min": -12.002010260442955, "max": -5.854095391451456}, "29": {"mean": -9.412321390267271, "min": -11.818751376404427, "max": -5.94503102766261}, "30": {"mean": -9.862173942662976, "min": -10.88055570623024, "max": -5.943891689381487}, "31": {"mean": -9.351506783242803, "min": -10.850959360531158, "max": -5.947314584601072}, "32": {"mean": -9.363450341486132, "min": -10.851025119727042, "max": -5.92944473454684}, "33": {"mean": -10.106724820197472, "min": -10.991486172167088, "max": -5.944505520847397}, "34": {"mean": -9.625529615759131, "min": -11.042784571554016, "max": -5.944576836473358}, "35": {"mean": -9.361524843660092, "min": -11.221998799967208, "max": -5.933133271851947}, "36": {"mean": -10.273995903031368, "min": -11.02689219075307, "max": -5.948243513808739}, "37": {"mean": -10.64199620368677, "min": -10.696506369853159, "max": -10.497838471735617}, "38": {"mean": -10.66299683240781, "min": -11.352077590573266, "max": -10.514769302587439}, "39": {"mean": -10.640162718207282, "min": -10.831010781741018, "max": -10.613489469589279}, "40": {"mean": -10.624942356840608, "min": -10.649284540528129, "max": -10.609583438153582}, "41": {"mean": -10.580870853170783, "min": -10.655040364491741, "max": -9.770657160806453}, "42": {"mean": -10.1946338009775, "min": -10.650674519836153, "max": -9.76814302797652}, "43": {"mean": -9.769538850783377, "min": -9.846178122292693, "max": -9.729355152841471}, "44": {"mean": -9.865077333947408, "min": -10.959793637435457, "max": -9.731066764094791}, "45": {"mean": -9.764776571363132, "min": -9.800864356047192, "max": -9.723560560424989}, "46": {"mean": -9.746631680144326, "min": -9.818026065985707, "max": -9.33048322041843}, "47": {"mean": -9.70908080844799, "min": -12.13539329293093, "max": -9.301181958365435}, "48": {"mean": -9.348527758864822, "min": -9.66186297848508, "max": -9.316379916606268}, "49": {"mean": -9.326182988305664, "min": -9.345240046631734, "max": -9.238679864034003}, "50": {"mean": -9.307810399593926, "min": -9.692869265588199, "max": -9.221059785356285}, "51": {"mean": -9.232864934321302, "min": -9.254487046820701, "max": -9.215090115775714}, "52": {"mean": -9.224890017731521, "min": -9.258006333709464, "max": -9.212414989575533}, "53": {"mean": -9.223710573139556, "min": -9.236238511391385, "max": -9.211553102979556}, "54": {"mean": -9.223495200475698, "min": -9.237691825570195, "max": -9.211195051269812}, "55": {"mean": -9.227146081147438, "min": -9.293319470589775, "max": -9.204705664560773}, "56": {"mean": -9.228267458752395, "min": -9.245304857588064, "max": -9.217886244230808}, "57": {"mean": -9.228393935839076, "min": -9.268959425252163, "max": -9.2106428732497}, "58": {"mean": -9.223275142595597, "min": -9.238075910750688, "max": -9.190438553915035}, "59": {"mean": -9.226085368188738, "min": -9.756133303827713, "max": -9.041096005166391}, "60": {"mean": -9.316193825000955, "min": -12.115689314370279, "max": -9.038998301697017}, "61": {"mean": -9.221254901082432, "min": -9.726076793395748, "max": -9.029587016482928}, "62": {"mean": -9.283965123408862, "min": -11.241701475793217, "max": -9.055789351958325}, "63": {"mean": -8.76833336306908, "min": -9.950442575645514, "max": -0.4626888759185359}, "64": {"mean": -9.21790972486515, "min": -10.10135620899806, "max": -9.024136832131}, "65": {"mean": -9.179232171339663, "min": -9.734555042540988, "max": -9.008571402617935}, "66": {"mean": -9.200298782297917, "min": -9.941412379866431, "max": -9.063085952089109}, "67": {"mean": -9.11293566306497, "min": -9.416392052635082, "max": -9.0164445257619}, "68": {"mean": -9.22131710938174, "min": -9.934901153773936, "max": -9.009006865109665}, "69": {"mean": -9.163651422019974, "min": -9.23741699559604, "max": -9.046014261112969}, "70": {"mean": -9.279343034162137, "min": -10.044388181998107, "max": -9.052367736389233}, "71": {"mean": -9.215669058440042, "min": -10.221673073811424, "max": -8.986401248941444}, "72": {"mean": -9.231753435450198, "min": -10.178235773704099, "max": -9.043515994436126}, "73": {"mean": -9.282847290765144, "min": -11.50569085412621, "max": -9.043553118309436}, "74": {"mean": -9.112935501051847, "min": -9.23508984056453, "max": -9.021330518941877}, "75": {"mean": -9.24963112027228, "min": -10.488601285179064, "max": -9.03612320033004}, "76": {"mean": -9.150154870783515, "min": -9.319077815378613, "max": -9.034834573140719}, "77": {"mean": -9.397216643837613, "min": -12.231998478886092, "max": -9.017360671157551}, "78": {"mean": -9.209659695368789, "min": -9.7541777854289, "max": -9.027232499323622}, "79": {"mean": -9.183311309720914, "min": -10.030283173940605, "max": -8.998120034215034}, "80": {"mean": -8.804236753978344, "min": -10.127380129843376, "max": -0.8372409403661843}, "81": {"mean": -5.036569102916476, "min": -10.262262109781652, "max": -0.6756052042521526}, "82": {"mean": -1.700921831895989, "min": -10.101970543384526, "max": -0.7174719907593003}, "83": {"mean": -1.2290311385955575, "min": -9.7606705984021, "max": -0.5909285569091101}, "84": {"mean": -2.5377966077787635, "min": -9.986688654796929, "max": -0.6538261271103482}, "85": {"mean": -0.7897164520121536, "min": -0.8303519681642523, "max": -0.6548547322481553}, "86": {"mean": -1.2341152365352996, "min": -9.650664049413548, "max": -0.7326658228867707}, "87": {"mean": -0.7863521166645068, "min": -0.8317931480154381, "max": -0.639871681706944},