{"0": {"mean": -11.03954154646452, "min": -11.676912325518206, "max": -10.822586324167377}, "1": {"mean": -11.278984527326411, "min": -12.525755041244935, "max": -10.821293348865707}, "2": {"mean": -11.007340595863413, "min": -11.676843121092828, "max": -10.821190047701014}, "3": {"mean": -11.007532599247352, "min": -11.677696093763535, "max": -10.820481422823296}, "4": {"mean": -10.919266178317846, "min": -11.676435092362574, "max": -10.817652804499865}, "5": {"mean": -10.824626327803525, "min": -10.848799170728153, "max": -10.815580496526945}, "6": {"mean": -10.84723136015715, "min": -10.896513721675426, "max": -10.81728703830534}, "7": {"mean": -10.824539006687043, "min": -10.875356185905574, "max": -10.766960139757456}, "8": {"mean": -10.821573194061916, "min": -10.994765116111935, "max": -10.710174608155961}, "9": {"mean": -9.512904263230672, "min": -10.88236273509618, "max": -4.738994236153441}, "10": {"mean": -9.70672353822447, "min": -10.949874752778001, "max": -4.741197949043373}, "11": {"mean": -10.141038046568298, "min": -10.866925881608328, "max": -4.742945424841614}, "12": {"mean": -9.550096444114681, "min": -10.875229271892085, "max": -4.7377096406992}, "13": {"mean": -10.149824508750623, "min": -10.879956035777615, "max": -4.742220369638231}, "14": {"mean": -9.10929332397642, "min": -11.742168862621176, "max": -4.739295413568206}, "15": {"mean": -8.53339714609832, "min": -10.931075235079167, "max": -4.738846688981474}, "16": {"mean": -8.99816451347454, "min": -10.870822686555796, "max": -4.7408738863932225}, "17": {"mean": -10.341211923021177, "min": -11.895889556419167, "max": -4.739556587866391}, "18": {"mean": -11.170635512154654, "min": -11.868229984918734, "max": -10.437692197622049}, "19": {"mean": -10.034335824539728, "min": -10.862118452595983, "max": -4.742419873824425}, "20": {"mean": -9.986062474506982, "min": -10.874628160559075, "max": -4.740853714781971}, "21": {"mean": -9.549794139822009, "min": -10.45037391555986, "max": -2.7618547351901364}, "22": {"mean": -6.470130277052097, "min": -10.18726600687031, "max": -2.7610990331436227}, "23": {"mean": -3.5087655490717147, "min": -11.026442241228356, "max": -1.9702693946622234}, "24": {"mean": -2.4170811701782178, "min": -2.730581638303181, "max": -1.904259803911648}}