{"0": {"mean": -11.160698046153604, "min": -11.735664523357402, "max": -10.77251784479767}, "1": {"mean": -10.305088140013854, "min": -11.896221899216126, "max": -5.9441982736001915}, "2": {"mean": -8.420558097831417, "min": -12.120230377694343, "max": -5.948042012395707}, "3": {"mean": -8.71291844739949, "min": -11.688538815995368, "max": -5.945224034443239}, "4": {"mean": -9.127475193135078, "min": -11.152520806171992, "max": -4.916187567653386}, "5": {"mean": -8.064528347226988, "min": -11.708501137699374, "max": -4.897278342994588}, "6": {"mean": -5.869607176873735, "min": -11.638804250214994, "max": -4.6154657401851304}, "7": {"mean": -6.148888638391004, "min": -10.82195661369772, "max": -4.467074255335464}, "8": {"mean": -9.47212146384164, "min": -10.884216113847529, "max": -3.9962145011744137}, "9": {"mean": -8.431787642495717, "min": -11.012449720892786, "max": -3.9931622235371242}, "10": {"mean": -6.366349110873257, "min": -10.85266955518215, "max": -3.8612679637907785}, "11": {"mean": -7.001584809474276, "min": -11.853426447771739, "max": -3.5895883659207564}, "12": {"mean": -7.224005596981634, "min": -10.699398229312338, "max": -3.470661502274177}, "13": {"mean": -6.747777991840993, "min": -11.530000156023508, "max": -3.4874347260149414}, "14": {"mean": -7.153769438601448, "min": -10.717226825651894, "max": -3.473852648017567}, "15": {"mean": -6.866621063984145, "min": -10.980216629834608, "max": -2.9565720767330945}, "16": {"mean": -8.737487202361269, "min": -10.848689848200335, "max": -2.9670044016175985}, "17": {"mean": -8.180777379896906, "min": -11.234595570237897, "max": -2.585501039211584}, "18": {"mean": -6.758922258593017, "min": -10.097233172778873, "max": -2.5098849932332787}, "19": {"mean": -3.794930783690267, "min": -11.171465968809358, "max": -1.4550113534713494}, "20": {"mean": -4.051369130834582, "min": -10.734318817650198, "max": -1.5240639812785326}, "21": {"mean": -4.773855682348828, "min": -12.240773149612808, "max": -1.484488126838689}, "22": {"mean": -3.7519683694306756, "min": -11.287550527610605, "max": -1.4626394346947549}, "23": {"mean": -5.542568188780654, "min": -10.678756820892406, "max": -1.4421235357800322}, "24": {"mean": -2.9478843775470858, "min": -10.147236018296562, "max": -0.1661115312304447}, "25": {"mean": -2.330602909448768, "min": -9.585377121829353, "max": -0.1591594677642751}, "26": {"mean": -1.3431883330023309, "min": -11.1982183236591, "max": -0.04325597924643614}, "27": {"mean": -1.2170384258998417, "min": -11.340744809258442, "max": -0.05703523468963468}, "28": {"mean": -1.0500581339439619, "min": -9.961717168976914, "max": 0.026470083200378365}, "29": {"mean": -1.2988525121622394, "min": -10.47719098589633, "max": 0.009514834911129758}, "30": {"mean": -0.4989684241051652, "min": -3.445285133198271, "max": 0.02608554845243157}, "31": {"mean": -2.1615766648521175, "min": -10.523536055403964, "max": -0.007606683286034204}, "32": {"mean": -1.2709915944765746, "min": -12.030758739270208, "max": 0.061406679461248295}, "33": {"mean": -3.7620073509274037, "min": -11.594839917158538, "max": 0.03127193820847674}, "34": {"mean": -0.9708305918803346, "min": -11.955013376772152, "max": 0.05351363951439247}, "35": {"mean": -1.5016193627155079, "min": -11.595890736840852, "max": 0.06290040106291502}, "36": {"mean": -1.3764284905706587, "min": -10.066462930199398, "max": 0.07793738076798927}, "37": {"mean": -2.050677271218621, "min": -10.66207963501256, "max": 0.08485887172046923}, "38": {"mean": -3.382654914413473, "min": -10.744321050410417, "max": 0.24806521049193767}, "39": {"mean": -1.587003357550057, "min": -11.142946982768466, "max": 0.22102897408341277}, "40": {"mean": -2.4635389515910804, "min": -11.255924412711138, "max": 0.09896075072012217}, "41": {"mean": -2.3895848117662823, "min": -11.19013199825916, "max": 0.11487031359533335}, "42": {"mean": -1.5975677816628424, "min": -10.253603976087597, "max": 0.17891657798073535}, "43": {"mean": -2.4893979087331672, "min": -11.376820381093452, "max": 0.18927016804360552}, "44": {"mean": -1.1808108265521875, "min": -11.586116872156786, "max": 0.20478775667890295}, "45": {"mean": -1.5600600473986108, "min": -11.497151731556398, "max": 0.2310978439925551}, "46": {"mean": -1.0638178863334327, "min": -10.435700025522586, "max": 0.2680736975957321}, "47": {"mean": -0.5942854478683246, "min": -9.201409342910667, "max": 0.25290130195890215}, "48": {"mean": -1.3764488067185734, "min": -11.429759448676936, "max": 0.2884944409892199}, "49": {"mean": -4.929097959238353, "min": -10.99594377199513, "max": 0.2769953585985952}, "50": {"mean": -3.3604111764832134, "min": -11.013390461355838, "max": 0.32246396820829565}, "51": {"mean": -1.7317372934899908, "min": -11.748996135360409, "max": 0.34130421581498077}, "52": {"mean": -2.3046157067791238, "min": -10.965343616596535, "max": 0.3196322579235388}, "53": {"mean": -3.6079124578554995, "min": -11.02145236344612, "max": 0.336296756459448}, "54": {"mean": -2.5943467179102484, "min": -10.99039764873145, "max": 0.4175381775228477}, "55": {"mean": -2.217224755257864, "min": -10.8303482062516, "max": 0.5572001512741994}, "56": {"mean": -1.2160521884251263, "min": -11.079895103970319, "max": 0.5654992260022867}, "57": {"mean": -1.8582372461348822, "min": -11.517730868313077, "max": 0.6253200132887492}, "58": {"mean": -4.610730842199276, "min": -11.50667412030353, "max": 0.5854115322651635}, "59": {"mean": -3.7790197602878153, "min": -11.686985820393689, "max": 0.590326672967085}, "60": {"mean": -4.504229233972054, "min": -10.711986271888474, "max": 0.5842902711924015}, "61": {"mean": -2.3964961186069376, "min": -10.723287916931437, "max": 0.7562345249631962}, "62": {"mean": -3.0236321310590957, "min": -10.733612470924824, "max": 0.7891663427037882}, "63": {"mean": -1.338247086408688, "min": -11.53246834930436, "max": 0.7195569439663857}, "64": {"mean": -1.7068609529803225, "min": -11.187240019668565, "max": 0.6829775661980096}, "65": {"mean": -2.9328030540769383, "min": -10.701875472371203, "max": 0.7163892003741785}, "66": {"mean": -3.9007679924488743, "min": -10.894061306964026, "max": 0.7239362198891195}, "67": {"mean": -2.632640037570017, "min": -10.968615812369281, "max": 0.7732649500979726}, "68": {"mean": -1.1885753346475607, "min": -11.578906312655965, "max": 0.7392066513506906}, "69": {"mean": -2.2723224158518955, "min": -11.524158722832304, "max": 0.748422382609892}, "70": {"mean": -1.6643588669259135, "min": -11.322106548343426, "max": 0.7424327643663126}, "71": {"mean": -1.8843894509664298, "min": -10.696218422989343, "max": 0.8322813308781597}, "72": {"mean": -0.8004704134612505, "min": -10.981905709738886, "max": 0.9562297590417791}, "73": {"mean": -2.7544450565005447, "min": -11.286438585365666, "max": 1.0935399807766166}, "74": {"mean": -1.9643064117124922, "min": -11.384616699017691, "max": 1.0656131754567875}, "75": {"mean": -2.2969095771755597, "min": -11.378629783760466, "max": 1.073618315406339}, "76": {"mean": -3.1645492759986302, "min": -11.343228290783713, "max": 1.7869101425561873}, "77": {"mean": -3.5095418087255688, "min": -11.655496956561402, "max": 1.2398825212615843}, "78": {"mean": -4.012753672653098, "min": -11.344439580771365, "max": 1.1839896872607532}, "79": {"mean": -4.345675699175203, "min": -11.182448916897817, "max": 1.15595117979959}, "80": {"mean": -3.9881147074663916, "min": -11.04218902001547, "max": 1.3363075276766676}, "81": {"mean": -6.492010708461763, "min": -11.363670242793935, "max": 1.1863042275964604}, "82": {"mean": -6.793117597410051, "min": -11.246126188178453, "max": 1.043080607881546}, "83": {"mean": -5.535536680685629, "min": -11.308624886282708, "max": 1.2081429365415703}, "84": {"mean": -4.990330741101974, "min": -11.494385267369626, "max": 1.1957320643501879}, "85": {"mean": -6.5382157859777665, "min": -10.98045218354586, "max": 1.0947709003427477}, "86": {"mean": -5.441651721943042, "min": -10.933029129963144, "max": 1.197283553505252},