{"0": {"mean": -10.888553886166358, "min": -11.973493294751645, "max": -5.991769809490509}, "1": {"mean": -9.959300522805213, "min": -11.048985156702749, "max": -5.988650622080773}, "2": {"mean": -10.80809788222895, "min": -12.07121461161518, "max": -5.993952648886388}, "3": {"mean": -10.402355995496366, "min": -11.446579816348665, "max": -5.987639918213651}, "4": {"mean": -9.808981440085882, "min": -11.92255003134484, "max": -5.985208972777067}, "5": {"mean": -9.891533396667707, "min": -10.900402649731127, "max": -5.98526618336994}, "6": {"mean": -8.965917143139027, "min": -11.984629032156182, "max": -5.982544152585446}, "7": {"mean": -9.719733222753785, "min": -11.916581077928281, "max": -5.9200966691063845}, "8": {"mean": -8.52062766990003, "min": -12.097571246146908, "max": -5.917881316989093}, "9": {"mean": -9.270239786263685, "min": -11.905732732191247, "max": -5.918856502605805}, "10": {"mean": -8.522540908749603, "min": -12.24677769671188, "max": -0.406654841745014}, "11": {"mean": -4.399681998729688, "min": -11.88046646359985, "max": -0.38157642886217025}, "12": {"mean": -5.744266411988618, "min": -11.954159410095773, "max": -0.3785163810800808}, "13": {"mean": -4.856436700227465, "min": -11.907229231850556, "max": -0.3882733804709561}, "14": {"mean": -5.795664660977923, "min": -11.952731168809782, "max": -0.39353128470982607}, "15": {"mean": -6.296435313628334, "min": -11.955324049324231, "max": -0.26030518502499944}, "16": {"mean": -2.748860025028175, "min": -11.920309080187417, "max": -0.15005403201778336}, "17": {"mean": -0.9010266465754809, "min": -11.255605079893332, "max": -0.15025173259318048}, "18": {"mean": -0.3837539723816966, "min": -9.20938975485596, "max": -0.14125495209511268}, "19": {"mean": -1.1240849610371781, "min": -11.691281441687327, "max": -0.12711737418895128}, "20": {"mean": -0.8513796339113326, "min": -11.268925366815987, "max": -0.11597125975914778}, "21": {"mean": -0.4086854363525216, "min": -11.217601821020253, "max": -0.0012598293499662687}, "22": {"mean": -0.5574280622359337, "min": -11.912717762311626, "max": 0.04844869600381516}, "23": {"mean": -0.6849548594082734, "min": -11.357759600542725, "max": 0.1709623222620965}, "24": {"mean": -0.10772146294329252, "min": -10.033509611407606, "max": 0.2156895219482215}}