{"0": {"mean": -113.51161498567663, "min": -121.53122853478479, "max": -101.48052956577328}, "1": {"mean": -111.02001415724472, "min": -120.08521972877656, "max": -62.732986092533096}, "2": {"mean": -112.63560870655627, "min": -121.13754796482188, "max": -100.22959801886104}, "3": {"mean": -111.12198252129076, "min": -121.93982685845097, "max": -41.56334237103416}, "4": {"mean": -107.17665984706645, "min": -131.67734588225684, "max": -24.896251152603618}, "5": {"mean": -109.239463826605, "min": -120.46030078385459, "max": -47.594059662312624}, "6": {"mean": -110.20173596642363, "min": -121.13526234592497, "max": -50.24785786009268}, "7": {"mean": -106.87436883299073, "min": -122.28101888893794, "max": -33.51855754788309}, "8": {"mean": -109.43944323452048, "min": -121.76608311750057, "max": -48.68711371394702}, "9": {"mean": -108.221166428892, "min": -122.1213115982438, "max": -23.191773160598057}, "10": {"mean": -108.56986573813685, "min": -122.15217369662535, "max": -22.547159490166162}, "11": {"mean": -107.07923465602003, "min": -120.86810041765123, "max": -32.41628825427077}, "12": {"mean": -110.02425426425454, "min": -120.61181949293241, "max": -31.462740882027788}, "13": {"mean": -108.73379025614895, "min": -124.22473056766887, "max": -31.715507642154403}, "14": {"mean": -107.13477585864258, "min": -121.52707275018135, "max": -31.379609217655265}, "15": {"mean": -103.84601202230651, "min": -123.85245101011937, "max": -22.01891392903926}, "16": {"mean": -97.26914029656096, "min": -125.0199688186478, "max": -20.94528315149764}, "17": {"mean": -94.65790946221216, "min": -125.9866242631562, "max": -13.076224941038932}, "18": {"mean": -100.32315019059041, "min": -120.49020718050674, "max": -24.673275432218915}, "19": {"mean": -101.25003135742294, "min": -121.14011530654152, "max": -26.050880726969723}, "20": {"mean": -102.22416898250644, "min": -125.49423417725414, "max": -23.394667941350917}, "21": {"mean": -107.41722101028658, "min": -120.7445655167956, "max": -24.017495169579945}, "22": {"mean": -103.36300551140275, "min": -119.36146070454177, "max": -21.589563239237215}, "23": {"mean": -100.63307828566269, "min": -119.3202312087682, "max": -7.541924794019965}, "24": {"mean": -104.01171181678593, "min": -121.4261157627354, "max": -21.148972868586235}, "25": {"mean": -108.85056717092358, "min": -120.89884339298868, "max": -38.252726916728534}, "26": {"mean": -101.46929424704486, "min": -119.11180146286388, "max": -21.246155728057058}, "27": {"mean": -98.71293639740279, "min": -119.90154355252213, "max": -22.49323748528485}, "28": {"mean": -99.90171153828942, "min": -120.80818728388068, "max": -21.005102668331837}, "29": {"mean": -102.95971184411346, "min": -125.76502975169562, "max": -20.49093884086626}, "30": {"mean": -100.61502414921215, "min": -122.96266049997493, "max": -23.06394320073287}, "31": {"mean": -100.41082810757766, "min": -122.00298576460006, "max": 1.9821304695385153}, "32": {"mean": -11.96314117033168, "min": -120.0784168090473, "max": 4.5181849810705765}, "33": {"mean": -13.468542532242767, "min": -110.54625261904427, "max": 4.690487385292953}, "34": {"mean": -23.090386951797704, "min": -120.01088822083496, "max": 4.641055846498461}, "35": {"mean": -18.57724788237392, "min": -118.29732069905796, "max": 4.624275809790573}, "36": {"mean": -27.562153171533083, "min": -120.99500044427285, "max": 4.610964318876814}, "37": {"mean": -16.06576635642841, "min": -119.85392570583532, "max": 4.619292972051498}, "38": {"mean": -10.840886000846687, "min": -116.24279037322707, "max": 4.739051087456494}, "39": {"mean": -15.666645271177428, "min": -117.79378977840396, "max": 4.75345491276841}, "40": {"mean": -8.959496966275333, "min": -111.96342252413581, "max": 4.984948208034669}, "41": {"mean": -9.972973327947837, "min": -120.30037554126031, "max": 4.688574473436451}, "42": {"mean": -7.631163201435702, "min": -114.198630128069, "max": 4.547153468002315}, "43": {"mean": -4.6963174255299185, "min": -117.78012408652552, "max": 4.676050712771966}, "44": {"mean": -11.825741199991716, "min": -123.44519793795794, "max": 4.598842687652903}, "45": {"mean": -13.224958972604668, "min": -118.61527170109525, "max": 4.830733750662177}, "46": {"mean": -10.050004166963994, "min": -122.17101650820442, "max": 4.713691691488082}, "47": {"mean": -14.185112100541014, "min": -117.91440632875039, "max": 4.535988329631847}, "48": {"mean": -16.997435453192704, "min": -122.01310232787408, "max": 4.749212675692281}, "49": {"mean": -7.776279156531821, "min": -117.92010893654323, "max": 4.69030502373724}, "50": {"mean": -16.296998633643835, "min": -120.97587348630465, "max": 4.668189418616699}, "51": {"mean": -12.02156143106714, "min": -122.14601433627087, "max": 4.819139850209092}, "52": {"mean": -10.881230486412125, "min": -120.14180533790419, "max": 4.57614871277623}, "53": {"mean": 1.201001951232792, "min": -23.06188391352515, "max": 4.4984048902152285}, "54": {"mean": -11.702331717303107, "min": -117.89074974608886, "max": 4.572982663383199}, "55": {"mean": -13.426284733687341, "min": -124.36977457117383, "max": 4.506610847731826}, "56": {"mean": -5.959951332215917, "min": -115.02438697479428, "max": 4.586127753592089}, "57": {"mean": -4.634386261100129, "min": -113.1118132709941, "max": 4.583027321541464}, "58": {"mean": -8.292086404510291, "min": -124.07259619366158, "max": 4.599699202332634}, "59": {"mean": -6.606884427169169, "min": -117.92438079577389, "max": 4.5564700121416}, "60": {"mean": -5.390583881294669, "min": -125.14558758818063, "max": 4.594984801107018}, "61": {"mean": -17.328025950778322, "min": -119.47524113965633, "max": 4.519301636854293}, "62": {"mean": -13.422662102163363, "min": -114.86756380808009, "max": 4.398297257851087}, "63": {"mean": -12.838081584052102, "min": -119.3004604223579, "max": 4.603779734542663}, "64": {"mean": -12.818766696748707, "min": -122.65825509836309, "max": 5.411576461303946}, "65": {"mean": -12.340967047478246, "min": -119.51871000996978, "max": 4.573747670537487}, "66": {"mean": -12.287932396707104, "min": -122.8038563845921, "max": 4.743867285958973}, "67": {"mean": -19.09112673671652, "min": -121.85832997909961, "max": 4.560864792720822}, "68": {"mean": -15.845568217390777, "min": -123.79559897403877, "max": 4.51540778929118}, "69": {"mean": -14.364715840991607, "min": -127.98949876080245, "max": 4.657047399694662}, "70": {"mean": -12.865435253417402, "min": -118.30008129587125, "max": 4.72848343077223}, "71": {"mean": -12.752816979233973, "min": -119.31899517093031, "max": 4.66436906646015}, "72": {"mean": -5.090319430158817, "min": -115.07922447051843, "max": 4.707895712285961}, "73": {"mean": -13.264171723769987, "min": -118.33150043959695, "max": 4.601903021679865}, "74": {"mean": -9.679763156198295, "min": -120.51605002108084, "max": 7.359579922738175}, "75": {"mean": -16.53702785980139, "min": -117.89812640821316, "max": 7.500785892747597}, "76": {"mean": -17.023223202068017, "min": -119.3707576522874, "max": 4.7300314268045485}, "77": {"mean": -10.017826501278092, "min": -118.12406802199419, "max": 4.66494538404424}, "78": {"mean": -17.513524740419058, "min": -124.2543684696719, "max": 4.820179637421654}, "79": {"mean": -15.742921296003173, "min": -117.00725983546928, "max": 4.770479370424492}, "80": {"mean": -13.983528983377946, "min": -122.4958017016591, "max": 4.660719071149092}, "81": {"mean": -16.481315646382324, "min": -118.64794975971861, "max": 4.623472031161563}, "82": {"mean": -21.474700577107498, "min": -122.33124866196218, "max": 4.6975786315662775}, "83": {"mean": -23.65259570505202, "min": -117.31665593255939, "max": 6.988304279568699}, "84": {"mean": -21.346378305268562, "min": -117.88507824960502, "max": 6.273733118351314}, "85": {"mean": -17.967413787370603, "min": -124.57724616517808, "max": 6.114058080301746}, "86": {"mean": -13.785481784759511, "min": -118.75483288918981, "max": 6.232950016465828}, "87": {"mean": -10.079838951619278, "min": -115.20626004473219,