{"0": {"mean": -11.314738469999117, "min": -11.929582628760734, "max": -10.797853915791276}, "1": {"mean": -10.442957686051596, "min": -11.748385100872628, "max": -4.423975229070126}, "2": {"mean": -10.738686483538206, "min": -11.931986175359041, "max": -9.928758216361073}, "3": {"mean": -8.588332002906238, "min": -10.443144525450283, "max": -3.820953562626579}, "4": {"mean": -5.004447943130148, "min": -10.948976260716872, "max": -2.533886476978841}, "5": {"mean": -3.8996877957197205, "min": -11.513330675280187, "max": -2.1026899084720116}, "6": {"mean": -3.672952655080826, "min": -11.910926110802173, "max": -2.1473048471653544}, "7": {"mean": -2.534151462752013, "min": -4.288884693913678, "max": -0.7893123143824142}, "8": {"mean": -3.525099026426742, "min": -10.549166055503237, "max": -0.3636773402318536}, "9": {"mean": -3.2779198650033763, "min": -11.449277867474077, "max": -0.3851163885328975}, "10": {"mean": -2.7390318853854474, "min": -11.353590973132725, "max": -0.40917511586790095}, "11": {"mean": -2.4834048458838653, "min": -11.452789194786344, "max": -0.020222389719276406}, "12": {"mean": -1.4103635014658888, "min": -9.979146496206141, "max": 0.02061004862801779}, "13": {"mean": -2.08435785848691, "min": -11.438553184393822, "max": 0.04677368426416694}, "14": {"mean": -4.041184957047581, "min": -11.607153110402374, "max": 0.06687030643443544}, "15": {"mean": -2.1656747660851905, "min": -11.544667260854954, "max": 0.004312413042756797}, "16": {"mean": -3.2282587637427356, "min": -11.519345929267697, "max": -0.0011566172910737278}}