{"0": {"mean": -11.195699430271777, "min": -11.817274272180162, "max": -10.446754164877223}, "1": {"mean": -10.659828244495694, "min": -11.906333971915767, "max": -10.357951902994545}, "2": {"mean": -9.501506792204093, "min": -10.753739648974438, "max": -2.993890255035893}, "3": {"mean": -8.250483200138866, "min": -10.741136913929415, "max": -1.765543593170539}, "4": {"mean": -4.8883741811863946, "min": -10.872856969661049, "max": -1.0489356047193892}, "5": {"mean": -2.2583448143299014, "min": -11.591895453546353, "max": -0.775537456245099}, "6": {"mean": -2.5136784025784245, "min": -9.908948000621887, "max": -0.10002199557825263}, "7": {"mean": -2.11692900760535, "min": -10.506177066530523, "max": 0.30589586048675366}, "8": {"mean": -1.6736918336082063, "min": -10.692848149010754, "max": 0.21529641678432435}, "9": {"mean": -1.7584722245970297, "min": -11.21264924421169, "max": 0.30771212105667994}, "10": {"mean": -1.1309206126286955, "min": -11.509345037539303, "max": 0.18937786688080074}, "11": {"mean": -2.4001032327718255, "min": -11.278997182545428, "max": 0.3565607904721763}, "12": {"mean": -2.2178162213137065, "min": -11.189373924608418, "max": 0.3776874711486729}, "13": {"mean": -1.5368180950577484, "min": -11.209501510012725, "max": 0.43046561642271225}, "14": {"mean": -1.5621510420370766, "min": -11.246759913724533, "max": 0.46888674285282217}, "15": {"mean": -1.0045256555667952, "min": -10.067930312567551, "max": 0.47398142697638845}, "16": {"mean": -0.3397514412656085, "min": -9.236353128769073, "max": 0.4934637780976159}, "17": {"mean": -0.43037627419793134, "min": -10.08496300079555, "max": 0.5866629486313798}, "18": {"mean": -1.6049595867299111, "min": -11.229800194592983, "max": 0.6247132825514684}, "19": {"mean": -0.19313708599116602, "min": -11.268105738682369, "max": 0.6207510444650686}, "20": {"mean": 0.0851873895067629, "min": -1.0405817806259474, "max": 0.661045374124902}, "21": {"mean": -3.497642180949741, "min": -11.541047139383826, "max": 0.6405926397744308}, "22": {"mean": -0.620302343531091, "min": -11.411630841432707, "max": 0.6393011870533913}, "23": {"mean": -1.6097991959086921, "min": -9.982475697336747, "max": 0.7612477167699309}, "24": {"mean": -3.3591350000814715, "min": -11.834747122859977, "max": 0.7626503095770236}, "25": {"mean": -3.454493747831198, "min": -11.256891968898927, "max": 0.7637055704110707}, "26": {"mean": -5.402536211358561, "min": -11.325095105266909, "max": 0.7780048674251793}, "27": {"mean": -5.535109600815928, "min": -11.807968684133668, "max": 0.8267631014335387}, "28": {"mean": -3.064498493263238, "min": -10.176344286293089, "max": 0.8241833601634024}, "29": {"mean": -0.8301747979939643, "min": -9.54744890287898, "max": 0.9658885949548658}, "30": {"mean": -2.3390136658902034, "min": -11.266270211555963, "max": 0.9336707077331969}, "31": {"mean": -2.0722790245893767, "min": -11.292967880545596, "max": 0.9408999227746937}, "32": {"mean": -2.0768020145814305, "min": -11.210538457920057, "max": 0.9354352994971448}, "33": {"mean": -2.904168303543813, "min": -11.293007344986709, "max": 0.9382523452500914}, "34": {"mean": -2.2999115426612073, "min": -11.170253815598294, "max": 0.9427057457749227}, "35": {"mean": -2.3590343933315685, "min": -10.716228656126901, "max": 0.895614087825992}, "36": {"mean": -2.088452054694438, "min": -9.896271795132114, "max": 0.9307681478020855}, "37": {"mean": -3.1409534041234535, "min": -11.214288878360295, "max": 0.9357921353915605}, "38": {"mean": -3.695972367998396, "min": -11.14686738851669, "max": 0.966456483057737}, "39": {"mean": -1.9718820338875194, "min": -10.058720865583439, "max": 0.9415569227041802}, "40": {"mean": -1.6072077842241335, "min": -11.337264980606584, "max": 0.9426914120324456}, "41": {"mean": -2.7916160957040703, "min": -11.174753302721728, "max": 0.9085798452256345}, "42": {"mean": -0.09580955443256241, "min": -9.179401982404146, "max": 0.9449173510428104}, "43": {"mean": -1.4264003057233912, "min": -11.279317942914794, "max": 0.9522122496919265}, "44": {"mean": -3.507535646028855, "min": -10.003625573334098, "max": 0.9642309587830971}, "45": {"mean": -3.0661948316721523, "min": -11.23576308987725, "max": 0.9537702034367846}, "46": {"mean": -0.5303951911714652, "min": -11.20307604989134, "max": 0.9409700940596771}, "47": {"mean": -2.0211818247684996, "min": -11.16578822589383, "max": 0.9805122441370062}, "48": {"mean": -1.4321439384365937, "min": -11.282448433580576, "max": 0.9558450557301331}, "49": {"mean": -4.03775159393775, "min": -11.898470143704063, "max": 0.9476761560028947}, "50": {"mean": -2.9687683006997836, "min": -11.888767551143859, "max": 1.1668673462683619}, "51": {"mean": -2.6899068468458864, "min": -11.214276694991947, "max": 0.9402264118766143}, "52": {"mean": -1.6023566267343075, "min": -9.998101808951736, "max": 0.9368870329944464}, "53": {"mean": -2.225044658883223, "min": -11.034646773054595, "max": 0.9196663634694384}, "54": {"mean": -1.9616716850798699, "min": -9.979051927212765, "max": 0.9486302826380899}, "55": {"mean": -0.4792276475564913, "min": -11.233241126712043, "max": 0.9481379729052777}, "56": {"mean": -3.702373837058821, "min": -11.738865222092183, "max": 0.9145120876354692}, "57": {"mean": -0.7000299041166744, "min": -9.378184463216362, "max": 0.9456085173627243}, "58": {"mean": -1.7171355644119484, "min": -10.865142025653618, "max": 0.9441911624220964}, "59": {"mean": -0.8133606723423524, "min": -9.991449474145378, "max": 0.9289048161254972}, "60": {"mean": -1.8290857132733465, "min": -11.166136029991332, "max": 0.9280864656180128}, "61": {"mean": -1.6519882118834037, "min": -9.999416848732778, "max": 0.9209600450637725}, "62": {"mean": -0.7740206395338747, "min": -11.85562879226338, "max": 0.9569795146885909}, "63": {"mean": -1.8568749603729198, "min": -11.196758261073754, "max": 0.9589809783263936}, "64": {"mean": -2.31554299542277, "min": -11.403643108774325, "max": 0.9275246752875544}, "65": {"mean": -1.740744776134052, "min": -10.082070122039495, "max": 0.9332782605635771}, "66": {"mean": -1.2095630244638211, "min": -11.24448631181989, "max": 0.9551994373447671}, "67": {"mean": -2.1205412709784106, "min": -12.033177054960737, "max": 0.9419327975408973}, "68": {"mean": -2.8444700965156, "min": -11.19755167598305, "max": 0.9255266226744383}, "69": {"mean": -3.3290486593437842, "min": -10.092190535327571, "max": 0.929000509126753}, "70": {"mean": -2.1523203273243907, "min": -11.223477914789346, "max": 0.9116326910877888}, "71": {"mean": -2.0883610571379503, "min": -9.96757907379375, "max": 0.9134553923692584}, "72": {"mean": -1.3982260378253408, "min": -11.234713771072302, "max": 1.016063077318328}, "73": {"mean": -3.5710967537940355, "min": -11.54197732029919, "max": 0.9010918703896301}, "74": {"mean": -1.5131208400193485, "min": -10.150618609913943, "max": 1.0820546125683865}, "75": {"mean": -3.174027542811685, "min": -10.610542130858281, "max": 0.8786715657709263}, "76": {"mean": -3.5190923414301425, "min": -11.343700360924842, "max": 0.9023977602005077}, "77": {"mean": -1.9730528461685979, "min": -11.656138127822185, "max": 0.8430985509094644}, "78": {"mean": -3.0288003959014116, "min": -11.193611087765294, "max": 1.068632312169866}, "79": {"mean": -3.210540070737771, "min": -11.315440545965373, "max": 0.8784829181137177}, "80": {"mean": -2.258455748216143, "min": -11.223505960851648, "max": 0.8961710770845911}, "81": {"mean": -2.5823675086282565, "min": -11.264365240193756, "max": 0.9325197999809864}, "82": {"mean": -1.8353134521496428, "min": -11.283797763642143, "max": 0.9253514233273542}, "83": {"mean": -3.9773676371791824, "min": -11.19711596497768, "max": 0.8882337360554516}, "84": {"mean": -0.3041730726145162, "min": -9.583648772241936, "max": 0.9153985693496639}, "85": {"mean": -4.612842946724781, "min": -11.287901068247116, "max": 0.8753553667458117}, "86": {"mean": -3.1610809442071837, "min": -11.188834049051602, "max": 0.9371225123587031}, "87": {"mean": -2.154162611882011,