{"0": {"mean": -11.219416072430693, "min": -11.972152688803028, "max": -10.79311448516051}, "1": {"mean": -11.039872457478127, "min": -11.863967982049225, "max": -10.591543141026857}, "2": {"mean": -10.846631587946039, "min": -11.77692189571789, "max": -10.389423402592353}, "3": {"mean": -10.457041355412043, "min": -10.647144545571754, "max": -10.387906700088704}, "4": {"mean": -10.677824463190348, "min": -11.428670222070007, "max": -10.348742108086311}, "5": {"mean": -10.426553640980305, "min": -10.731205433256614, "max": -10.349272067643701}, "6": {"mean": -10.384045474761711, "min": -10.450538230349434, "max": -10.330478638948936}, "7": {"mean": -10.385076343079563, "min": -10.494361308705185, "max": -10.346484635204138}, "8": {"mean": -10.362458492150225, "min": -10.432963486645123, "max": -10.345994909048143}, "9": {"mean": -10.5889430258751, "min": -11.57915166486306, "max": -10.352013944727679}, "10": {"mean": -10.495730425690686, "min": -11.465842452666909, "max": -10.327187861097418}, "11": {"mean": -10.494879872058487, "min": -11.35756757891178, "max": -10.326575009368112}, "12": {"mean": -10.352370408927403, "min": -10.463061046484796, "max": -10.327004335804904}, "13": {"mean": -10.427001795667271, "min": -10.848290157868885, "max": -10.323165790789265}, "14": {"mean": -10.3358392552319, "min": -10.389442366729119, "max": -10.323204390000551}, "15": {"mean": -10.356146669527957, "min": -10.552712892267543, "max": -10.307338843855076}, "16": {"mean": -10.326106075714396, "min": -10.384643298700203, "max": -10.306947352933884}, "17": {"mean": -10.339616787511492, "min": -10.430320369964496, "max": -10.30494317168491}, "18": {"mean": -10.34931679869683, "min": -10.436414836776258, "max": -10.306732026305609}, "19": {"mean": -10.331900231712291, "min": -10.431919975536813, "max": -10.305190078201921}, "20": {"mean": -10.531801528093123, "min": -11.71498788097212, "max": -10.305919897453673}}