{"0": {"mean": -11.485000551027179, "min": -12.033190871761242, "max": -10.823633975320869}, "1": {"mean": -11.464855187220186, "min": -12.070340369507608, "max": -10.713244268449458}, "2": {"mean": -11.606193379508943, "min": -11.995353194941579, "max": -10.690954049609353}, "3": {"mean": -11.300565642598357, "min": -12.306774479474935, "max": -10.59350494022773}, "4": {"mean": -10.164080285676869, "min": -10.999912071006776, "max": -4.973096528982354}, "5": {"mean": -9.739457101189014, "min": -12.035465901904615, "max": -4.969838025583559}, "6": {"mean": -9.619175177091101, "min": -11.908459738492096, "max": -4.474180649257552}, "7": {"mean": -8.17095401543974, "min": -12.129848595101013, "max": -4.186688802977468}, "8": {"mean": -7.0280991949023335, "min": -11.43876340432701, "max": -3.8082369150313435}, "9": {"mean": -5.504943771521281, "min": -11.805689174811045, "max": -3.249989559588977}, "10": {"mean": -5.086750295852154, "min": -11.8638368212372, "max": -3.1826984772798586}, "11": {"mean": -4.483288221748997, "min": -11.522371082943987, "max": -3.1796555796102504}, "12": {"mean": -5.628226913792643, "min": -11.836527288544946, "max": -2.3511842961065597}, "13": {"mean": -5.9221793275992285, "min": -12.282733053209354, "max": -2.2794397058526408}, "14": {"mean": -5.568416958056266, "min": -12.213646878433227, "max": -2.178184160643864}, "15": {"mean": -4.994615481894543, "min": -12.154507954819593, "max": -2.03677970928728}, "16": {"mean": -2.5740704306943845, "min": -12.027396910442226, "max": -2.014043620965445}, "17": {"mean": -4.410617087981455, "min": -12.211604260549905, "max": -1.9855694079718786}, "18": {"mean": -4.516482695907278, "min": -12.259185982808471, "max": -2.0080437613168898}, "19": {"mean": -3.057537019606129, "min": -11.96498459470363, "max": -1.9888019709221538}, "20": {"mean": -3.0791541743634205, "min": -11.522062048582795, "max": -1.9607879457044888}, "21": {"mean": -2.5399486680511467, "min": -11.497166068579975, "max": -1.971025614389593}, "22": {"mean": -3.5066415556355204, "min": -11.516801628547606, "max": -1.9519175921837935}}