{"0": {"mean": -10.797168802438689, "min": -10.879079328774226, "max": -10.537651776372517}, "1": {"mean": -10.975927416817429, "min": -11.87009267220851, "max": -10.312271854921375}, "2": {"mean": -10.515179745144668, "min": -10.86785567182197, "max": -10.295507904987293}, "3": {"mean": -10.41447224987723, "min": -11.025386336178656, "max": -9.589765753232873}, "4": {"mean": -10.310570771251223, "min": -10.76879098703768, "max": -9.629895003308231}, "5": {"mean": -9.765288591488682, "min": -10.256088896891997, "max": -9.588878685480356}, "6": {"mean": -10.365497289955304, "min": -10.838288828073486, "max": -9.577645310847194}, "7": {"mean": -9.724026566276727, "min": -10.326981192080172, "max": -9.538607654823176}, "8": {"mean": -10.635721433064033, "min": -10.840833392493613, "max": -10.330305991724323}, "9": {"mean": -9.51063597066498, "min": -9.78447070231015, "max": -9.331046603570602}, "10": {"mean": -10.598702513178079, "min": -10.967332777189235, "max": -10.412106443267145}, "11": {"mean": -9.584856380228532, "min": -10.694560447447202, "max": -9.240220689874706}, "12": {"mean": -10.123216908726873, "min": -10.942581094116415, "max": -9.32101232031999}, "13": {"mean": -9.460058516181359, "min": -9.6594250293373, "max": -9.285322217084259}, "14": {"mean": -9.78938521842136, "min": -10.87901797402424, "max": -9.288354507945002}, "15": {"mean": -9.34840973643978, "min": -9.601577480595331, "max": -9.211346836359917}, "16": {"mean": -9.308953330747313, "min": -9.407868142800764, "max": -9.174432781755367}, "17": {"mean": -9.464217614791105, "min": -10.407293074020643, "max": -9.13696364184932}, "18": {"mean": -9.197279026619324, "min": -9.449105440350051, "max": -9.1413156101377}, "19": {"mean": -9.176374235644236, "min": -9.215798785047854, "max": -9.161461713335548}, "20": {"mean": -9.317178473847264, "min": -10.641780987925774, "max": -9.137844119377677}, "21": {"mean": -9.180422248394665, "min": -9.329423453719816, "max": -9.154022035680297}, "22": {"mean": -9.167108719794223, "min": -9.198681455997095, "max": -9.138992485738374}}