{"0": {"mean": -11.26386724633274, "min": -11.768088053987238, "max": -10.81929452583169}, "1": {"mean": -11.440768800823832, "min": -11.984245131047754, "max": -10.830983602043428}, "2": {"mean": -11.5005803815788, "min": -11.957883056535323, "max": -10.818564095805462}, "3": {"mean": -11.204413307035807, "min": -11.971862304804661, "max": -10.806467948955422}, "4": {"mean": -10.249804381988493, "min": -11.719506602802438, "max": -6.176046561964491}, "5": {"mean": -9.991912232340583, "min": -11.200956908805235, "max": -6.151444527283977}, "6": {"mean": -9.267961134105665, "min": -11.112920428080175, "max": -6.117865236240985}, "7": {"mean": -9.937000898215775, "min": -11.001834557130437, "max": -6.1171510040790515}, "8": {"mean": -9.977190369151474, "min": -11.101420171566183, "max": -6.118251495175453}, "9": {"mean": -9.537723893570575, "min": -11.511946107994268, "max": -6.115568331584661}, "10": {"mean": -9.255746236531678, "min": -11.107475532625926, "max": -6.117865148156237}, "11": {"mean": -9.563869329471991, "min": -11.775052077120604, "max": -6.116946605600575}, "12": {"mean": -10.780744415976777, "min": -11.422287487497615, "max": -6.132424053454297}, "13": {"mean": -9.545402501950068, "min": -11.124536327438305, "max": -6.117639891199774}, "14": {"mean": -9.317648271420499, "min": -11.371749857350872, "max": -6.11708811161505}, "15": {"mean": -10.44471639401728, "min": -11.4040859975279, "max": -6.1182707775745}, "16": {"mean": -10.727256662098185, "min": -11.413273798933997, "max": -7.494507019655411}, "17": {"mean": -10.167491284045905, "min": -10.981687324678402, "max": -6.117941083854423}, "18": {"mean": -10.652250759845588, "min": -11.11061271207823, "max": -6.11787380627413}}