{"0": {"mean": -11.245067241749375, "min": -11.895863632882262, "max": -10.598643173770482}, "1": {"mean": -10.498765086973627, "min": -12.173456314984088, "max": -5.434752494129877}, "2": {"mean": -10.096113713083447, "min": -12.440055954381016, "max": -4.430963565461488}, "3": {"mean": -10.117344273734851, "min": -12.125084601653617, "max": -4.927415973930956}, "4": {"mean": -9.686404894368973, "min": -12.036865797311131, "max": -3.7498333566761137}, "5": {"mean": -9.75667199470887, "min": -12.229223673657888, "max": -3.8862685363772265}, "6": {"mean": -8.19388929197855, "min": -11.937597954950357, "max": -3.963501062767647}, "7": {"mean": -9.176636809454557, "min": -12.016570180615968, "max": -3.838276211724425}, "8": {"mean": -8.884899696215, "min": -11.863257791594913, "max": -3.823659409145077}, "9": {"mean": -9.042250261953713, "min": -12.074436416790386, "max": -3.7876297493501934}, "10": {"mean": -9.257621741554985, "min": -11.79416896703473, "max": -3.7336153451398015}, "11": {"mean": -9.512383173012891, "min": -11.943709490142329, "max": -2.6069691614706185}, "12": {"mean": -4.587469212703991, "min": -12.431846222831247, "max": -2.5694313957771326}, "13": {"mean": -4.354020482512832, "min": -11.768373339189651, "max": -2.5093164402126886}, "14": {"mean": -4.591340756282255, "min": -11.712532982645804, "max": -2.1457922719040265}, "15": {"mean": -5.058822997668499, "min": -11.871120435380504, "max": -1.454962110865717}, "16": {"mean": -2.396804862147227, "min": -11.658324204973024, "max": -1.1248511458234898}, "17": {"mean": -3.121447744064503, "min": -11.796998788228432, "max": -0.01963383849274658}, "18": {"mean": -3.6769160719621086, "min": -12.18580400219492, "max": 0.24906284350560315}, "19": {"mean": -2.775234018493131, "min": -12.126146860086754, "max": 1.1473843346965336}}