{"0": {"mean": -114.098063164699, "min": -121.43803911159499, "max": -45.68121672894723}, "1": {"mean": -111.65501418415481, "min": -120.14957228595392, "max": -36.60225901681249}, "2": {"mean": -112.89588023393331, "min": -125.1834936424108, "max": -65.2663707243334}, "3": {"mean": -111.32450227244146, "min": -125.12456309537527, "max": -11.893953791158507}, "4": {"mean": -111.38618473846336, "min": -131.46367000132642, "max": -62.642520826811364}, "5": {"mean": -112.67816663377366, "min": -120.85671583833795, "max": -26.342224807731426}, "6": {"mean": -108.33429301349088, "min": -123.3640411566589, "max": -29.719546753685695}, "7": {"mean": -110.11289511760444, "min": -122.1305980436243, "max": -38.588831600126305}, "8": {"mean": -109.18988650152667, "min": -122.41757480135064, "max": -19.804467443022766}, "9": {"mean": -109.14192944684854, "min": -122.5108439272251, "max": -34.90239638221962}, "10": {"mean": -106.25508426220685, "min": -122.45610928830753, "max": -17.1541695784796}, "11": {"mean": -107.17159056826762, "min": -122.1768697919473, "max": -26.516659439510658}, "12": {"mean": -105.38548104972564, "min": -124.66634713196817, "max": -15.442478312736009}, "13": {"mean": -101.57960554371839, "min": -121.34225243735204, "max": -14.06360715339116}, "14": {"mean": -102.90946655507105, "min": -123.88991683418081, "max": -14.448029563254924}, "15": {"mean": -101.82246093544668, "min": -123.43998446073445, "max": 0.36959392669528673}, "16": {"mean": -31.617309977239955, "min": -119.38131512149079, "max": 3.724503523404758}, "17": {"mean": -32.38116566550795, "min": -123.23551027688868, "max": 3.856297869075515}, "18": {"mean": -30.34281468686713, "min": -124.36970663444458, "max": 6.092888094894584}, "19": {"mean": -32.827584713280665, "min": -120.3835191320385, "max": 6.660271380561331}, "20": {"mean": -31.84372720832386, "min": -122.8897651273452, "max": 6.5144569773240795}, "21": {"mean": -41.67847525606391, "min": -120.66964802088995, "max": 6.254987608720283}, "22": {"mean": -38.28952331038393, "min": -119.98120821890429, "max": 6.788018612469745}, "23": {"mean": -31.428458439923023, "min": -119.28498471881595, "max": 6.676022435886211}, "24": {"mean": -36.634968311007654, "min": -119.50404460946173, "max": 6.673715940072279}, "25": {"mean": -39.29487450417281, "min": -120.92436096733661, "max": 7.995112150769894}, "26": {"mean": -28.751919781311507, "min": -121.76084789669983, "max": 7.826182593797604}, "27": {"mean": -38.42179710457398, "min": -119.80472063918234, "max": 7.071877605514196}, "28": {"mean": -43.78879193188176, "min": -120.17772121849588, "max": 6.644922829379258}, "29": {"mean": -32.54595795287555, "min": -119.69727140728284, "max": 7.740611993684136}, "30": {"mean": -40.50731495861955, "min": -122.50063547757576, "max": 9.283541824602857}, "31": {"mean": -23.035746586841714, "min": -121.54948188772345, "max": 7.11373581294896}, "32": {"mean": -40.81328917746713, "min": -119.82199044072317, "max": 6.910123546548969}, "33": {"mean": -43.447709571351844, "min": -124.55407026291743, "max": 7.59500167700032}, "34": {"mean": -30.564631226605766, "min": -119.99357239954178, "max": 7.704408855688607}, "35": {"mean": -34.511204850063145, "min": -120.20854686917063, "max": 12.437674162446863}, "36": {"mean": -33.56478181975211, "min": -122.75876798983057, "max": 8.258437836710202}, "37": {"mean": -30.046653123588108, "min": -119.60691714337169, "max": 8.112321542436561}, "38": {"mean": -21.965245437664507, "min": -123.52158386986676, "max": 7.565396126476371}, "39": {"mean": -35.45912795731518, "min": -135.22661244666264, "max": 7.415819943069111}, "40": {"mean": -29.231660537622346, "min": -121.0562770638936, "max": 7.417878483322954}, "41": {"mean": -25.07952892543909, "min": -121.18880723292853, "max": 7.390466030041909}, "42": {"mean": -38.172983004107074, "min": -121.64654203971065, "max": 7.495649670653647}, "43": {"mean": -26.39055023087582, "min": -121.26496323274323, "max": 7.512365591515656}, "44": {"mean": -19.433780224742605, "min": -120.20018654268594, "max": 7.424527446980353}, "45": {"mean": -32.2109534471706, "min": -119.4978641153019, "max": 7.533217304403559}, "46": {"mean": -27.92335247785284, "min": -119.68953009902032, "max": 7.415036140542278}, "47": {"mean": -16.67834062092817, "min": -120.00791892621632, "max": 7.71894022250557}, "48": {"mean": -29.230579497823832, "min": -125.77242146484667, "max": 7.5124350826423845}, "49": {"mean": -35.14572286820767, "min": -120.36388297178382, "max": 7.846949035190183}, "50": {"mean": -25.16271410857706, "min": -118.05623378624227, "max": 7.5473969023009255}, "51": {"mean": -28.91076407653022, "min": -119.39941424095915, "max": 7.546154442542791}, "52": {"mean": -30.568183715117993, "min": -121.43645369488162, "max": 7.6799480939998395}, "53": {"mean": -31.010895899012493, "min": -119.83703368307371, "max": 7.719725650368797}, "54": {"mean": -18.25261049186141, "min": -122.05936147917069, "max": 7.660664402434452}, "55": {"mean": -28.228394038486904, "min": -119.86475031189302, "max": 7.440116786346256}, "56": {"mean": -30.52659528518094, "min": -120.07497409300885, "max": 7.6456956377415235}, "57": {"mean": -29.58618397627827, "min": -121.64084370966206, "max": 7.767563276174992}, "58": {"mean": -26.53127590372607, "min": -124.05727037478552, "max": 7.75531387642484}, "59": {"mean": -26.303434464118535, "min": -131.27212939059166, "max": 7.9042254170180275}, "60": {"mean": -24.861084787955686, "min": -122.76851764404228, "max": 7.86256452221444}, "61": {"mean": -21.11181925255491, "min": -122.63526089985908, "max": 7.79658959874634}, "62": {"mean": -17.721707879818958, "min": -121.66271336965637, "max": 7.978375325150939}, "63": {"mean": -23.217556261136934, "min": -122.13666305370182, "max": 8.18079857101892}, "64": {"mean": -14.51267817777953, "min": -122.21325905143586, "max": 7.931027205750313}, "65": {"mean": -21.297765573726778, "min": -119.47992839355575, "max": 7.884103837327628}, "66": {"mean": -22.756835586059072, "min": -122.97651003933768, "max": 8.037011120634858}, "67": {"mean": -27.710220301364853, "min": -122.84004123130958, "max": 7.974823883576557}, "68": {"mean": -21.196603089063306, "min": -121.94706334626952, "max": 7.928393584921118}, "69": {"mean": -11.168637591376305, "min": -121.32647056989867, "max": 7.7912281122924005}, "70": {"mean": -13.138381873000066, "min": -119.67017332785491, "max": 8.11172323373338}, "71": {"mean": -18.57701897371778, "min": -124.58929633487637, "max": 8.160203705180674}, "72": {"mean": -15.883093539985875, "min": -118.22024922608098, "max": 8.141545997366121}, "73": {"mean": -22.083262659714467, "min": -119.0991154941832, "max": 7.697450440043349}, "74": {"mean": -20.446468635844752, "min": -119.98143128106221, "max": 7.940079506029012}, "75": {"mean": -26.355637504780475, "min": -121.84618154340455, "max": 7.985007010461785}, "76": {"mean": -24.531341366052366, "min": -121.70248831637517, "max": 7.875136686472604}, "77": {"mean": -18.806235457126597, "min": -122.71773618460779, "max": 7.87369526864623}, "78": {"mean": -20.268612372669836, "min": -120.14177229177159, "max": 8.320035159172216}, "79": {"mean": -19.186148364379857, "min": -126.6074919544607, "max": 7.594328400984788}, "80": {"mean": -9.214284337235819, "min": -119.41889887222027, "max": 7.7296176286222105}, "81": {"mean": -20.727295758663576, "min": -118.90251306293153, "max": 7.662635045260537}, "82": {"mean": -26.5077762673511, "min": -123.34807674453724, "max": 7.884039130057777}, "83": {"mean": -19.9759466175449, "min": -125.31151756370512, "max": 7.760774374548767}, "84": {"mean": -20.99553815497817, "min": -120.72516601576679, "max": 8.020881270502635}, "85": {"mean": -19.220312981262843, "min": -119.19465601983543, "max": 7.993541801786052}, "86": {"mean": -19.002002425481233, "min": -127.95115937323811, "max": 7.975259807427192}, "87": {"mean": -19.1830404507077, "min": -119.13963987524586, "max": 8.418547760467382},