{"0": {"mean": -10.879891042123882, "min": -11.814536593835552, "max": -10.755598239431965}, "1": {"mean": -10.874723433646121, "min": -11.775667438832546, "max": -10.600825360546175}, "2": {"mean": -10.650312897495077, "min": -10.697039866619576, "max": -10.589421316815843}, "3": {"mean": -10.653413449989785, "min": -10.874169731398533, "max": -10.572460110466547}, "4": {"mean": -10.844959455119014, "min": -11.605622592659364, "max": -10.560777560183608}, "5": {"mean": -10.573200570766335, "min": -10.70194131544147, "max": -10.507860362238048}, "6": {"mean": -10.696279285819625, "min": -11.677419833580544, "max": -10.469340947554088}, "7": {"mean": -10.85419577638328, "min": -11.706147111291074, "max": -10.472628740766341}, "8": {"mean": -10.516622974626507, "min": -10.606223444568311, "max": -10.476469590908765}, "9": {"mean": -10.611864484342131, "min": -11.706333225435124, "max": -10.429064792258762}, "10": {"mean": -10.602678280444058, "min": -11.573696640061538, "max": -10.429770393146944}, "11": {"mean": -10.552626816769564, "min": -11.661154982982547, "max": -10.394557418327835}, "12": {"mean": -10.406223027952462, "min": -10.44303792260104, "max": -10.378566725059418}, "13": {"mean": -10.372600920124578, "min": -10.396046104380824, "max": -10.316809188145982}, "14": {"mean": -10.353965074012425, "min": -10.559345820297882, "max": -10.29650304823133}, "15": {"mean": -10.414515702742378, "min": -11.252891153869959, "max": -10.263187509631486}, "16": {"mean": -10.389009890839905, "min": -11.242676709317706, "max": -10.218309365987729}, "17": {"mean": -10.260991575422953, "min": -10.357408290827893, "max": -10.078071455021357}, "18": {"mean": -10.217777873461316, "min": -10.35096578340432, "max": -10.032542005385851}, "19": {"mean": -10.141537129361556, "min": -10.356178586555995, "max": -9.484610507883449}, "20": {"mean": -10.166804061570435, "min": -10.350567872053787, "max": -10.035289905777919}}