{"0": {"mean": 1.0299999999999998, "min": 0.8999999999999999, "max": 1.7000000000000004}, "1": {"mean": 1.9099999999999997, "min": 0.8999999999999999, "max": 5.899999999999995}, "2": {"mean": 4.159999999999995, "min": 0.8999999999999999, "max": 15.59999999999996}, "3": {"mean": 9.640000000000036, "min": 0.8999999999999999, "max": 50.00000000000044}, "4": {"mean": 7.5799999999999965, "min": 0.9999999999999999, "max": 20.900000000000027}, "5": {"mean": 8.910000000000029, "min": 0.8999999999999999, "max": 40.2000000000003}, "6": {"mean": 15.000000000000046, "min": 0.7999999999999999, "max": 50.00000000000044}, "7": {"mean": 15.120000000000028, "min": 0.8999999999999999, "max": 29.300000000000146}, "8": {"mean": 19.62000000000011, "min": 0.9999999999999999, "max": 50.00000000000044}, "9": {"mean": 28.870000000000203, "min": 0.8999999999999999, "max": 50.00000000000044}, "10": {"mean": 30.510000000000268, "min": 0.7999999999999999, "max": 50.00000000000044}, "11": {"mean": 24.02000000000017, "min": 1.2, "max": 50.00000000000044}, "12": {"mean": 32.19000000000026, "min": 0.7999999999999999, "max": 50.00000000000044}, "13": {"mean": 38.42000000000032, "min": 0.8999999999999999, "max": 50.00000000000044}, "14": {"mean": 30.31000000000023, "min": 0.7999999999999999, "max": 50.00000000000044}, "15": {"mean": 33.12000000000026, "min": 0.7999999999999999, "max": 50.00000000000044}, "16": {"mean": 18.880000000000084, "min": 0.8999999999999999, "max": 50.00000000000044}, "17": {"mean": 37.2600000000003, "min": 0.9999999999999999, "max": 50.00000000000044}, "18": {"mean": 39.8400000000003, "min": 14.999999999999963, "max": 50.00000000000044}, "19": {"mean": 28.310000000000237, "min": 0.7999999999999999, "max": 50.00000000000044}, "20": {"mean": 22.200000000000173, "min": 0.8999999999999999, "max": 50.00000000000044}, "21": {"mean": 32.79000000000026, "min": 1.0999999999999999, "max": 50.00000000000044}, "22": {"mean": 26.34000000000018, "min": 2.700000000000001, "max": 50.00000000000044}, "23": {"mean": 28.460000000000218, "min": 0.9999999999999999, "max": 50.00000000000044}}