{"0": {"mean": -11.495765408638455, "min": -12.217745419865537, "max": -10.81232374196276}, "1": {"mean": -11.430425215518028, "min": -11.903406218620079, "max": -10.895151626409342}, "2": {"mean": -11.200864528976819, "min": -11.838885078172014, "max": -10.842721062824937}, "3": {"mean": -11.60614880205561, "min": -11.963450712824738, "max": -10.877408160728589}, "4": {"mean": -10.94073732573246, "min": -11.458368480026039, "max": -10.738551541878222}, "5": {"mean": -11.020438670159344, "min": -11.81902285821146, "max": -10.666976757106}, "6": {"mean": -9.460523249439117, "min": -11.806546244812383, "max": -5.959526080979222}, "7": {"mean": -10.86528429253162, "min": -12.528127759829225, "max": -10.210822919972397}, "8": {"mean": -8.479791489675383, "min": -12.239790595398969, "max": -5.9482651838765115}, "9": {"mean": -10.3152808449809, "min": -10.905283770159135, "max": -5.965724106129938}, "10": {"mean": -9.934047527905786, "min": -11.179470825679662, "max": -5.973276017895847}, "11": {"mean": -8.670158738392615, "min": -10.842692488002529, "max": -4.602038445550682}, "12": {"mean": -7.99406770057827, "min": -10.874483623016067, "max": -4.2035937254525155}, "13": {"mean": -5.569128201144325, "min": -10.90373230757397, "max": -3.752528874404196}, "14": {"mean": -6.6679888751451415, "min": -10.467841284443416, "max": -4.181188588914383}, "15": {"mean": -4.603060119303306, "min": -10.367539350445915, "max": -3.342771653975581}, "16": {"mean": -7.274617101102294, "min": -10.693966674009456, "max": -3.499664583267254}}