{"0": {"mean": -10.88443445752162, "min": -11.909557343108828, "max": -2.6867293195123017}, "1": {"mean": -9.811932836125902, "min": -11.899417547809207, "max": -2.6800865792885706}, "2": {"mean": -8.395959508930824, "min": -11.834131833612236, "max": -2.677945684840097}, "3": {"mean": -8.170082366516109, "min": -11.640190742998819, "max": -2.6929734877396325}, "4": {"mean": -6.860370809554524, "min": -11.850034041697096, "max": -2.684865821902384}, "5": {"mean": -6.768924656253939, "min": -11.779590594905988, "max": -1.366021771056136}, "6": {"mean": -5.526736048368034, "min": -11.650378401957266, "max": -2.5352591754685023}, "7": {"mean": -3.30278205838714, "min": -11.893236780765404, "max": 0.1615652721044245}, "8": {"mean": -3.380766279914075, "min": -11.194410895364804, "max": -2.384324709611846}, "9": {"mean": -3.453737270006421, "min": -10.946806762016502, "max": -2.360163866181623}, "10": {"mean": -4.480367256506712, "min": -11.581839032647139, "max": -2.227536927389819}, "11": {"mean": -4.395041258054347, "min": -11.268908126745124, "max": -2.231928410151037}, "12": {"mean": -3.322454764444371, "min": -10.538382967666411, "max": -2.2315081948157696}, "13": {"mean": -3.1086006271730193, "min": -11.372708080775787, "max": -1.2625469887628342}, "14": {"mean": -4.204176783414857, "min": -11.357393542385722, "max": -1.1773640666498935}, "15": {"mean": -5.109841314885962, "min": -11.5605088117633, "max": -1.1388549035050926}, "16": {"mean": -6.639480528423832, "min": -11.602529184020606, "max": -1.1298040382649739}, "17": {"mean": -7.869041387358019, "min": -11.823391536071261, "max": -1.1324870102688784}, "18": {"mean": -10.801625092232214, "min": -11.789460339865737, "max": -1.2243001282168176}, "19": {"mean": -10.699079772014667, "min": -12.0178026209622, "max": -3.4585115522149743}, "20": {"mean": -9.268990310353864, "min": -11.493303949802383, "max": -3.492120193010372}, "21": {"mean": -8.166052530654557, "min": -11.663460525930176, "max": -1.6873143214490753}, "22": {"mean": -8.55604402974751, "min": -11.447553902207487, "max": -3.3771573442858727}, "23": {"mean": -9.608697491177589, "min": -11.677591620827219, "max": -3.493244624171068}, "24": {"mean": -8.80842068192238, "min": -11.340545972523358, "max": -3.491767330087078}, "25": {"mean": -8.794179019547595, "min": -11.352450952063242, "max": -1.631221207869434}, "26": {"mean": -9.571935302236039, "min": -11.376195391025798, "max": -3.443629393973904}, "27": {"mean": -8.957700049674857, "min": -11.865543044199647, "max": -3.492317171166956}, "28": {"mean": -8.411508096702317, "min": -12.227778993714647, "max": -1.6920927141618274}, "29": {"mean": -8.71815838288647, "min": -11.825743160313491, "max": -1.6771307621152207}, "30": {"mean": -7.671258132743224, "min": -11.776828489815257, "max": -1.3856127632318649}, "31": {"mean": -5.614155051558241, "min": -10.962435882025801, "max": -1.5817474953983222}, "32": {"mean": -7.406084972457476, "min": -11.686314470745312, "max": -2.271603449223276}, "33": {"mean": -9.796275149699682, "min": -11.475379930612164, "max": -2.2709515128891242}, "34": {"mean": -9.36242828248824, "min": -11.610373044527819, "max": -2.278397028501172}, "35": {"mean": -8.841688221235554, "min": -10.97009054534651, "max": -1.5464195143757373}, "36": {"mean": -4.903422155247104, "min": -10.811739919568288, "max": -1.4830254236512053}, "37": {"mean": -3.1748460199056625, "min": -11.72595245003032, "max": -1.411187295571437}, "38": {"mean": -2.6499507354791842, "min": -11.84175256022915, "max": -1.3613661371590668}, "39": {"mean": -3.0016047373763968, "min": -11.776295762524878, "max": -1.1959608747775194}, "40": {"mean": -1.65295529985472, "min": -3.1658104500098796, "max": -1.1454596830638506}, "41": {"mean": -2.7552077901650986, "min": -11.377505211046511, "max": -1.1526258685201858}, "42": {"mean": -1.7681710907601862, "min": -10.831236825998515, "max": -1.1436499360478787}, "43": {"mean": -3.141679635173517, "min": -11.413486128340846, "max": -1.0966138830649588}, "44": {"mean": -2.0885891965478693, "min": -11.409037306291633, "max": -1.0012998049246384}, "45": {"mean": -2.581494557563059, "min": -11.788358135167258, "max": -0.938404204354816}, "46": {"mean": -2.5397485363381835, "min": -11.513304076788403, "max": -0.939776733654855}, "47": {"mean": -2.476936529617636, "min": -11.973336290856983, "max": -0.9233777327538983}, "48": {"mean": -2.7474330530494653, "min": -11.338191677061499, "max": -0.8489192160106467}, "49": {"mean": -1.9190075804216353, "min": -10.988372257212177, "max": -0.26184875115846096}, "50": {"mean": -2.7024684276255764, "min": -11.441539984797902, "max": 0.4208618161268892}, "51": {"mean": -1.0803696715913458, "min": -11.324736605220357, "max": 0.41354289144537787}, "52": {"mean": -0.6465029855376457, "min": -4.200938662892429, "max": 0.41234291150264063}, "53": {"mean": -1.6895616133510045, "min": -11.818797061320272, "max": 0.4002677084457474}, "54": {"mean": -1.180951354561245, "min": -11.512150946756101, "max": 0.3797560842724061}, "55": {"mean": -3.2347929832922637, "min": -11.709944680864057, "max": -0.2141973009549602}, "56": {"mean": -0.6132646551736116, "min": -3.6095141451800288, "max": 0.5159694608131921}, "57": {"mean": -3.262459463901968, "min": -12.10796744219832, "max": 0.37697315318154867}, "58": {"mean": -4.710916441895224, "min": -12.103130800606095, "max": 0.5767240642841213}, "59": {"mean": -1.857624679441671, "min": -11.971963194916611, "max": 0.5483622215558076}, "60": {"mean": -2.983498511322815, "min": -12.129093115138396, "max": 0.5273486197971904}, "61": {"mean": -2.347787693233841, "min": -12.123502472302526, "max": 0.6156820156762856}, "62": {"mean": -1.7666501974326994, "min": -11.386531004904782, "max": 0.587084053203419}, "63": {"mean": -1.541838898429164, "min": -11.878784427765103, "max": 0.5531809683604889}, "64": {"mean": -0.2505121212453841, "min": -1.8206230709223679, "max": 0.5100153988404298}, "65": {"mean": -4.6585940250902915, "min": -12.048679538769022, "max": 0.555141289940875}, "66": {"mean": -1.83046039056901, "min": -11.961773794161628, "max": 0.5647539410872711}, "67": {"mean": -2.4375069303129244, "min": -11.35875739915171, "max": 0.49362546885944636}, "68": {"mean": -2.4402118412060827, "min": -12.080615933910483, "max": 0.5838730876278889}, "69": {"mean": -2.0506264558555207, "min": -12.083503551593367, "max": 0.5622090383818263}, "70": {"mean": -2.099754596040227, "min": -11.845203429006148, "max": 0.5729174467645574}, "71": {"mean": -3.2447951989639927, "min": -11.91288382653557, "max": 0.5084251010024835}, "72": {"mean": -5.404337188665336, "min": -12.035731907278585, "max": 0.6147243518946088}, "73": {"mean": -3.4183854329503234, "min": -12.302953195570693, "max": 0.5809882286622444}, "74": {"mean": -1.4911255438710997, "min": -11.207905260192629, "max": 0.6671367202248103}, "75": {"mean": -3.3077968971471243, "min": -12.06581213692764, "max": 0.32610109894284856}, "76": {"mean": -0.9638451484783648, "min": -11.368705127586939, "max": 0.576160366911282}, "77": {"mean": -3.792994335902276, "min": -12.03625577958918, "max": 0.465340536098238}, "78": {"mean": -3.1496972836470634, "min": -12.00519202071264, "max": 0.5657497804546042}, "79": {"mean": -3.845167584046861, "min": -11.890450181046402, "max": 0.3906520796994522}, "80": {"mean": -2.073529331802191, "min": -11.391735774281475, "max": 0.5541455933536663}, "81": {"mean": -2.2189476140411273, "min": -11.762945315187356, "max": 0.6067011411537168}, "82": {"mean": -3.741263098834616, "min": -11.51421966290794, "max": 0.5099286557727748}, "83": {"mean": -1.1829096115298063, "min": -11.951802722268244, "max": 0.3255856072561288}, "84": {"mean": -0.7826720232075696, "min": -9.980323117401026, "max": 0.5550888892993115}, "85": {"mean": -2.6223749805494267, "min": -11.310638312664222, "max": 0.5105376756677064}, "86": {"mean": -5.593343852541521, "min": -11.419038720037923, "max": 0.5447525052710183}, "87": {"mean": -8.238950041307465,