{"0": {"mean": -9.378195100772064, "min": -11.772845012741971, "max": -5.890723689231917}, "1": {"mean": -10.494672600508082, "min": -12.127163932604343, "max": -5.890210981008316}, "2": {"mean": -9.896453145877068, "min": -12.485860229748239, "max": -5.889783451051333}, "3": {"mean": -10.564620095704122, "min": -12.10476896697556, "max": -5.86021296496988}, "4": {"mean": -10.498687263723726, "min": -11.813940761031832, "max": -5.881353413814421}, "5": {"mean": -10.789752730821768, "min": -11.527601902392941, "max": -5.806830151206516}, "6": {"mean": -10.693891915534316, "min": -12.07538755904256, "max": -5.2403704215765705}, "7": {"mean": -10.555751046042992, "min": -12.122298648271524, "max": -3.6567312346825918}, "8": {"mean": -7.4278063742868365, "min": -12.053970458988474, "max": -3.6319870726155847}, "9": {"mean": -10.155143012592916, "min": -10.589313509005258, "max": -3.656653674738926}, "10": {"mean": -9.913315793434457, "min": -10.795361193857063, "max": -3.662073032621656}, "11": {"mean": -9.559405771883858, "min": -11.279409415585315, "max": -3.596122171633399}, "12": {"mean": -8.997123398110649, "min": -10.838729701877604, "max": -3.6381926824691315}, "13": {"mean": -6.9457704475525315, "min": -10.665031442702492, "max": -3.442912894609786}, "14": {"mean": -4.721825961278367, "min": -11.27427088054501, "max": -3.35302864900042}, "15": {"mean": -3.7900423766816154, "min": -10.492569558262955, "max": -2.900702272690538}, "16": {"mean": -4.9930898640192325, "min": -10.686450853310085, "max": -1.9051149004034758}, "17": {"mean": -5.138170188229793, "min": -10.567135182318316, "max": -2.778034467381458}, "18": {"mean": -5.906354391648867, "min": -10.571008454969878, "max": -2.87891979186031}, "19": {"mean": -4.7274442023878205, "min": -10.567586754981168, "max": -2.5321364221963236}, "20": {"mean": -5.881344321334797, "min": -10.56334109317338, "max": -2.1241827925543877}, "21": {"mean": -4.053657598131988, "min": -10.448520361581116, "max": -2.1564634026237055}, "22": {"mean": -4.923452837747246, "min": -10.424398534696024, "max": -2.1355369887329587}, "23": {"mean": -3.7911055046946807, "min": -11.268515065390087, "max": -2.138284889269889}, "24": {"mean": -3.5758480519008247, "min": -10.828944052815071, "max": -1.7171301109486474}, "25": {"mean": -5.374848483766971, "min": -11.192701810002955, "max": -1.529714833365891}, "26": {"mean": -1.8566600274871496, "min": -10.412178646102996, "max": -1.2519705128036713}, "27": {"mean": -1.7047174590236622, "min": -11.660554633895899, "max": -1.0777040150759718}, "28": {"mean": -1.636634622190005, "min": -10.761401880723394, "max": -0.9987770579811005}, "29": {"mean": -1.9652863265656721, "min": -10.799617931251438, "max": -1.0396399610866123}, "30": {"mean": -2.31958293265504, "min": -11.311314453688174, "max": -0.9943661640907872}, "31": {"mean": -1.2660210596511565, "min": -1.509941990859137, "max": -1.0109726741329816}, "32": {"mean": -1.7795162799960047, "min": -10.346964749668691, "max": -1.0571213579724528}, "33": {"mean": -1.5273620277947082, "min": -9.600921916255922, "max": -0.990755031723973}, "34": {"mean": -1.6901095415649081, "min": -12.238298912908174, "max": -0.9514552439033784}, "35": {"mean": -1.971494649075555, "min": -11.701368814624878, "max": -0.7915776598054034}, "36": {"mean": -2.4896006654821323, "min": -12.032274352763054, "max": -0.5738655651744089}, "37": {"mean": -0.930753197260163, "min": -2.158805681821849, "max": -0.6704302012546683}, "38": {"mean": -1.5479372389745782, "min": -10.144184212982761, "max": -0.5973850781435772}, "39": {"mean": -0.9617965838077382, "min": -1.2543408114170695, "max": -0.6013046020752224}, "40": {"mean": -1.8364552766129265, "min": -10.277808139941266, "max": -0.4167626322201053}, "41": {"mean": -1.3912254200735177, "min": -9.74701580197063, "max": -0.5880258299355294}, "42": {"mean": -1.6778220973142297, "min": -11.911914691349947, "max": -0.48727608435542413}, "43": {"mean": -1.537812584087608, "min": -11.81915603811601, "max": -0.43759968270331095}, "44": {"mean": -1.1694837554086517, "min": -11.997284297844011, "max": -0.5790043417758981}, "45": {"mean": -1.8067761930829582, "min": -11.6263167888052, "max": -0.4586610584550423}, "46": {"mean": -2.125600633758526, "min": -12.238695024754609, "max": -0.37543090215619795}, "47": {"mean": -2.7622550219380644, "min": -10.149297862958232, "max": -0.3308042163372077}, "48": {"mean": -3.643980950816133, "min": -10.194094965923332, "max": -0.36090244503382196}, "49": {"mean": -2.033295213169266, "min": -9.660362771928547, "max": -0.3153249485924772}, "50": {"mean": -2.994789359266361, "min": -11.826715540736819, "max": -0.11675995617594681}, "51": {"mean": -2.6134271191481666, "min": -9.809700319622676, "max": -0.33037843034793346}, "52": {"mean": -2.2057837560080644, "min": -11.931151626600947, "max": -0.3356045429355673}, "53": {"mean": -1.7963498467316525, "min": -11.796218033472638, "max": -0.30330185910219526}, "54": {"mean": -2.6404791419161584, "min": -9.445959580487651, "max": -0.3896259347357915}, "55": {"mean": -1.961342948267103, "min": -9.69211779273028, "max": -0.31070885824645617}, "56": {"mean": -2.3778375548657293, "min": -11.806139931074004, "max": -0.3250304903809916}, "57": {"mean": -1.418315340503946, "min": -10.157047328680205, "max": -0.32867662869302855}, "58": {"mean": -3.2247250544259862, "min": -10.22077606129099, "max": -0.30755175420637887}, "59": {"mean": -2.36843110959458, "min": -11.909815160182365, "max": -0.29007648983745576}, "60": {"mean": -4.1433443139633965, "min": -12.442462140829772, "max": -0.3401000526299822}, "61": {"mean": -2.7443555373225426, "min": -11.756005361405096, "max": -0.31672332628245026}, "62": {"mean": -2.832048823147697, "min": -12.045121930579644, "max": -0.199830517478939}, "63": {"mean": -3.1234007290312964, "min": -12.038432397860879, "max": -0.32961181426499286}, "64": {"mean": -1.9839595574542852, "min": -9.586378568859534, "max": -0.3201577002040013}, "65": {"mean": -2.237078475807829, "min": -10.189266584154627, "max": -0.320510004823415}, "66": {"mean": -2.0743672206283565, "min": -9.421455003701542, "max": -0.3118123022610552}, "67": {"mean": -1.708822866746662, "min": -9.827915652388159, "max": -0.3231312015225249}, "68": {"mean": -3.296005910300769, "min": -10.005750287118353, "max": -0.33503959701222363}, "69": {"mean": -1.5661471243252685, "min": -9.486569715622062, "max": -0.2840139880605739}, "70": {"mean": -3.9712507513870707, "min": -11.639372251982216, "max": -0.31829824200083384}, "71": {"mean": -2.587308129851913, "min": -9.680589426558514, "max": -0.3023044170264767}, "72": {"mean": -2.916339013291185, "min": -9.996905301304801, "max": -0.3675206932350434}, "73": {"mean": -3.064833625559519, "min": -10.199310087520656, "max": -0.24705643808842917}, "74": {"mean": -3.415353868536592, "min": -10.04275541177644, "max": -0.3586900166031044}, "75": {"mean": -5.855504128352599, "min": -12.298258882969781, "max": 0.0346142656025093}, "76": {"mean": -5.831368888767706, "min": -10.184258175727482, "max": -0.30418838280710647}, "77": {"mean": -6.951635346728562, "min": -12.066070529671132, "max": -0.372833549852353}, "78": {"mean": -6.851476579111202, "min": -11.924302103948698, "max": -0.3428067016169519}, "79": {"mean": -7.653308506197894, "min": -10.096072127729727, "max": -0.27857781720057506}, "80": {"mean": -8.730680152879449, "min": -10.262340495181313, "max": -0.29337118610362134}, "81": {"mean": -6.648899154598797, "min": -9.911327164837974, "max": -0.4045326181389961}, "82": {"mean": -7.340010765549705, "min": -10.355764142819027, "max": -0.32764979446354053}, "83": {"mean": -7.093160994972857, "min": -9.34397463405762, "max": -0.19557988261113485}, "84": {"mean": -7.2467267105138955, "min": -9.314794389425204, "max": -0.2922992507719252}, "85": {"mean": -7.023126828641328, "min": -11.750771852247556, "max": -0.2862530591760989}, "86": {"mean": -6.5321812489405575, "min": -12.634916583983943,