{"0": {"mean": -11.168391027460581, "min": -11.922019822284765, "max": -6.573948265137498}, "1": {"mean": -9.200328122400652, "min": -11.876597249112153, "max": -6.530795351542656}, "2": {"mean": -9.609494146851672, "min": -11.828546088852486, "max": -6.519652813962988}, "3": {"mean": -10.136791794008207, "min": -11.825112896796876, "max": -6.520421792574511}, "4": {"mean": -9.96724773775017, "min": -11.82483786187619, "max": -6.5191276608775945}, "5": {"mean": -10.441456543847945, "min": -11.836230303125767, "max": -6.519387015548627}, "6": {"mean": -10.523738533565925, "min": -12.348885806418211, "max": -6.519430997585139}, "7": {"mean": -10.670793948044246, "min": -11.857397384483367, "max": -6.518597056800597}, "8": {"mean": -10.970265227710092, "min": -11.829798339454147, "max": -6.377327901475447}, "9": {"mean": -11.135663221704029, "min": -11.803736987022932, "max": -6.377738094922989}, "10": {"mean": -11.532132000321276, "min": -11.828514291591755, "max": -6.37598660032969}, "11": {"mean": -11.700375065775862, "min": -11.803836692596104, "max": -10.769561631249761}, "12": {"mean": -11.731857916277203, "min": -11.804166116989963, "max": -10.572177032752894}, "13": {"mean": -11.449257185058952, "min": -11.803926596821473, "max": -4.957068263576865}, "14": {"mean": -8.362812090500466, "min": -11.803961178029514, "max": -4.675347975283749}, "15": {"mean": -4.910797607849476, "min": -4.958663882923964, "max": -4.194696593433646}, "16": {"mean": -5.267425138549337, "min": -11.720867164992079, "max": -4.902398281101897}, "17": {"mean": -4.9365373392023155, "min": -4.985920898478575, "max": -4.902396366673402}, "18": {"mean": -4.976431079222631, "min": -5.722701930049478, "max": -4.895890376413116}, "19": {"mean": -5.286836677837803, "min": -11.26137201027089, "max": -4.805629656201623}, "20": {"mean": -5.18354083313668, "min": -10.894596834220721, "max": -4.801353383308104}, "21": {"mean": -5.151944005028866, "min": -11.601887524561896, "max": -4.783053724688658}, "22": {"mean": -4.822181558050621, "min": -5.1289650682611985, "max": -4.803410735686582}, "23": {"mean": -4.693115440761986, "min": -4.973995828460159, "max": -2.8492706240089327}, "24": {"mean": -3.7213969943877876, "min": -4.80885684743301, "max": -2.519204219234045}, "25": {"mean": -2.668597419056915, "min": -2.8958967022181987, "max": -2.511709645335665}, "26": {"mean": -2.5591651569979144, "min": -2.6628420317710813, "max": -2.4342492815822063}, "27": {"mean": -2.595642624184483, "min": -3.009242330219854, "max": -2.4231251523614836}, "28": {"mean": -2.5657782504094286, "min": -2.7075811484447625, "max": -2.319908565147098}, "29": {"mean": -2.530553070670238, "min": -3.339261365631737, "max": -2.2129543331815995}, "30": {"mean": -2.8161378784137465, "min": -10.797867189152226, "max": -2.1794597773341704}, "31": {"mean": -2.2928445349065663, "min": -2.657660542094071, "max": -1.890920584619205}, "32": {"mean": -2.3755367400724907, "min": -9.402779162933035, "max": -1.6139584316808917}, "33": {"mean": -2.1989782983738118, "min": -10.5532324092206, "max": -1.3096570137472305}, "34": {"mean": -3.2822396379171166, "min": -11.515070575609213, "max": -1.2518633948292308}, "35": {"mean": -1.904560444436094, "min": -10.114679614287272, "max": -1.2622031617584437}, "36": {"mean": -2.118060433724323, "min": -9.755678141590089, "max": -0.6936210555179143}, "37": {"mean": -1.478770500572344, "min": -10.668252505868065, "max": -0.47052274183217463}, "38": {"mean": -1.1755100307320627, "min": -10.311838029709582, "max": -0.4155284771689078}, "39": {"mean": -2.53682420088051, "min": -10.02867227985976, "max": -0.44532269140418873}, "40": {"mean": -0.725861479580439, "min": -0.9790631416120239, "max": -0.489358554872956}, "41": {"mean": -0.6996404280550028, "min": -0.8375313892533137, "max": -0.4286319756779175}, "42": {"mean": -2.1132338392991086, "min": -10.117399710129586, "max": -0.42284585035316924}, "43": {"mean": -1.6999609464860197, "min": -11.224191923267767, "max": -0.4103593664940469}, "44": {"mean": -0.8149634143367541, "min": -3.107931804923891, "max": -0.36764667323953176}, "45": {"mean": -0.6958909143960504, "min": -0.8335429567958539, "max": -0.4293051890772784}, "46": {"mean": -1.2137673901299677, "min": -9.97563399324064, "max": -0.392717613919048}, "47": {"mean": -1.6390358927738906, "min": -10.137122223875156, "max": -0.6834430046154117}, "48": {"mean": -1.7525752039755111, "min": -11.20559338383561, "max": -0.6891268800637681}, "49": {"mean": -0.7652931496210881, "min": -1.9919024713754434, "max": -0.46764564420770255}, "50": {"mean": -0.683790660689286, "min": -0.7139357906960184, "max": -0.4106897271568559}, "51": {"mean": -0.6917783337368636, "min": -0.7380547160813797, "max": -0.42348992685675113}, "52": {"mean": -1.1448751647657909, "min": -9.942575395511405, "max": -0.31315867131795333}, "53": {"mean": -0.7043096710464225, "min": -0.7202283250647018, "max": -0.6743800748554314}, "54": {"mean": -0.6838433677452807, "min": -0.7182331820863012, "max": -0.36353004515267673}, "55": {"mean": -0.7285436777437344, "min": -1.0506924938336302, "max": -0.5894273867163942}, "56": {"mean": -0.7709101129960766, "min": -1.9277743452673992, "max": -0.6830583133420721}, "57": {"mean": -0.8268058350720346, "min": -3.1508744647884126, "max": -0.6835369947619685}, "58": {"mean": -0.7633534704288566, "min": -1.317605840825826, "max": -0.6941208469852657}, "59": {"mean": -1.8064993721227325, "min": -12.053780618740943, "max": -0.6598483415081398}, "60": {"mean": -6.207693354546048, "min": -12.034820967893612, "max": -0.6773754455433249}, "61": {"mean": -0.8527209111509271, "min": -3.8979838327161946, "max": -0.6236254927166424}, "62": {"mean": -0.7049897120783604, "min": -0.8612962472863497, "max": -0.6646402581304001}, "63": {"mean": -0.7212865385726172, "min": -1.3471531634107539, "max": -0.6640729197110348}, "64": {"mean": -0.780115062972104, "min": -2.0935909367894188, "max": -0.667478082804532}, "65": {"mean": -0.7548589254261642, "min": -1.7914618532473214, "max": -0.665891393938841}, "66": {"mean": -0.8187507012453017, "min": -2.0430633531439883, "max": -0.5552268601412049}, "67": {"mean": -0.6317862970437182, "min": -1.1768601846942925, "max": -0.05675183545760763}, "68": {"mean": -0.44133891669687725, "min": -0.7032371695530254, "max": -0.0336517568469566}, "69": {"mean": -1.5562197438753036, "min": -11.418540657336903, "max": -0.047603274337415624}, "70": {"mean": -0.8366446824269176, "min": -11.331634939716608, "max": 0.3652741899363724}, "71": {"mean": -0.5164254340077439, "min": -11.310876125323565, "max": 0.6540563977950583}, "72": {"mean": 0.32303885786894465, "min": -0.011183262589184693, "max": 0.6061462410505082}, "73": {"mean": -0.20697773956147142, "min": -11.740689285311054, "max": 0.6793869953425882}, "74": {"mean": 0.36405536735238375, "min": 0.17420219643003698, "max": 0.4382940682692436}, "75": {"mean": -0.12109582380845689, "min": -9.925145309365375, "max": 0.7073209079533237}, "76": {"mean": -0.11435659502183153, "min": -11.362395298001138, "max": 0.6557543272045272}, "77": {"mean": 0.32925626220803483, "min": -0.34720166173185824, "max": 0.6598758429911986}, "78": {"mean": -1.21632925093242, "min": -11.367101618229883, "max": 0.6930272916554355}, "79": {"mean": -1.1735486151922223, "min": -11.254819134978971, "max": 0.682751270553048}, "80": {"mean": -0.8090491031752421, "min": -11.26431437776811, "max": 0.7379554237072107}, "81": {"mean": -2.5320686180113907, "min": -11.282268722100364, "max": 0.712501415268595}, "82": {"mean": -2.5760741779826053, "min": -11.281391389874505, "max": 0.6749119755320232}, "83": {"mean": -2.643999972306351, "min": -11.277060709371844, "max": 0.6957784325574332}, "84": {"mean": -5.956236892935339, "min": -11.274141632675207, "max": 0.6745115569400042}, "85": {"mean": -4.8517560525289225, "min": -11.279301894113825, "max": 0.7281659145299977}, "86": {"mean": -4.964229463847952, "min": -11.298354264844582, "max": 0.6805686810885345},