{"0": {"mean": -10.945996737377264, "min": -11.727096892518238, "max": -10.815872264355173}, "1": {"mean": -10.872714804054896, "min": -10.986054813188005, "max": -10.801533626644561}, "2": {"mean": -10.940385319688351, "min": -11.393083272782713, "max": -10.817528530176233}, "3": {"mean": -10.955669764108864, "min": -11.020178781435018, "max": -10.91975759040111}, "4": {"mean": -10.94667460203334, "min": -10.989248134373625, "max": -10.91582640276812}, "5": {"mean": -11.058852077730442, "min": -11.559721789860166, "max": -10.938549388919087}, "6": {"mean": -11.044969227872485, "min": -11.809892555473496, "max": -10.933494634503065}, "7": {"mean": -10.925857957232136, "min": -10.989062049192999, "max": -10.819733800351743}, "8": {"mean": -10.917525973553616, "min": -10.949152455986663, "max": -10.752770071660697}, "9": {"mean": -10.845301635306322, "min": -10.972197022073281, "max": -10.67552833800319}, "10": {"mean": -10.751840837911944, "min": -10.826518176612195, "max": -10.717561637669958}, "11": {"mean": -10.742358802625489, "min": -10.764882881580169, "max": -10.706225619535273}, "12": {"mean": -10.710786882819333, "min": -10.750202555914596, "max": -10.507280934622418}, "13": {"mean": -10.66246289740748, "min": -10.869764392237677, "max": -10.496012568743092}, "14": {"mean": -9.844944158592956, "min": -10.605286957168952, "max": -3.4279782051432344}, "15": {"mean": -9.83816350777944, "min": -10.615685078155963, "max": -3.4266513383565815}, "16": {"mean": -7.707172027306598, "min": -10.601623172774724, "max": -3.4278471775093933}, "17": {"mean": -9.175174481667227, "min": -10.643505037481182, "max": -3.420313768579286}, "18": {"mean": -6.97705121533176, "min": -10.575003360497952, "max": -3.4139591534179483}, "19": {"mean": -9.136850122532541, "min": -10.640978065779649, "max": -3.4066984140357373}, "20": {"mean": -5.578472726977987, "min": -10.831794518277917, "max": -3.4065065596489523}, "21": {"mean": -10.57579464100358, "min": -10.66075717727961, "max": -10.450626534025263}, "22": {"mean": -8.527651985184356, "min": -11.239416491971227, "max": -3.4130352144941716}, "23": {"mean": -10.56743376933815, "min": -10.652388074671322, "max": -10.390344233474478}, "24": {"mean": -8.42307621575323, "min": -10.698483393082427, "max": -3.4069442187118026}, "25": {"mean": -10.52868677073396, "min": -10.631402302175978, "max": -10.272249390444088}, "26": {"mean": -9.110866907869173, "min": -10.567605022126001, "max": -3.406476475337182}, "27": {"mean": -10.55564450601219, "min": -10.6350845976195, "max": -10.517163804214386}, "28": {"mean": -5.551396749782649, "min": -10.552921517591512, "max": -3.406493358749958}, "29": {"mean": -10.557550844374312, "min": -10.647306756097947, "max": -10.517174771487216}, "30": {"mean": -6.986955535268377, "min": -10.590288087525405, "max": -3.4070524348804696}, "31": {"mean": -10.581798468694572, "min": -10.652389874815288, "max": -10.523790792430317}, "32": {"mean": -7.697210483134472, "min": -10.588083909186443, "max": -3.406658764019479}, "33": {"mean": -10.570387740399514, "min": -10.632120278293236, "max": -10.523866253241835}, "34": {"mean": -6.977013146278132, "min": -10.57981439976121, "max": -3.406517859991949}, "35": {"mean": -10.570137691137841, "min": -10.695025875908819, "max": -10.523993066972308}, "36": {"mean": -6.984166085097497, "min": -10.591140935733263, "max": -3.406566847151192}, "37": {"mean": -9.877949173890025, "min": -10.645852852805643, "max": -3.7164951280441256}, "38": {"mean": -6.998476980011832, "min": -10.66078693356927, "max": -3.41335353882899}, "39": {"mean": -10.609459939593195, "min": -10.89818054265473, "max": -10.526299197180569}, "40": {"mean": -5.558371121197365, "min": -10.588890870205685, "max": -3.406589971369119}, "41": {"mean": -10.577147627645534, "min": -10.678458078484304, "max": -10.52040250294013}, "42": {"mean": -7.691290323456006, "min": -10.594559258062613, "max": -3.3809243324343106}, "43": {"mean": -10.55720161289555, "min": -10.61566727996779, "max": -10.524431524475911}, "44": {"mean": -7.952542199249171, "min": -10.586598733167257, "max": -3.40658435371573}, "45": {"mean": -9.958776816073796, "min": -10.609348433757326, "max": -4.658706714486366}, "46": {"mean": -9.919939613318768, "min": -10.711159386278378, "max": -3.413632035033981}, "47": {"mean": -9.827887797213396, "min": -10.639167197213105, "max": -3.1531992150613664}, "48": {"mean": -8.98015366487285, "min": -10.54125503815158, "max": -2.5622995406891875}, "49": {"mean": -10.460410697828326, "min": -10.605081786772857, "max": -10.305640237753613}, "50": {"mean": -10.376101482074684, "min": -10.399802812613757, "max": -10.324235343314994}, "51": {"mean": -10.339242909844325, "min": -10.364506481307606, "max": -10.310504600347912}, "52": {"mean": -10.354854709206233, "min": -10.398897178604516, "max": -10.301341366907156}, "53": {"mean": -10.329769911356458, "min": -10.759236729549864, "max": -9.92096697410175}, "54": {"mean": -10.105313249579929, "min": -10.38677627875397, "max": -9.729319414751238}, "55": {"mean": -9.886517884048597, "min": -9.974887944652338, "max": -9.713328486721226}, "56": {"mean": -9.903743339951037, "min": -10.180576367961805, "max": -9.708440575122905}, "57": {"mean": -8.973195317412996, "min": -9.9007048059712, "max": -0.7393320564211482}, "58": {"mean": -6.96741353096786, "min": -9.891986391426062, "max": -0.6908999830556618}, "59": {"mean": -3.595192336754363, "min": -9.153315699402134, "max": -0.669883675076868}, "60": {"mean": -4.878878672857953, "min": -9.090551174288404, "max": -0.5204490724169033}, "61": {"mean": -4.788889524340143, "min": -9.178356428325296, "max": -0.3555093753285833}, "62": {"mean": -2.499293173054842, "min": -11.096838534361822, "max": -0.33435381718431845}, "63": {"mean": -1.3607353366799333, "min": -8.982074180044137, "max": -0.41257079712218825}, "64": {"mean": -2.3457178617496544, "min": -10.339449963399064, "max": -0.4037682396440266}, "65": {"mean": -0.6727933777813211, "min": -2.05327347703598, "max": -0.39692734999687496}, "66": {"mean": -2.529537019133776, "min": -11.488410693159107, "max": -0.3893509428941851}, "67": {"mean": -2.391395007084124, "min": -9.196732484257494, "max": -0.47061243799521185}, "68": {"mean": -0.5475033693096856, "min": -0.6127746483759946, "max": -0.4921420581431762}, "69": {"mean": -2.5940295560596267, "min": -11.362411200325353, "max": -0.5029282056917176}, "70": {"mean": -1.709986333497044, "min": -12.060167472560162, "max": -0.5114826133542496}, "71": {"mean": -1.7746797452383558, "min": -11.678789524838995, "max": -0.5031133649086986}, "72": {"mean": -1.9942521934921458, "min": -11.509011676380348, "max": -0.34563171213938043}, "73": {"mean": -1.645049455547141, "min": -11.699261807080221, "max": -0.3980315895225261}, "74": {"mean": -0.4794661100903748, "min": -0.5369360312515244, "max": -0.4030732999634243}, "75": {"mean": -0.44807568776874207, "min": -0.530293481755565, "max": -0.379999980447492}, "76": {"mean": -0.43149395839680577, "min": -0.5013658148338185, "max": -0.38504565325798895}, "77": {"mean": -0.40737360730483047, "min": -0.49064310864866595, "max": -0.3706074971175984}, "78": {"mean": -0.4001051361123723, "min": -0.4539135027656706, "max": -0.36922095444770553}, "79": {"mean": -0.42562422249463305, "min": -0.46448817120411073, "max": -0.36611809998709594}, "80": {"mean": -2.384483541673612, "min": -10.452678547994907, "max": -0.37842949059501335}, "81": {"mean": -0.43702999964676936, "min": -0.5076011811736092, "max": -0.3777435435507471}, "82": {"mean": -0.4157260909464834, "min": -0.4731043024600505, "max": -0.379890942033307}, "83": {"mean": -0.41297070458280344, "min": -0.474070163864819, "max": -0.3739209693495205}, "84": {"mean": -0.4797595037578544, "min": -0.8752360409389139, "max": -0.3934513860139278}, "85": {"mean": -1.458639126515863, "min": -9.03081519494998, "max": -0.3863369196743234}, "86": {"mean": -6.539644089076377, "min": -9.258102613514161, "max": -0.4009762669351882},