{"0": {"mean": -10.71864284709963, "min": -11.863642611441264, "max": -6.051031250300474}, "1": {"mean": -9.884421832181115, "min": -11.912116619723788, "max": -6.051408024636434}, "2": {"mean": -10.245195154242786, "min": -11.91233409824334, "max": -6.053060195583252}, "3": {"mean": -10.809171810218485, "min": -11.912330102075389, "max": -6.051437441904127}, "4": {"mean": -10.294919177357851, "min": -11.91234401774394, "max": -6.050918530337777}, "5": {"mean": -10.491092678592693, "min": -11.911846842206456, "max": -6.0524550651360265}, "6": {"mean": -10.861580071111764, "min": -11.926241109286249, "max": -6.0525360221155875}, "7": {"mean": -11.37442327546938, "min": -12.220738077598437, "max": -5.61664237974798}, "8": {"mean": -11.142821544786253, "min": -11.92592221736728, "max": -6.051201684347529}, "9": {"mean": -11.687376259633243, "min": -11.930313740919406, "max": -10.87893782935155}, "10": {"mean": -11.439622584219876, "min": -11.91244106581298, "max": -6.0580098567711635}, "11": {"mean": -11.754764353379072, "min": -11.92689457943247, "max": -10.853573110904545}, "12": {"mean": -11.663783810101023, "min": -11.92061203570515, "max": -10.769511544346996}, "13": {"mean": -11.283677435144913, "min": -11.918932769046785, "max": -6.053047471686968}, "14": {"mean": -11.183946217560743, "min": -11.918676300609981, "max": -6.052400267449665}, "15": {"mean": -11.271668840402482, "min": -11.919086719339404, "max": -6.053437901421342}, "16": {"mean": -9.8847502925572, "min": -11.918943089085879, "max": -6.045983469824197}, "17": {"mean": -9.487991883667025, "min": -11.918884308946382, "max": -6.047580992011432}, "18": {"mean": -10.407332802246696, "min": -11.918286452502633, "max": -6.047823497769532}, "19": {"mean": -10.208866188532191, "min": -11.910161919924493, "max": -6.0455254956632904}, "20": {"mean": -11.679495003950198, "min": -11.929591712544113, "max": -10.863231327866702}, "21": {"mean": -11.433134182708667, "min": -11.910495632298911, "max": -5.984408242598736}, "22": {"mean": -11.464822221301791, "min": -11.910420135569447, "max": -5.9892570450664}, "23": {"mean": -11.154767641031434, "min": -11.910479486492711, "max": -5.988892300556933}, "24": {"mean": -10.733534815875231, "min": -10.834432789417978, "max": -10.637574014595524}, "25": {"mean": -10.44373079085636, "min": -11.421417517441014, "max": -5.954932248546904}, "26": {"mean": -9.73787682074548, "min": -10.933270412786987, "max": -5.951803466607583}, "27": {"mean": -6.968387233067132, "min": -10.942933848119216, "max": -5.951326313764328}, "28": {"mean": -7.6956246179569305, "min": -11.183381886095864, "max": -4.685671525250218}, "29": {"mean": -5.970492165056416, "min": -11.261362321877295, "max": -4.64166608834227}, "30": {"mean": -7.137774855474641, "min": -11.183892506242294, "max": -4.585125246492636}, "31": {"mean": -4.95519551268916, "min": -11.33521364485497, "max": -4.581069843897033}, "32": {"mean": -4.58478700188496, "min": -4.60107529238456, "max": -4.575316364692372}, "33": {"mean": -4.92162191086134, "min": -10.43557127602403, "max": -4.5758520484415595}, "34": {"mean": -4.591895819221921, "min": -4.599201803293921, "max": -4.577072676857181}, "35": {"mean": -4.642194797907405, "min": -5.573822434968255, "max": -4.555781908208786}, "36": {"mean": -4.890523484726596, "min": -10.73406119840524, "max": -4.5691502348687445}, "37": {"mean": -5.507401348850829, "min": -10.982387284772843, "max": -4.530501988289906}, "38": {"mean": -4.570606725715388, "min": -4.6208941812471656, "max": -4.551994946523836}, "39": {"mean": -5.57293779649663, "min": -11.358658038056003, "max": -4.552816741835298}, "40": {"mean": -4.9390448875324235, "min": -10.83471252171093, "max": -4.550466627179812}, "41": {"mean": -4.569902315485256, "min": -4.639916441403089, "max": -4.552232984693448}, "42": {"mean": -5.842554904493651, "min": -10.96457293895815, "max": -4.44745719294326}, "43": {"mean": -5.108206169511748, "min": -10.773776466663229, "max": -4.353030793417551}, "44": {"mean": -5.617887639715359, "min": -10.76936965474559, "max": -4.1809224759311565}, "45": {"mean": -5.7263899088779455, "min": -10.967216672517244, "max": -4.3849597448421}, "46": {"mean": -4.77567340489498, "min": -10.6002137044296, "max": -4.36618172009139}, "47": {"mean": -5.130351355255824, "min": -10.782065253041127, "max": -4.340987435772286}, "48": {"mean": -4.384268158985643, "min": -4.459129249162445, "max": -4.27410262585699}, "49": {"mean": -4.372991649530679, "min": -4.500744735671343, "max": -3.67362873116675}, "50": {"mean": -4.402302597324472, "min": -10.433527203113414, "max": -2.5998694340725685}, "51": {"mean": -4.542959030604125, "min": -11.50089786938792, "max": -2.5197025976975027}, "52": {"mean": -4.948477853783101, "min": -10.916300640464023, "max": -2.629287598706383}, "53": {"mean": -3.7844522058837717, "min": -10.75757250983073, "max": -2.5198905720971907}, "54": {"mean": -3.5277349426907216, "min": -10.849870212071288, "max": -2.596393862627314}, "55": {"mean": -3.7635196989345587, "min": -10.781195559785274, "max": -2.5989125084443265}, "56": {"mean": -5.401413265456359, "min": -10.946549614157988, "max": -2.518448067671078}, "57": {"mean": -4.457272393041949, "min": -10.808197327793854, "max": -2.598579615106868}, "58": {"mean": -4.1343249349434545, "min": -10.893587119192485, "max": -2.5181875521274217}, "59": {"mean": -3.418080773575395, "min": -10.770305861449726, "max": -2.589840382442204}, "60": {"mean": -4.54503329834196, "min": -10.93211753274327, "max": -2.6173965652086872}, "61": {"mean": -3.877100859946213, "min": -10.88382764094855, "max": -2.611629329605556}, "62": {"mean": -4.297087062861019, "min": -10.917978018565691, "max": -2.5906977363265886}, "63": {"mean": -4.5734888480519595, "min": -10.864164822416637, "max": -2.6190719286927844}, "64": {"mean": -3.2422797027230352, "min": -9.723299600125488, "max": -2.582471662608705}, "65": {"mean": -3.818431985556809, "min": -10.746837811544374, "max": -2.6022972705432843}, "66": {"mean": -5.1003651532605145, "min": -10.876257830141638, "max": -2.6823007502758167}, "67": {"mean": -3.477299610976984, "min": -10.811818811002086, "max": -2.5818495995186157}, "68": {"mean": -4.168503871267341, "min": -11.037466043609413, "max": -2.598644618674149}, "69": {"mean": -5.297560796563593, "min": -11.164460097352098, "max": -2.6003114894059305}, "70": {"mean": -3.907838708414773, "min": -10.798139916962583, "max": -2.59514200657824}, "71": {"mean": -4.818679072749277, "min": -10.928110739919411, "max": -2.6146102488966836}, "72": {"mean": -5.310528673639604, "min": -10.940889241184477, "max": -2.6145044598788147}, "73": {"mean": -3.8938707411490356, "min": -11.093029875471839, "max": -2.612378008343181}, "74": {"mean": -2.9896238069007133, "min": -3.412110275509007, "max": -2.6673117285036283}, "75": {"mean": -3.01891418093359, "min": -3.660765293604488, "max": -2.682672649714937}, "76": {"mean": -3.0634434284144407, "min": -3.6672858011060443, "max": -2.6566993171840214}, "77": {"mean": -3.358026562105187, "min": -9.556682092396429, "max": -2.5992700553311034}, "78": {"mean": -3.4017315353865127, "min": -10.763263968596787, "max": -2.643518479030125}, "79": {"mean": -3.788426171280842, "min": -10.673304837374104, "max": -2.6205473114661406}, "80": {"mean": -3.326342884303178, "min": -10.802190875698019, "max": -2.6217490549544467}, "81": {"mean": -3.766173289282443, "min": -10.817323590307216, "max": -2.579291671521884}, "82": {"mean": -3.361445605628358, "min": -11.459302016227841, "max": -2.590881178340803}, "83": {"mean": -3.764036722117941, "min": -10.87020247980068, "max": -2.6672442989745493}, "84": {"mean": -3.434894672121814, "min": -10.670312880440827, "max": -2.5945230850434124}, "85": {"mean": -4.4997768500891775, "min": -10.792394569198919, "max": -2.626693689301213}, "86": {"mean": -4.821551773050716, "min": -10.848948529651125, "max": -2.5862541898545515}, "87": {"mean": -4.063198706494369, "min": -10.602979504915389,