{"0": {"mean": -11.308499264209196, "min": -11.943970811008352, "max": -10.824837660994877}, "1": {"mean": -11.218238293084967, "min": -11.903934623653132, "max": -10.699732546153975}, "2": {"mean": -10.434905150508587, "min": -11.705789426813771, "max": -5.556805799862215}, "3": {"mean": -11.013199721505565, "min": -12.013321454667672, "max": -10.533668839096215}, "4": {"mean": -10.078718870197232, "min": -11.819721517866665, "max": -4.530040553881704}, "5": {"mean": -4.544230377116805, "min": -10.802846725379304, "max": -2.0512951393103576}, "6": {"mean": -6.366443701225128, "min": -10.948977161703437, "max": -2.0891627118674987}, "7": {"mean": -6.3176254469645015, "min": -10.642408511776392, "max": -2.083801968688151}, "8": {"mean": -4.761827246861602, "min": -11.72568224738588, "max": -2.0871568090621246}, "9": {"mean": -3.707089822230855, "min": -10.572831066843154, "max": -1.2369878977574518}, "10": {"mean": -6.323455007979187, "min": -10.466933841761724, "max": -1.2145778082653258}, "11": {"mean": -4.253292581852653, "min": -11.139577475935633, "max": -1.211794605664426}, "12": {"mean": -2.094801648443181, "min": -9.907878169366741, "max": -1.2141788479175093}, "13": {"mean": -2.305331410237067, "min": -10.04600261992351, "max": -1.170118216999759}, "14": {"mean": -2.1655532625018763, "min": -9.912975237372557, "max": -1.1621954585893015}, "15": {"mean": -4.812129919637564, "min": -11.182679146849999, "max": -1.068899475896266}, "16": {"mean": -1.1713054698078276, "min": -1.3034245101015491, "max": -1.034245562006744}, "17": {"mean": -3.051500959653436, "min": -11.449126372753819, "max": -1.119834993377257}, "18": {"mean": -1.2491154493642644, "min": -2.3680672240500917, "max": -0.9863859862564665}, "19": {"mean": -3.0512436981024047, "min": -9.929330727043816, "max": -0.982189100370658}, "20": {"mean": -1.2198702006693563, "min": -2.693183607400173, "max": -0.9831132596082268}, "21": {"mean": -2.310225833902405, "min": -11.578006263082562, "max": -1.0028014958348148}, "22": {"mean": -1.1819129621179612, "min": -1.8102850806907353, "max": -0.9835066368616846}, "23": {"mean": -3.83164946360886, "min": -10.452575621064753, "max": -0.9836857242802862}, "24": {"mean": -2.0401819998642976, "min": -10.485523282963483, "max": -0.9836332106008991}, "25": {"mean": -2.357887870932946, "min": -11.318509377229258, "max": -1.1060807633553666}, "26": {"mean": -2.915155922858037, "min": -10.31236880386598, "max": -0.9861931989593935}, "27": {"mean": -1.9952204757803227, "min": -10.296191298118721, "max": -0.9262243111967647}, "28": {"mean": -2.9221464144527167, "min": -11.441672248619504, "max": -1.0022591527297644}, "29": {"mean": -3.9081292826542735, "min": -11.258651711533046, "max": -1.0147094867973276}, "30": {"mean": -2.0630637577749225, "min": -10.482464829803025, "max": -0.9990061807585194}, "31": {"mean": -2.0704099204629296, "min": -9.55030658684641, "max": -0.24161308930672634}, "32": {"mean": -4.386242041059027, "min": -12.09202407191458, "max": -0.44631705909313774}, "33": {"mean": -2.744554248465034, "min": -11.32064691239947, "max": -0.41897686193531486}, "34": {"mean": -3.1391608419745234, "min": -11.259144296401796, "max": -0.4495871870842509}, "35": {"mean": -1.8800794150555606, "min": -9.542756238972629, "max": -0.3553667973812076}, "36": {"mean": -3.6670125919758716, "min": -10.330270495505602, "max": -0.4101927060205607}, "37": {"mean": -1.7160171441795544, "min": -9.509296857692489, "max": -0.3649510910343758}, "38": {"mean": -2.6550888675034243, "min": -10.153175448908655, "max": -0.3320743741168143}, "39": {"mean": -2.1249623592735043, "min": -11.197753205987176, "max": -0.8294749644596354}, "40": {"mean": -1.9832103713038918, "min": -11.789397268436382, "max": -0.7850756346006854}, "41": {"mean": -1.7916025203032127, "min": -10.423256181196239, "max": -0.7786472923851424}, "42": {"mean": -1.7952640912267583, "min": -9.94946399090656, "max": -0.7743826214198162}, "43": {"mean": -2.415994923743866, "min": -9.509905845470461, "max": -0.538391889054363}, "44": {"mean": -3.1122175840031505, "min": -9.523260036382618, "max": -0.5797027295985242}, "45": {"mean": -2.5655622342315345, "min": -9.886170621836449, "max": -0.3592526685437381}, "46": {"mean": -1.179222785955605, "min": -1.5847486670991184, "max": -0.6363998309127203}, "47": {"mean": -0.7461218438671126, "min": -1.6149273770570245, "max": -0.018317911463033684}, "48": {"mean": -2.374678534368462, "min": -9.54407502205132, "max": -0.03001295888416303}, "49": {"mean": -2.680153097332201, "min": -12.535431156725327, "max": -0.07522942187002389}, "50": {"mean": -7.070177389214075, "min": -10.556461632059705, "max": -0.029403454391450087}, "51": {"mean": -0.3039813979535956, "min": -1.9822204896353428, "max": -0.055409252041127746}, "52": {"mean": -3.1000170740422055, "min": -9.93910151836617, "max": -0.08089176231319163}, "53": {"mean": -2.3133776984611107, "min": -11.78682564171028, "max": -0.017876982290685794}, "54": {"mean": -1.105674808841718, "min": -9.295953523950645, "max": 0.004085031991242637}, "55": {"mean": -1.2690533208709074, "min": -10.207506128679062, "max": -0.030651766505171645}, "56": {"mean": -0.2849370781015057, "min": -1.329020643824963, "max": -0.014904452947624987}, "57": {"mean": -0.2700954135568987, "min": -0.9739107100118646, "max": -0.022333690617702857}, "58": {"mean": -3.7017328611067732, "min": -12.100382054522186, "max": 0.10673416304944422}, "59": {"mean": -1.7233749851299653, "min": -11.521746285270304, "max": 0.07311016494680678}, "60": {"mean": -4.495085650381328, "min": -12.120145508335296, "max": 0.12807854311917188}, "61": {"mean": -3.7438710696548725, "min": -12.15023643745796, "max": 0.11943056952311101}, "62": {"mean": -1.7016272508071117, "min": -12.341983740298218, "max": 0.12975833500504821}, "63": {"mean": -3.240230447152888, "min": -11.819271781077406, "max": 0.14033505510741495}, "64": {"mean": -1.5501319984933701, "min": -11.358393227180608, "max": 0.424017095643753}, "65": {"mean": -0.14481782817389535, "min": -2.1365770055228275, "max": 0.4410124424929862}, "66": {"mean": -1.4695956933248797, "min": -11.906875399125338, "max": 0.43030288870117794}, "67": {"mean": -2.228697667419552, "min": -11.638213876267148, "max": 0.44489829253191004}, "68": {"mean": -2.5419717680894784, "min": -11.477288166870975, "max": 0.44258096512058237}, "69": {"mean": -2.387891711211545, "min": -11.833331962884202, "max": 0.43842659517153015}, "70": {"mean": -0.9719914369247054, "min": -11.33709991733942, "max": 0.4540368891123923}, "71": {"mean": -3.1045445418569466, "min": -11.454949635299858, "max": 0.4829135104437763}, "72": {"mean": -3.1634300738887395, "min": -11.694829679609946, "max": 0.47259028233715317}, "73": {"mean": -0.7159635706770545, "min": -11.267689776433391, "max": 0.5009507520101112}, "74": {"mean": -1.875907109072541, "min": -11.32765512555493, "max": 0.6402419480219302}, "75": {"mean": -3.1817192337014095, "min": -11.593061763582622, "max": 0.4868437376938748}, "76": {"mean": -6.257387933655205, "min": -11.381195689209129, "max": 0.45853178910537506}, "77": {"mean": -1.9082713903006585, "min": -11.429376884072626, "max": 0.4851770222016131}, "78": {"mean": -3.3953379262677905, "min": -11.501346414201999, "max": 0.4681064077558896}, "79": {"mean": -4.082023301486805, "min": -11.4012098271471, "max": 0.5040169476765628}, "80": {"mean": -2.288317867940971, "min": -11.39662833991907, "max": 0.49555783118070795}, "81": {"mean": -3.351957934775149, "min": -11.394053722006635, "max": 0.4727893922559138}, "82": {"mean": -6.4919952642290655, "min": -11.979717162195797, "max": 0.4893543347099227}, "83": {"mean": -0.6834408751958797, "min": -10.89187863196199, "max": 0.511577143825424}, "84": {"mean": -0.7623399501890934, "min": -11.441507994630237, "max": 0.5002195776120786}, "85": {"mean": -4.25962304911336, "min": -11.40586720721218, "max": 0.47229657143109305}, "86": {"mean": -0.7965342998527388, "min": -10.420426550542752,