{"0": {"mean": -11.291374471093189, "min": -11.946616624365374, "max": -10.840150816564261}, "1": {"mean": -11.303798122548583, "min": -12.031620089055039, "max": -10.874612958747708}, "2": {"mean": -11.511014850575856, "min": -11.787370057785324, "max": -10.87460147481033}, "3": {"mean": -10.875815051395694, "min": -10.879807687060659, "max": -10.868161671698093}, "4": {"mean": -11.503173658641906, "min": -11.786669924195607, "max": -10.8747062547734}, "5": {"mean": -10.93129091187617, "min": -11.075199723502559, "max": -10.874523757886639}, "6": {"mean": -11.512758204385005, "min": -11.927658190489375, "max": -10.873184372233537}, "7": {"mean": -11.653351863123813, "min": -11.991938907780561, "max": -10.976856858166991}, "8": {"mean": -11.209416631730088, "min": -11.58967813023993, "max": -10.667389792773438}, "9": {"mean": -11.035709476563614, "min": -11.428986488347874, "max": -10.577995611248662}, "10": {"mean": -10.618603940275204, "min": -10.67111481203381, "max": -10.536836945004637}, "11": {"mean": -10.573408030081614, "min": -10.605387128219567, "max": -10.555024223633856}, "12": {"mean": -10.553585354128073, "min": -10.57739495346037, "max": -10.49873402854847}, "13": {"mean": -10.454478568974002, "min": -10.589481594889921, "max": -9.713045188856855}, "14": {"mean": -10.101939165583786, "min": -10.502148669942827, "max": -9.70755027021245}, "15": {"mean": -9.716424178869167, "min": -9.730312063519207, "max": -9.701303848717634}, "16": {"mean": -9.84413131412102, "min": -10.979223040132753, "max": -9.709430882152667}, "17": {"mean": -9.83215641170923, "min": -10.892719159602226, "max": -9.701782900126837}, "18": {"mean": -9.72841053526576, "min": -9.765692191545808, "max": -9.712726647859206}, "19": {"mean": -9.74335720243612, "min": -9.946638644057774, "max": -9.711424774134322}, "20": {"mean": -9.800557026724317, "min": -9.997530090080133, "max": -9.655471378159849}, "21": {"mean": -9.715010245435865, "min": -9.723232943692059, "max": -9.69382183088481}, "22": {"mean": -9.808876625916916, "min": -10.580092729312218, "max": -9.713408794739896}, "23": {"mean": -9.734666659538295, "min": -9.860409371552004, "max": -9.71589871392621}, "24": {"mean": -9.737812038646851, "min": -9.938247203722394, "max": -9.696179233201896}, "25": {"mean": -9.70962027878749, "min": -9.729058925491012, "max": -9.692946818163929}, "26": {"mean": -9.707616862463425, "min": -9.735785379289572, "max": -9.692604408398333}, "27": {"mean": -9.705773187045683, "min": -9.763565705478083, "max": -9.693308743075095}, "28": {"mean": -9.706715014212776, "min": -9.735977329719207, "max": -9.692581476436075}, "29": {"mean": -9.690547759660989, "min": -9.715566318995972, "max": -9.610904835989512}, "30": {"mean": -9.761009490380275, "min": -10.60781787333994, "max": -9.60059383452277}, "31": {"mean": -9.621154257927916, "min": -9.640018637650398, "max": -9.595725205499818}, "32": {"mean": -9.788985593864867, "min": -10.481053713283552, "max": -9.570876081253658}, "33": {"mean": -9.605569056406383, "min": -9.63996808633398, "max": -9.579479017338599}, "34": {"mean": -8.96544216538442, "min": -9.656149995927878, "max": -3.1964047495985173}, "35": {"mean": -6.185859426005455, "min": -9.642479677328467, "max": -2.4129892979828558}, "36": {"mean": -2.952060356548338, "min": -3.4096215088052495, "max": -2.4175284700969124}, "37": {"mean": -4.20456670760081, "min": -10.517405887373423, "max": -2.4012252714175535}, "38": {"mean": -2.8748222780906554, "min": -3.272872249051878, "max": -2.380817597170685}, "39": {"mean": -3.7657124854139488, "min": -10.59853122091464, "max": -2.401079379490146}, "40": {"mean": -4.534863579735695, "min": -12.036534392874902, "max": -2.4090988270628757}, "41": {"mean": -2.872244619304591, "min": -3.3620495284856724, "max": -2.4291017413246623}, "42": {"mean": -3.1005942453084887, "min": -3.6478750749629354, "max": -2.410648721353886}, "43": {"mean": -3.5646382417901727, "min": -9.62229179466489, "max": -2.42281497022866}, "44": {"mean": -3.599852966212294, "min": -10.683613940160892, "max": -2.4102530768900423}, "45": {"mean": -2.7665383862252746, "min": -3.3694993961003883, "max": -2.2522114361826056}, "46": {"mean": -2.6837672291793786, "min": -3.091481563431032, "max": -2.2393760328863417}, "47": {"mean": -3.4721677130062423, "min": -10.534916578884372, "max": -2.2490619174434467}, "48": {"mean": -3.4817247652496923, "min": -10.546833200132419, "max": -2.277648078352633}, "49": {"mean": -2.6502878004160513, "min": -3.092562620398818, "max": -2.1463187523993597}, "50": {"mean": -3.4500839757058577, "min": -10.601124414361955, "max": -2.2551834638686725}, "51": {"mean": -2.546170228515475, "min": -3.0916393019279194, "max": -2.172602890908855}, "52": {"mean": -2.5917084849612433, "min": -3.0930489482065577, "max": -2.2570793525248076}, "53": {"mean": -2.5242400978924193, "min": -3.0927669898444785, "max": -2.178069310199724}, "54": {"mean": -2.8251475328857523, "min": -3.057927552760507, "max": -2.238015416741658}, "55": {"mean": -3.071493744527241, "min": -3.1426343667023717, "max": -3.0477025088038907}, "56": {"mean": -3.3277066393821833, "min": -5.970193852412468, "max": -2.7521644377445247}, "57": {"mean": -3.0629853470016064, "min": -3.1423909824561025, "max": -3.0476988735669193}, "58": {"mean": -2.98361553011319, "min": -3.1421735696550246, "max": -2.238198740088961}, "59": {"mean": -3.066205484955959, "min": -3.1592263551482143, "max": -3.0467744067965614}, "60": {"mean": -2.917476633379631, "min": -3.1429251092132433, "max": -2.2529271489273275}, "61": {"mean": -3.814087377300035, "min": -10.496839942162513, "max": -3.04701910790621}, "62": {"mean": -3.556202708762757, "min": -10.304988074122969, "max": -2.260130557104312}, "63": {"mean": -3.0540436040899315, "min": -3.0579439963824617, "max": -3.0491788843438803}, "64": {"mean": -3.4531212706633303, "min": -10.241975514454658, "max": -2.258707742326714}, "65": {"mean": -3.7159396790791623, "min": -9.506950287093025, "max": -3.0474609644810022}, "66": {"mean": -2.7767153107814586, "min": -3.0913549617820695, "max": -2.28866737317821}, "67": {"mean": -3.0536226624132423, "min": -3.058147675920707, "max": -3.04579935018795}, "68": {"mean": -2.6345314370133504, "min": -3.170174951482167, "max": -2.2620668704059175}, "69": {"mean": -3.0513384996478274, "min": -3.05726501116742, "max": -3.0478129068491455}, "70": {"mean": -2.8384565121303487, "min": -3.142030976893521, "max": -2.235373592481044}, "71": {"mean": -3.0474702476947955, "min": -3.17185220501638, "max": -2.9827398883625986}, "72": {"mean": -2.9564902811559777, "min": -3.150834600695321, "max": -2.2547830029535167}, "73": {"mean": -4.405683564857146, "min": -10.322658134127257, "max": -2.9853285491705637}, "74": {"mean": -2.991752410632693, "min": -2.996321381636357, "max": -2.98218452883926}, "75": {"mean": -3.016115417198001, "min": -3.1641690653034256, "max": -2.9819703553985057}, "76": {"mean": -3.292686935425587, "min": -5.929676368070828, "max": -2.9779575908447646}, "77": {"mean": -3.0262916782557694, "min": -3.252662161981982, "max": -2.9863926056792347}, "78": {"mean": -3.0578652186807114, "min": -3.4082891124419996, "max": -2.9814074228409093}, "79": {"mean": -2.9093210137355885, "min": -3.220029951750496, "max": -2.520895583790722}, "80": {"mean": -3.758284533476471, "min": -10.481315145253067, "max": -2.4948305224003233}, "81": {"mean": -3.8048869079621346, "min": -11.51752655808017, "max": -2.4870994593570885}, "82": {"mean": -3.8667766898521014, "min": -10.275140980117968, "max": -2.6628332962005516}, "83": {"mean": -3.0629926113569077, "min": -3.9458248022786546, "max": -2.4889001156691104}, "84": {"mean": -3.018530092929044, "min": -3.4182250605769364, "max": -2.5074108842191745}, "85": {"mean": -2.979659119558683, "min": -3.207099348856897, "max": -2.6990563752426597}, "86": {"mean": -3.9174485577390628, "min": -10.513017897826932, "max": -3.1176702469454303}, "87": {"mean": -3.7459283255499174, "min": -11.22918534645684,