{"0": {"mean": -11.00260979311457, "min": -12.474812027292264, "max": -10.662689576331774}, "1": {"mean": -10.130699109613944, "min": -12.363630984456899, "max": -6.409463446614126}, "2": {"mean": -10.83344770402041, "min": -12.025178496647378, "max": -6.417116615639699}, "3": {"mean": -10.414483430980749, "min": -11.873345391790135, "max": -6.415043933239292}, "4": {"mean": -10.525835467897068, "min": -12.227158689128359, "max": -3.405701093812379}, "5": {"mean": -7.6832578790752875, "min": -11.50845405691024, "max": -3.4009130498453373}, "6": {"mean": -5.542352020877409, "min": -10.551492847286784, "max": -2.96751694676199}, "7": {"mean": -3.5340158426989503, "min": -10.787072766800293, "max": -2.8776885635944733}, "8": {"mean": -3.589803704695833, "min": -11.090515160672057, "max": -1.3221959726850043}, "9": {"mean": -2.3122293214687333, "min": -11.236185936978988, "max": -1.065100841499011}, "10": {"mean": -3.8090642410762263, "min": -11.444361632581789, "max": -1.0434408578083256}, "11": {"mean": -8.030267161358903, "min": -11.38865655226212, "max": -0.9474292306457623}, "12": {"mean": -4.6452301944797885, "min": -11.644154853383945, "max": -0.15309045054215648}, "13": {"mean": -4.140328298441079, "min": -11.346984150670593, "max": 0.21756810011162445}, "14": {"mean": -4.341495188240556, "min": -11.390848794364228, "max": 0.25118478254858223}, "15": {"mean": -4.197700624983119, "min": -12.009521902754047, "max": 0.2202646125595491}, "16": {"mean": -4.304770277604797, "min": -11.415816125753857, "max": 0.25812201336250573}, "17": {"mean": -2.613089957707392, "min": -11.416470775406962, "max": 0.24914006746180017}, "18": {"mean": -2.2817691347084432, "min": -11.34501352476439, "max": 0.7476930049832438}, "19": {"mean": -3.3344491742499303, "min": -11.244720521939, "max": 0.4689356903429051}, "20": {"mean": -0.9132123376041745, "min": -11.279706675265858, "max": 0.5082118902414755}, "21": {"mean": -2.1266787266886507, "min": -11.68856619729673, "max": 0.6476397952233863}, "22": {"mean": -1.3647153795483642, "min": -11.395312848329358, "max": 0.8393744857655776}}