{"0": {"mean": 1.739999999999999, "min": 0.7999999999999999, "max": 7.099999999999991}, "1": {"mean": 3.8, "min": 2.3000000000000007, "max": 5.1999999999999975}, "2": {"mean": 4.949999999999996, "min": 2.1000000000000005, "max": 13.299999999999969}, "3": {"mean": 3.1199999999999997, "min": 0.7999999999999999, "max": 5.699999999999996}, "4": {"mean": 3.7299999999999995, "min": 2.1000000000000005, "max": 8.399999999999986}, "5": {"mean": 3.04, "min": 0.8999999999999999, "max": 6.699999999999992}, "6": {"mean": 2.600000000000001, "min": 0.8999999999999999, "max": 4.000000000000002}, "7": {"mean": 3.4799999999999995, "min": 0.8999999999999999, "max": 7.19999999999999}, "8": {"mean": 3.759999999999999, "min": 0.9999999999999999, "max": 8.399999999999986}, "9": {"mean": 3.5399999999999983, "min": 0.9999999999999999, "max": 6.999999999999991}, "10": {"mean": 8.21000000000004, "min": 0.8999999999999999, "max": 50.00000000000044}, "11": {"mean": 5.829999999999992, "min": 0.8999999999999999, "max": 11.299999999999976}, "12": {"mean": 6.309999999999993, "min": 2.600000000000001, "max": 10.699999999999978}, "13": {"mean": 10.850000000000033, "min": 0.7999999999999999, "max": 50.00000000000044}, "14": {"mean": 14.100000000000037, "min": 4.6, "max": 50.00000000000044}, "15": {"mean": 5.889999999999992, "min": 0.7999999999999999, "max": 12.69999999999997}, "16": {"mean": 6.54999999999999, "min": 0.9999999999999999, "max": 15.59999999999996}, "17": {"mean": 9.930000000000009, "min": 0.7999999999999999, "max": 28.300000000000132}, "18": {"mean": 12.000000000000036, "min": 0.7999999999999999, "max": 50.00000000000044}, "19": {"mean": 20.66000000000014, "min": 0.7999999999999999, "max": 50.00000000000044}, "20": {"mean": 25.78000000000022, "min": 0.7999999999999999, "max": 50.00000000000044}}