{"0": {"mean": -111.94522228169193, "min": -120.51399603956132, "max": -59.414367770025876}, "1": {"mean": -111.07383454989485, "min": -119.22242706531534, "max": -63.54728492951808}, "2": {"mean": -110.93743891427057, "min": -121.18981127359719, "max": -43.72078646870022}, "3": {"mean": -111.16938867947944, "min": -123.48142950676133, "max": -43.732469303366834}, "4": {"mean": -111.45147765399028, "min": -120.46540427720112, "max": -57.25562128481081}, "5": {"mean": -110.66201405940932, "min": -121.22249985795159, "max": -54.05422064738752}, "6": {"mean": -110.02558020360982, "min": -121.98830963408201, "max": -58.05283462549545}, "7": {"mean": -108.38601822114829, "min": -133.77322997173357, "max": -53.51910416477018}, "8": {"mean": -110.98288208448453, "min": -121.89823722508862, "max": -63.272670002758915}, "9": {"mean": -109.90261181472107, "min": -120.52488300762234, "max": -65.09610504152074}, "10": {"mean": -108.1667782083468, "min": -123.72642260636638, "max": -31.881935178699727}, "11": {"mean": -110.16999020419826, "min": -124.58199523042423, "max": -41.63338931860664}, "12": {"mean": -110.54148705299458, "min": -120.84497501745014, "max": -71.91536780903621}, "13": {"mean": -109.37213335447716, "min": -122.13552015873852, "max": -47.287587664653195}, "14": {"mean": -110.74609072406041, "min": -120.9914489782229, "max": -51.29835675400935}, "15": {"mean": -107.96334191733318, "min": -125.71720957098216, "max": -10.630960584143574}, "16": {"mean": -110.05782351109391, "min": -120.4296335993316, "max": -60.39046370812449}, "17": {"mean": -111.57545870470284, "min": -120.69822771813162, "max": -61.93402307790657}, "18": {"mean": -110.4501575442256, "min": -121.57981665840433, "max": -24.624998992820313}, "19": {"mean": -109.38918987733105, "min": -121.95630058917496, "max": -33.977271457120565}, "20": {"mean": -108.25233534767064, "min": -124.1325780033657, "max": -25.691290430042923}, "21": {"mean": -109.64074009363905, "min": -122.10026594888605, "max": -22.42922844422801}, "22": {"mean": -107.03396329752118, "min": -121.23956244051891, "max": -22.460057249100966}, "23": {"mean": -106.76180748523568, "min": -121.14165405480004, "max": -5.00413141744854}, "24": {"mean": -109.36286050952714, "min": -125.69689312920715, "max": -15.777784760079255}, "25": {"mean": -107.53172042075288, "min": -126.14104105403841, "max": -28.523910583340506}, "26": {"mean": -106.7594968292319, "min": -129.64398671824569, "max": -16.40261532207355}, "27": {"mean": -107.96953883115832, "min": -122.39063086616244, "max": -15.466085896608648}, "28": {"mean": -105.76602721479085, "min": -120.45635910119054, "max": -31.675834283821857}, "29": {"mean": -85.13497067453301, "min": -119.36729258593896, "max": 5.850969495655286}, "30": {"mean": -92.87850850386077, "min": -120.6642264380962, "max": 6.403392858495488}, "31": {"mean": -79.91154842940631, "min": -120.5921928392224, "max": 4.905587254644421}, "32": {"mean": -42.99189337098691, "min": -121.59260236420087, "max": 7.043165479282027}, "33": {"mean": -17.107672568826604, "min": -120.11573351249946, "max": 6.387703084689458}, "34": {"mean": -35.08090512448896, "min": -120.90999054383846, "max": 6.842991048497962}, "35": {"mean": -30.26543785751434, "min": -120.40828110596722, "max": 6.912286176115728}, "36": {"mean": -42.14959541245604, "min": -119.39090998314381, "max": 6.7946989366920665}, "37": {"mean": -45.815435120454076, "min": -119.27005448511181, "max": 7.261765742106162}, "38": {"mean": -57.44980805034222, "min": -120.97801899104402, "max": 6.898849267371375}, "39": {"mean": -44.984117851936986, "min": -118.8771553055878, "max": 7.177998219212697}, "40": {"mean": -39.83244391847704, "min": -119.54114779987526, "max": 6.24764379120313}, "41": {"mean": -18.710503781379522, "min": -119.84019089442036, "max": 7.079880535936302}, "42": {"mean": -24.238936489900357, "min": -120.344261583997, "max": 6.92134111876511}, "43": {"mean": -21.14657167428572, "min": -119.68215896227147, "max": 6.865158087597601}, "44": {"mean": -21.635559996793837, "min": -118.35550472957712, "max": 7.11843235893154}, "45": {"mean": -40.83486035752574, "min": -120.69285692307187, "max": 7.1768463395256425}, "46": {"mean": -32.10827217498127, "min": -119.2643879847357, "max": 7.244623573148821}, "47": {"mean": -39.8212275887959, "min": -122.75018660192822, "max": 7.213945315781623}, "48": {"mean": -37.701039164823115, "min": -120.39579687533191, "max": 7.251980133133156}, "49": {"mean": -13.854115511246539, "min": -117.14160004801202, "max": 6.764362361433461}, "50": {"mean": -25.577191806529594, "min": -118.15962017550312, "max": 6.89941167993912}, "51": {"mean": -31.9452845060796, "min": -121.14809858116512, "max": 6.916708675692663}, "52": {"mean": -16.516865148899118, "min": -118.78001135359011, "max": 6.766317829361898}, "53": {"mean": -28.467147848630216, "min": -118.34762083932323, "max": 6.966896199918681}, "54": {"mean": -24.025079791855752, "min": -118.44388149045561, "max": 7.004508115089737}, "55": {"mean": -20.668301914192696, "min": -120.2288681811328, "max": 6.711306826679032}, "56": {"mean": -37.68298814917092, "min": -119.18030451913997, "max": 6.660047375548916}, "57": {"mean": -31.99529305529399, "min": -119.06049342932063, "max": 7.068569797931616}, "58": {"mean": -27.76930133840518, "min": -118.07640816654722, "max": 7.116603415185224}, "59": {"mean": -13.859979398471026, "min": -119.2887116120134, "max": 6.9056757818852805}, "60": {"mean": -31.31118457757278, "min": -119.772616708491, "max": 6.9364798933211596}, "61": {"mean": -24.152720593135346, "min": -118.2526150442305, "max": 7.369307171868406}, "62": {"mean": -23.695789803353186, "min": -118.91865238503611, "max": 6.925097152313419}, "63": {"mean": -16.346307908682363, "min": -118.71047312999734, "max": 7.957949872636096}, "64": {"mean": -25.296723928030882, "min": -118.10717951028074, "max": 7.811433814338394}, "65": {"mean": -17.9899266542636, "min": -120.20033718702948, "max": 7.549065900055596}, "66": {"mean": -23.31127401502214, "min": -117.99516720587617, "max": 7.601090167731395}, "67": {"mean": -16.837260160399005, "min": -118.39623351251457, "max": 7.846598249424326}, "68": {"mean": -22.92374909014628, "min": -116.75327070761216, "max": 7.970149947359524}, "69": {"mean": -10.397113595488065, "min": -119.35245205348188, "max": 7.885770541773185}, "70": {"mean": -24.183523031673452, "min": -118.7756856699238, "max": 7.955143910510369}, "71": {"mean": -14.744684890806845, "min": -117.30048367868208, "max": 8.071895985546623}, "72": {"mean": -18.86665397323325, "min": -118.23474201992634, "max": 8.080767233099667}, "73": {"mean": -11.408321894259709, "min": -118.1697973041775, "max": 7.834176847983888}, "74": {"mean": -14.764613333369436, "min": -116.26363153110837, "max": 7.923952587070958}, "75": {"mean": -15.472480390939788, "min": -117.15882286460699, "max": 8.240113650578357}, "76": {"mean": -23.30105353165897, "min": -117.83938033618095, "max": 8.135074243404878}, "77": {"mean": -18.893510102474842, "min": -118.15940695756905, "max": 8.185789538469392}, "78": {"mean": -15.194316890928949, "min": -116.78709545253203, "max": 8.06533273588346}, "79": {"mean": -15.023472671381066, "min": -118.40217200624457, "max": 8.166890967318714}, "80": {"mean": -11.104551148090993, "min": -118.39204671713571, "max": 8.215415253016765}, "81": {"mean": -13.35727549739008, "min": -120.893541998613, "max": 8.346601373996414}, "82": {"mean": -11.204522661984837, "min": -116.86765412890128, "max": 8.32006183913663}, "83": {"mean": -18.216107942360694, "min": -120.61888885263237, "max": 8.020829115626288}, "84": {"mean": -16.76617363991774, "min": -119.16353673480515, "max": 8.314221708210535}, "85": {"mean": -12.039930741534583, "min": -118.50829104175234, "max": 8.225569903142837}, "86": {"mean": -22.30813893383439, "min": -117.27668043654471, "max": 8.371728314683061}, "87": {"mean": -18.152710402623587, "min": -118.02154606215848, "max": 8.381386062894133},