{"0": {"mean": -11.350733351143408, "min": -11.740438656355131, "max": -10.863146217428085}, "1": {"mean": -10.997425406149471, "min": -11.509475302439183, "max": -10.82232158196941}, "2": {"mean": -11.046838112946004, "min": -11.71717493915713, "max": -10.836753596133986}, "3": {"mean": -10.834435848756117, "min": -11.041756758735639, "max": -10.789263860161416}, "4": {"mean": -10.941619099479597, "min": -11.76278794229695, "max": -10.786437275826621}, "5": {"mean": -10.909694564542212, "min": -11.678548035065022, "max": -10.781207285124685}, "6": {"mean": -10.2626033520688, "min": -10.878427421433727, "max": -5.4914906834553365}, "7": {"mean": -8.236713179308978, "min": -11.914506771169542, "max": -5.428979243557221}, "8": {"mean": -5.3627994345337004, "min": -5.488650504334795, "max": -4.908015722656381}, "9": {"mean": -5.074652123495691, "min": -5.382086709795611, "max": -4.786348540818859}, "10": {"mean": -4.862751378735722, "min": -5.512639428692282, "max": -4.724084230155559}, "11": {"mean": -4.8191950157665016, "min": -4.8605514112605706, "max": -4.791765727621068}, "12": {"mean": -5.613788710910507, "min": -11.963449090492414, "max": -4.808515693811079}, "13": {"mean": -6.0171743939059015, "min": -10.701265966121806, "max": -4.787944970777689}, "14": {"mean": -4.8996659928990685, "min": -5.541339300638577, "max": -4.754152019503025}, "15": {"mean": -6.1632553046023135, "min": -10.86187514072669, "max": -4.7875849010864115}, "16": {"mean": -4.852424719240718, "min": -5.269132497623787, "max": -4.745971681051189}, "17": {"mean": -4.187372587313853, "min": -5.284942728074417, "max": -3.0249056663565477}, "18": {"mean": -4.0819858065991035, "min": -11.450985723583214, "max": -3.0280236481361436}, "19": {"mean": -4.0243402501721395, "min": -10.679481257325753, "max": -3.0236012794451907}, "20": {"mean": -4.770000477242173, "min": -10.798769060346483, "max": -3.025314199397031}, "21": {"mean": -3.2483123322544616, "min": -4.957585613155814, "max": -3.0234689706337936}, "22": {"mean": -3.256268719197416, "min": -4.997415838363791, "max": -3.0290385106250164}, "23": {"mean": -4.607655520046228, "min": -10.183849486384945, "max": -3.025619939588089}, "24": {"mean": -3.8314406648363004, "min": -10.88324009936126, "max": -3.0236935296040515}, "25": {"mean": -5.517941972197065, "min": -10.82145641659436, "max": -3.0310663111225864}, "26": {"mean": -3.80673489993368, "min": -10.449577319429597, "max": -3.032166982405671}, "27": {"mean": -3.4263393251988696, "min": -5.300826594901359, "max": -2.566793412658521}, "28": {"mean": -3.474712772156072, "min": -4.973773909973384, "max": -2.489688662292482}, "29": {"mean": -3.4402597909788617, "min": -10.160353061327257, "max": -2.512306965523095}, "30": {"mean": -4.5115821582474265, "min": -10.815763389512957, "max": -2.5264006279780267}, "31": {"mean": -2.8345781346830776, "min": -2.974743380288243, "max": -2.369458938856342}, "32": {"mean": -2.6444478231630764, "min": -3.1132756565701016, "max": -2.370018394577595}, "33": {"mean": -2.3862545147008314, "min": -2.4550921848204372, "max": -2.350848784967547}, "34": {"mean": -2.946115401388174, "min": -5.3184745921619925, "max": -2.334657512344254}, "35": {"mean": -2.4870255061964883, "min": -3.30463831526125, "max": -2.369847980981974}, "36": {"mean": -3.2095209880711755, "min": -10.57962683477348, "max": -2.3612928741565553}, "37": {"mean": -3.3505129029042218, "min": -12.025807016687763, "max": -2.3664880567320665}, "38": {"mean": -2.4412024457171975, "min": -3.009045485775732, "max": -2.3613287401138665}, "39": {"mean": -3.200734932910276, "min": -9.386255189884851, "max": -2.3599749631940683}, "40": {"mean": -2.547520711907666, "min": -3.8966092290983054, "max": -2.368543719622262}, "41": {"mean": -2.3880546433280347, "min": -2.413921476822787, "max": -2.3654232647479967}, "42": {"mean": -2.5808891128229647, "min": -3.6935750424523057, "max": -2.3690231237795225}, "43": {"mean": -2.5755355704537077, "min": -3.4917835765796874, "max": -2.3840306843855226}, "44": {"mean": -4.217014822694424, "min": -12.027691710766117, "max": -2.3621921467242606}, "45": {"mean": -4.137208336628023, "min": -11.203544308918925, "max": -2.3610474610133783}, "46": {"mean": -2.740818330608957, "min": -5.198070864886258, "max": -2.3687342983625146}, "47": {"mean": -2.51854313435967, "min": -2.8704553695499837, "max": -2.360752697609901}, "48": {"mean": -3.238797569713035, "min": -10.540241212356834, "max": -2.3304551735956576}, "49": {"mean": -2.3748900392380756, "min": -2.629556400045777, "max": -2.079843893269109}, "50": {"mean": -2.9996465141986706, "min": -10.431783847715328, "max": -1.7588137917727797}, "51": {"mean": -2.859438391534817, "min": -9.813216278909616, "max": -2.0681971916785886}, "52": {"mean": -2.849227012670949, "min": -9.82142551939023, "max": -2.0150689619662905}, "53": {"mean": -2.9005910210067616, "min": -9.758159189209952, "max": -2.070627373615322}, "54": {"mean": -2.077121912727704, "min": -2.0956629290584003, "max": -2.068134585995174}, "55": {"mean": -3.072481117077153, "min": -10.267006491524794, "max": -2.0767514730089665}, "56": {"mean": -2.078473669437467, "min": -2.087547249023345, "max": -2.068503761330124}, "57": {"mean": -4.826661219438543, "min": -12.026826561127454, "max": -2.069984837270455}, "58": {"mean": -3.93804911718926, "min": -12.02762705235612, "max": -1.979472441491666}, "59": {"mean": -4.61518871104684, "min": -9.83948449597332, "max": -2.0723018287783255}, "60": {"mean": -2.779905317009556, "min": -9.732956078366673, "max": -1.9091433930712205}, "61": {"mean": -3.0558426357423554, "min": -9.412501533689223, "max": -1.9233317137992174}, "62": {"mean": -1.9835499353371187, "min": -1.9973879156941927, "max": -1.9743512045403233}, "63": {"mean": -2.919097008951807, "min": -9.81744957792129, "max": -1.9994939069617794}, "64": {"mean": -3.646226503285832, "min": -10.433422355462065, "max": -1.980788705448215}, "65": {"mean": -4.9058699553825775, "min": -9.847670532438038, "max": 0.6895099669387945}, "66": {"mean": -3.6723048375020837, "min": -10.708875743588404, "max": -1.9711921410664184}, "67": {"mean": -2.8695874720520345, "min": -9.784409613413578, "max": -1.9331471768709347}, "68": {"mean": -4.531296063803945, "min": -11.132966157507735, "max": -1.9342207438592887}, "69": {"mean": -2.90935815319328, "min": -10.274981123658447, "max": -1.9456043852283227}, "70": {"mean": -4.642686284596502, "min": -10.321100184678016, "max": -1.9465744983568884}, "71": {"mean": -2.037153799575254, "min": -2.4564340673633023, "max": -1.9343330466807702}, "72": {"mean": -1.9990081024104849, "min": -2.4893519957579913, "max": -1.9143098453813294}, "73": {"mean": -2.526457488934036, "min": -10.509150758677203, "max": 0.7004292026190365}, "74": {"mean": -6.519582237032521, "min": -11.873722892611587, "max": -0.13589048565213682}, "75": {"mean": -1.004905566240812, "min": -11.82903625455393, "max": 0.725893745755346}, "76": {"mean": -11.734239631706355, "min": -11.744191234463699, "max": -11.725621919388983}, "77": {"mean": -2.927236323354897, "min": -11.618103688195333, "max": 0.7258966923802177}, "78": {"mean": -10.453583613692453, "min": -11.724368174007655, "max": 0.5535494497047663}, "79": {"mean": -0.33645638594576227, "min": -9.587352482397966, "max": 0.7268396653244573}, "80": {"mean": -11.617327334247491, "min": -11.74200514456709, "max": -11.195063559353846}, "81": {"mean": -0.5050153315093894, "min": -11.243914613109904, "max": 0.7190217523687776}, "82": {"mean": -11.685309340927061, "min": -11.73308109159512, "max": -11.48133762070897}, "83": {"mean": -0.5550749721540631, "min": -11.823189770926597, "max": 0.7230830494238721}, "84": {"mean": -10.433898414107727, "min": -11.898000582476497, "max": 0.7025706368605275}, "85": {"mean": 0.6935003161203858, "min": 0.5826594201078488, "max": 0.72499591573755}, "86": {"mean": -9.23567532640929, "min": -11.74592146431856, "max": 0.7215395167794076}, "87": {"mean": 0.6121847543394405,