{"0": {"mean": -9.963990067196843, "min": -11.942024679862957, "max": -5.956642464678289}, "1": {"mean": -10.917606407699271, "min": -11.75717252925299, "max": -10.537512446537862}, "2": {"mean": -10.727031703685151, "min": -11.794187900201665, "max": -10.589100944993273}, "3": {"mean": -10.186124379135753, "min": -11.825545272188883, "max": -4.2809532397052035}, "4": {"mean": -10.637867483434288, "min": -10.697135817966114, "max": -10.569388627533119}, "5": {"mean": -10.828256703061774, "min": -11.65602305154937, "max": -10.478060877787756}, "6": {"mean": -10.53337609025182, "min": -10.580658061351068, "max": -10.457418727842285}, "7": {"mean": -10.929866223918433, "min": -11.612830809815229, "max": -10.510471209257034}, "8": {"mean": -10.784456739102389, "min": -11.736725828832325, "max": -10.497211917642773}, "9": {"mean": -10.101478143460092, "min": -11.532498300368276, "max": -5.282820742179085}, "10": {"mean": -7.700633260820085, "min": -11.228141396905599, "max": -2.6325685905785203}, "11": {"mean": -4.339951374590443, "min": -10.690210149816206, "max": -2.5435612166697052}, "12": {"mean": -7.731681723704776, "min": -11.419037907933483, "max": -2.564547832976905}, "13": {"mean": -4.184075350011009, "min": -10.53886858550539, "max": -2.5527971134184986}, "14": {"mean": -4.221636956589325, "min": -11.062785386909397, "max": -2.5232147970972623}, "15": {"mean": -5.1276638855258305, "min": -11.339776742516115, "max": -2.5190796217866502}, "16": {"mean": -4.175897240772598, "min": -10.613754951120091, "max": -2.516016892722208}, "17": {"mean": -4.986260825915395, "min": -10.610048993066108, "max": -2.556721507689723}, "18": {"mean": -6.608568480727881, "min": -11.68719192533164, "max": -2.343951057008941}, "19": {"mean": -5.772402401806749, "min": -11.430244404629294, "max": -2.084157401677422}}