{"0": {"mean": -10.825043245191614, "min": -12.107263532988728, "max": -6.2444574227813465}, "1": {"mean": -10.845013318340834, "min": -10.921724772237551, "max": -10.810270938697768}, "2": {"mean": -10.826309680849876, "min": -10.92099987970516, "max": -10.675892029809988}, "3": {"mean": -10.939964321094669, "min": -11.815902609362748, "max": -10.669471462326106}, "4": {"mean": -10.999026016714453, "min": -11.670140514575108, "max": -10.48279359136151}, "5": {"mean": -10.796056019575415, "min": -11.554512639808571, "max": -10.430586893159102}, "6": {"mean": -10.530259961683724, "min": -11.417809935838058, "max": -10.414360410510529}, "7": {"mean": -10.486401133244906, "min": -11.223361759870034, "max": -10.2669185763919}, "8": {"mean": -10.413090062535076, "min": -10.513958256239, "max": -10.083170278647179}, "9": {"mean": -10.3277536189956, "min": -10.691980206883665, "max": -10.034460390808706}, "10": {"mean": -10.380003866849055, "min": -11.321264066313187, "max": -10.070745405761285}, "11": {"mean": -7.835906389911753, "min": -11.358491568149764, "max": -1.5047763765163178}, "12": {"mean": -4.728381178112824, "min": -11.373425302335217, "max": -1.4237090626360658}, "13": {"mean": -4.6533893880877475, "min": -12.009328493038478, "max": -1.1918971071774582}, "14": {"mean": -4.376833808569609, "min": -12.219066457430372, "max": -1.4685333227133865}, "15": {"mean": -4.5064171065590575, "min": -12.431831878651026, "max": -1.418792922379411}, "16": {"mean": -4.037399220888853, "min": -12.56104721498518, "max": -1.5195487419131268}, "17": {"mean": -3.785346309564607, "min": -11.918907595218151, "max": -1.1486889836131746}, "18": {"mean": -2.3255545392725265, "min": -11.354313247978816, "max": -0.9341028979765807}, "19": {"mean": -4.106354929137954, "min": -11.887222494236177, "max": -1.1694252617317076}, "20": {"mean": -3.9968028803454887, "min": -12.405416082310646, "max": -0.9278542532474773}, "21": {"mean": -4.561475388485355, "min": -11.924983633804842, "max": -0.8600091417492253}, "22": {"mean": -2.449769830442501, "min": -11.322132707046848, "max": -1.0883951436507266}, "23": {"mean": -2.388502612719717, "min": -10.780114345903813, "max": -0.40200610665357656}, "24": {"mean": -2.9592258522465498, "min": -11.923032943307064, "max": -1.0619309553082281}}