{"0": {"mean": -10.340639449240404, "min": -11.926112640252647, "max": -1.8921095293713435}, "1": {"mean": -8.844955231496323, "min": -11.580906548632743, "max": -1.8893971682838078}, "2": {"mean": -8.537309720090402, "min": -11.707424564427324, "max": -1.8927143435915073}, "3": {"mean": -8.606915297962965, "min": -11.650667344649323, "max": -1.8880874346844043}, "4": {"mean": -5.601773627881161, "min": -11.541500007016708, "max": -1.8259923297188512}, "5": {"mean": -5.635883282264247, "min": -11.436343899681171, "max": -0.6334249346107844}, "6": {"mean": -4.84190342795511, "min": -11.28496262935133, "max": 0.21362384399195136}, "7": {"mean": -3.7396759821866885, "min": -11.263904400244666, "max": -0.06373069158562401}, "8": {"mean": -2.8677123447881945, "min": -11.679091444766987, "max": 0.07417902231635612}, "9": {"mean": -2.829277426989754, "min": -11.647419043050894, "max": 0.07820683467487809}, "10": {"mean": -2.776391083809319, "min": -11.543132035703522, "max": 0.08039109671177577}, "11": {"mean": -2.6989959431719206, "min": -11.94598935163465, "max": 0.08551642433733551}, "12": {"mean": -3.7093565446430716, "min": -11.215064513469736, "max": 0.12097253394563545}, "13": {"mean": -0.583496689894056, "min": -11.184200223383215, "max": 0.13140174730684528}, "14": {"mean": -0.9403047856753185, "min": -11.003071909408526, "max": 0.1191881094356993}, "15": {"mean": -3.859663404068067, "min": -11.858240248782824, "max": 0.20437407375673033}, "16": {"mean": -2.178495248466112, "min": -11.610760122863006, "max": 0.3144250252742117}, "17": {"mean": -1.9949901625805544, "min": -11.207155140425948, "max": 0.3291588647286234}, "18": {"mean": -2.5730325487277166, "min": -11.227672885384536, "max": 0.352752779714434}, "19": {"mean": -2.563155429399307, "min": -11.229077177682985, "max": 0.41592478658905374}, "20": {"mean": -0.3424930790061668, "min": -11.887076984331866, "max": 0.409211184610306}, "21": {"mean": -1.961573414126438, "min": -11.22755814570707, "max": 0.3985410168293294}, "22": {"mean": -3.64818529446109, "min": -11.44472109978882, "max": 0.40822457744141777}, "23": {"mean": -1.248850356907168, "min": -11.724402634514249, "max": 0.3937236399529122}, "24": {"mean": -0.8007379877130578, "min": -11.195443622854352, "max": 0.41169076248245345}, "25": {"mean": -2.077906862845594, "min": -11.384404106168201, "max": 0.40982505415213427}, "26": {"mean": -1.2214330051237619, "min": -11.235600278922233, "max": 0.40691282929159533}, "27": {"mean": -1.4531261634214838, "min": -11.765938843800036, "max": 0.40945732827723036}, "28": {"mean": 0.3716176187294728, "min": 0.2327055926807916, "max": 0.4167891762672251}, "29": {"mean": -2.365625392983006, "min": -11.210246742063388, "max": 0.4355619165353253}, "30": {"mean": -2.9905210175663814, "min": -11.233544279769117, "max": 0.4426581314182888}, "31": {"mean": -0.21112490459578157, "min": -11.20371712736062, "max": 0.4621275935894821}, "32": {"mean": -2.1427792068274334, "min": -11.33627025125243, "max": 0.43100677562310064}, "33": {"mean": -1.9434458745813923, "min": -11.347769070685096, "max": 0.43419253095730437}, "34": {"mean": -1.7734117877444162, "min": -11.225764806745511, "max": 0.46172355913384566}, "35": {"mean": -1.4080570099028389, "min": -11.690046378886068, "max": 0.44521138155711204}, "36": {"mean": -3.096028665362506, "min": -11.454587686395165, "max": 0.48068871480651837}, "37": {"mean": -0.5930652246731282, "min": -9.873811669753708, "max": 0.48444610974711355}, "38": {"mean": -1.9378588552552345, "min": -11.573664908004117, "max": 0.4702116804787702}, "39": {"mean": -1.3665478521509897, "min": -11.736226515699563, "max": 0.6147020667567505}, "40": {"mean": -0.773293460376229, "min": -11.21864264288383, "max": 0.6470617244905629}, "41": {"mean": -3.593652392028678, "min": -11.728897178255394, "max": 0.6707994652987991}, "42": {"mean": -2.2263319796296273, "min": -11.224202398871306, "max": 0.7016205490277642}, "43": {"mean": -5.954219731114757, "min": -11.922480824101548, "max": 0.7013687095744348}, "44": {"mean": -1.4732812239203952, "min": -10.7853718885432, "max": 0.7078478860306326}, "45": {"mean": -1.7337745682893835, "min": -11.217609108916866, "max": 0.7203823161450373}, "46": {"mean": -0.038485097806977606, "min": -11.178841332593974, "max": 0.7112001853791641}, "47": {"mean": -3.523891825914837, "min": -11.774715655710157, "max": 0.7142914122620901}, "48": {"mean": -1.9041868652248795, "min": -11.204485173637723, "max": 0.7104058032537868}, "49": {"mean": -0.6045922206812113, "min": -11.938372818680163, "max": 0.7235423042289195}, "50": {"mean": -1.7452623021979954, "min": -11.602627298276534, "max": 0.7115949470301737}, "51": {"mean": -2.776257176312571, "min": -11.770575302873288, "max": 0.7476697106600768}, "52": {"mean": -1.1765385993632627, "min": -11.28215460686024, "max": 0.7396030332513415}, "53": {"mean": -2.8213006121820063, "min": -11.19345123127474, "max": 0.7575808155788007}, "54": {"mean": -2.1395538649193893, "min": -11.616961093020699, "max": 0.7708195820098271}, "55": {"mean": -1.7053552048729768, "min": -11.197756441931126, "max": 0.7704386597665487}, "56": {"mean": -1.0602531799851227, "min": -11.203635151246555, "max": 0.7615236552794007}, "57": {"mean": -2.218397820370936, "min": -11.293262313719424, "max": 0.7659034025607233}, "58": {"mean": -2.806222659264336, "min": -11.409602536738381, "max": 0.7700962768018738}, "59": {"mean": -2.336630427173426, "min": -11.758230479824272, "max": 0.7693576049190033}, "60": {"mean": -1.7680786003238147, "min": -11.527324107473854, "max": 0.7650177402816972}, "61": {"mean": -1.6674138377560968, "min": -11.813118999914508, "max": 0.7817217830095748}, "62": {"mean": -2.344764481486714, "min": -11.202656072239062, "max": 0.7729231813155593}, "63": {"mean": -2.316066955717424, "min": -11.565277939507993, "max": 0.7810455920262126}, "64": {"mean": -3.374068967869028, "min": -11.203894778441901, "max": 0.7751445770950667}, "65": {"mean": -2.7693335715970915, "min": -11.853009763135933, "max": 0.7751106569974087}, "66": {"mean": -2.1477162254039803, "min": -11.208162883741307, "max": 0.7787903920622304}, "67": {"mean": -3.932155097330977, "min": -11.257030285548156, "max": 0.7719711837848031}, "68": {"mean": -5.065266983480306, "min": -11.210265036760521, "max": 0.7696444558255174}, "69": {"mean": -4.578740629284615, "min": -11.224733194562713, "max": 0.7782970573998836}, "70": {"mean": -5.315278771977566, "min": -11.754632598278741, "max": 0.761234735196659}, "71": {"mean": -2.7461549349146233, "min": -11.214475348837686, "max": 0.7737656933830254}, "72": {"mean": -2.312199596933925, "min": -11.221556502654074, "max": 0.7811469894403215}, "73": {"mean": -2.563257664773749, "min": -11.540185574485196, "max": 0.778415338607597}, "74": {"mean": -7.652538735314879, "min": -11.895105213235668, "max": 0.7661387724749409}, "75": {"mean": -4.517629650526791, "min": -11.265856058729016, "max": 0.7820470665640068}, "76": {"mean": -5.786006487316233, "min": -11.592128294588651, "max": 0.7673831815370129}, "77": {"mean": -2.2586464631261225, "min": -11.495711375880752, "max": 0.7877475211015327}, "78": {"mean": -3.456158853314925, "min": -11.812572701476542, "max": 0.7930459235449016}, "79": {"mean": -3.9888285035138873, "min": -11.853555597444073, "max": 0.7687850330072259}, "80": {"mean": -5.169078019031179, "min": -11.397552485879539, "max": 0.7943623961715315}, "81": {"mean": -2.308154506643893, "min": -11.202302046639776, "max": 0.7871039993357367}, "82": {"mean": -4.081982463486422, "min": -11.770784596867202, "max": 0.7827743656600585}, "83": {"mean": -3.897029309170031, "min": -11.212232618828327, "max": 0.7845470192910368}, "84": {"mean": -5.792241040191771, "min": -11.210348450983359, "max": 0.7722049022564713}, "85": {"mean": -2.9086077899389675, "min": -11.20179019622236, "max": 0.7843960295029828}, "86": {"mean": -4.685710525450609, "min": -12.24135187892569, "max": 0.7690747814075125}, "87": {"mean": -4.014163031972011,