{"0": {"mean": -11.165039661535298, "min": -11.870818390530347, "max": -10.73274099645472}, "1": {"mean": -11.170390161376094, "min": -11.954200065067845, "max": -10.72504981806272}, "2": {"mean": -10.853014291298054, "min": -11.69909617636334, "max": -10.687328311874655}, "3": {"mean": -10.756935769469296, "min": -11.16744508538004, "max": -10.686504512387515}, "4": {"mean": -10.707218412469166, "min": -10.816305794715262, "max": -10.686701131564192}}