{"0": {"mean": -10.596922395911324, "min": -11.931980625723426, "max": -6.099635629182086}, "1": {"mean": -10.889089095337349, "min": -11.851109607802703, "max": -6.469088744980389}, "2": {"mean": -8.757906369982557, "min": -11.11804872909418, "max": -6.46705844658924}, "3": {"mean": -9.191019201845267, "min": -11.166116158343295, "max": -6.462447279384626}, "4": {"mean": -8.758489759421185, "min": -11.159981810174882, "max": -6.46791036692596}, "5": {"mean": -8.766915914984317, "min": -11.164465451349878, "max": -6.461450610931884}, "6": {"mean": -8.604099932629136, "min": -11.817156645951854, "max": -6.458996359667727}, "7": {"mean": -9.092753449966283, "min": -12.315403546776249, "max": -6.458846683611998}, "8": {"mean": -8.938576087027819, "min": -11.069986873170299, "max": -6.419242102377879}, "9": {"mean": -7.992481550004435, "min": -11.027793880634942, "max": -6.417881136270117}, "10": {"mean": -8.219542908453585, "min": -11.861567856388229, "max": -1.1415690885668597}, "11": {"mean": -4.9015075817360785, "min": -11.041397740440505, "max": -1.0124444814945428}, "12": {"mean": -2.1435417495514266, "min": -12.01374671491719, "max": -0.9944218252243768}, "13": {"mean": -1.6574002793755622, "min": -10.405668614830946, "max": -0.8908946429647842}, "14": {"mean": -1.2069492909214918, "min": -1.540448371215543, "max": -0.8652562203894315}, "15": {"mean": -1.2053053651082517, "min": -1.5277401787284575, "max": -0.8837485284571556}, "16": {"mean": -1.686804215752997, "min": -11.865348352401028, "max": -0.8627196691831646}, "17": {"mean": -1.2272047671519082, "min": -1.5303823574045765, "max": -0.8664720247202508}, "18": {"mean": -1.3305709574938476, "min": -3.791495029713161, "max": -0.8567063815965096}, "19": {"mean": -1.6750597818125978, "min": -9.263041039854977, "max": -0.8226846217282584}, "20": {"mean": -1.7556836708897194, "min": -11.270816439814132, "max": -0.8857899289890534}, "21": {"mean": -1.1329143895662295, "min": -1.5439450740038696, "max": -0.7461637710008568}}