{"0": {"mean": -11.753562207168356, "min": -11.874642182658613, "max": -11.66341852275394}, "1": {"mean": -11.58320605518447, "min": -11.68291134700471, "max": -11.013552597452264}, "2": {"mean": -11.231220734994098, "min": -11.758357784889576, "max": -10.801339549019808}, "3": {"mean": -10.495246654957866, "min": -12.010596690409631, "max": -5.3234039712651136}, "4": {"mean": -9.406567737724, "min": -11.842311869226016, "max": -5.36132171841563}, "5": {"mean": -5.385803628886161, "min": -5.828239321227312, "max": -5.031435701284832}, "6": {"mean": -5.139876229855436, "min": -5.360933124458044, "max": -4.791815744395951}, "7": {"mean": -5.78599191399575, "min": -10.90029883424379, "max": -4.066029623955243}, "8": {"mean": -4.985889702974236, "min": -11.887336685805776, "max": -3.8615244148560888}, "9": {"mean": -4.77203405487971, "min": -11.513923715729069, "max": -3.8063087760517114}, "10": {"mean": -4.450421612602392, "min": -10.363884404831934, "max": -3.00757909361116}, "11": {"mean": -6.410828546840892, "min": -11.567318996595855, "max": -2.2985136550397263}, "12": {"mean": -8.728014367679517, "min": -10.803710435178294, "max": -2.036944576989671}, "13": {"mean": -3.870542083402772, "min": -10.57406405396002, "max": -1.822557365211489}, "14": {"mean": -6.35742007045397, "min": -10.953209738760092, "max": -1.839098054319399}, "15": {"mean": -1.9327844495701558, "min": -2.8115530701794196, "max": -1.3063434463317694}, "16": {"mean": -3.63484607361532, "min": -11.12332030686203, "max": -1.3064995079478032}, "17": {"mean": -1.502209231911269, "min": -1.7182207021629932, "max": -1.2878259279832005}, "18": {"mean": -1.6475181470849307, "min": -2.2698147777781017, "max": -1.2959708615148509}, "19": {"mean": -3.2437654589224536, "min": -10.361838183857767, "max": -1.2905975816129938}, "20": {"mean": -2.4340529817354404, "min": -10.273028594763913, "max": -1.4640146301631127}, "21": {"mean": -4.31055725667645, "min": -11.242479057692208, "max": -1.4312104827732477}, "22": {"mean": -3.302354952497911, "min": -10.767794075680033, "max": -1.0794803248255305}, "23": {"mean": -2.5210184638939053, "min": -10.512597301915525, "max": -1.4840743325537697}, "24": {"mean": -2.3520651370035894, "min": -10.414963797455735, "max": -0.859506202688765}, "25": {"mean": -4.658379596953209, "min": -11.090843391581892, "max": -0.6650378064191704}, "26": {"mean": -4.027849982582394, "min": -11.753434717704573, "max": -0.35582585738135974}, "27": {"mean": -2.8378584667535605, "min": -11.774429620583497, "max": -0.3268350906389585}, "28": {"mean": -3.6347037364451387, "min": -11.558476136701225, "max": -0.32273220956862964}, "29": {"mean": -4.390311189976202, "min": -10.998566285066262, "max": -0.2993831519805055}, "30": {"mean": -3.2340449719247717, "min": -10.291429680815725, "max": -0.3001446850061562}, "31": {"mean": -0.7187541431196426, "min": -2.7606892311248203, "max": 0.1267487160415566}, "32": {"mean": -3.6647657044180213, "min": -10.64330747178175, "max": -0.3001001119941509}, "33": {"mean": -1.5471059917264123, "min": -9.807474995089748, "max": -0.29422629161974584}, "34": {"mean": -1.639158940791739, "min": -11.116769775265432, "max": 0.09290520507432459}, "35": {"mean": -2.486525015345306, "min": -10.396605605751205, "max": -0.034394364183101024}, "36": {"mean": -1.2890080456805992, "min": -11.535479319980407, "max": 0.09735001564881446}, "37": {"mean": -2.6445179940564443, "min": -11.312533077797099, "max": -0.005960279030817422}, "38": {"mean": -2.6341938428678455, "min": -11.397265484409107, "max": 0.10956602814742644}, "39": {"mean": 0.004971441130155352, "min": -1.5785777846925502, "max": 0.2531659453531918}, "40": {"mean": -3.5038541994786625, "min": -11.580452177208969, "max": 0.2550669693559819}, "41": {"mean": -2.5169323693829453, "min": -11.373716850771736, "max": 0.27653598265223667}, "42": {"mean": -2.4029529762410697, "min": -10.214311606424019, "max": 0.2553716698046914}, "43": {"mean": -0.946825370806291, "min": -9.655157659638649, "max": 0.2620584166086271}, "44": {"mean": -2.293033520818826, "min": -10.667107607605187, "max": 0.21120270224784504}, "45": {"mean": -0.25117595259425474, "min": -3.0569461044520914, "max": 0.11778991565301888}, "46": {"mean": -2.1068577313767873, "min": -11.505690182380084, "max": 0.24360770307003904}, "47": {"mean": -1.1317181446928335, "min": -10.233208030556751, "max": 0.2576073858761863}, "48": {"mean": -2.578230581592923, "min": -11.497825855525575, "max": 0.23145918855781328}, "49": {"mean": -2.81961559351627, "min": -11.525150240990005, "max": 0.4445678696406199}, "50": {"mean": -3.7908379172961917, "min": -11.269837334889758, "max": 0.48226701706838376}, "51": {"mean": -0.6348543176856973, "min": -0.981497614693615, "max": 0.4474967603359745}, "52": {"mean": -4.361095869457668, "min": -11.437571345219748, "max": -0.5283482773261146}, "53": {"mean": -2.6286697003580537, "min": -11.83339901015441, "max": 0.44845176425435285}, "54": {"mean": -2.5762743304057514, "min": -10.698378474640972, "max": -0.5071626766841277}, "55": {"mean": -1.8637806705235636, "min": -9.26631442543005, "max": 0.3146254917712551}, "56": {"mean": -2.961246324982621, "min": -11.163242697792526, "max": 0.33201069547448375}, "57": {"mean": -3.567464164977893, "min": -11.327688424650464, "max": 0.3158339196169296}, "58": {"mean": -3.8703289927544082, "min": -11.969036970299149, "max": -0.5352282706696591}, "59": {"mean": -1.7986684189295719, "min": -11.461585148885886, "max": -0.5413732898094431}, "60": {"mean": -3.536885854866058, "min": -11.238345379542062, "max": 0.3803392170977952}, "61": {"mean": -3.537065887093001, "min": -11.523289260748687, "max": -0.5561864468998735}, "62": {"mean": -4.892650869663877, "min": -11.515219577558323, "max": 0.3743959891330828}, "63": {"mean": -0.5815528691135416, "min": -2.9650324157450156, "max": 0.3671980960569305}, "64": {"mean": -2.315809739944233, "min": -11.385523268172358, "max": 0.38618156174523577}, "65": {"mean": -3.406976793184016, "min": -11.61468803470059, "max": 0.48996911166373075}, "66": {"mean": -1.368807453339528, "min": -12.056490387311449, "max": 0.42056584453042156}, "67": {"mean": -6.035014742118909, "min": -12.079045262992846, "max": 0.36807175850584106}, "68": {"mean": -3.284486333548961, "min": -11.412924648697839, "max": 0.37912237469385507}, "69": {"mean": -3.389386249118872, "min": -11.691114314545473, "max": 0.4158526809077886}, "70": {"mean": -3.356105664516849, "min": -11.940397138383963, "max": 0.43071216971177684}, "71": {"mean": 0.38855480209147897, "min": 0.36520344481918826, "max": 0.4451945018678955}, "72": {"mean": -4.308360052900446, "min": -12.029706867128905, "max": 0.3864392674040101}, "73": {"mean": -3.6367565176078274, "min": -11.480606477942992, "max": 0.39320688229457795}, "74": {"mean": -3.4125122122719302, "min": -12.09415392688186, "max": 0.4442990184828919}, "75": {"mean": -1.577257172204895, "min": -11.376567205720622, "max": 0.46810347853226536}, "76": {"mean": -4.189020862530903, "min": -11.400514575018247, "max": 0.5429487898349058}, "77": {"mean": -2.152202289430535, "min": -11.847703914841011, "max": 0.7008705776355274}, "78": {"mean": -0.029120401969877762, "min": -1.961742931194806, "max": 0.5374360357460033}, "79": {"mean": -1.4270354493832795, "min": -10.750044530228548, "max": 0.5311031049471984}, "80": {"mean": -2.285583886819645, "min": -10.450022308982991, "max": 0.5434873373736901}, "81": {"mean": -3.2183177399380924, "min": -11.829872396158505, "max": 0.7534912702464294}, "82": {"mean": -5.921584460455927, "min": -11.547200736858768, "max": 0.5800516057186822}, "83": {"mean": -0.16109428384894145, "min": -1.1879759156253296, "max": 0.6337264187639206}, "84": {"mean": -4.482706394827447, "min": -11.938261048140872, "max": 0.5780327239431626}, "85": {"mean": -5.732532299232615, "min": -11.946172688616336, "max": 0.6005406029664814}, "86": {"mean": -2.79066181566466, "min": -11.374083834929017, "max": 0.6421816076776835},