{"0": {"mean": -112.45312544011011, "min": -119.36147004581987, "max": -62.31048975772205}, "1": {"mean": -113.51314964457853, "min": -119.10766630682846, "max": -104.43270613195871}, "2": {"mean": -111.46158213338545, "min": -120.61720105853925, "max": -26.006302952608014}, "3": {"mean": -112.31164696964017, "min": -120.93852857010191, "max": -105.63899638603131}, "4": {"mean": -110.52190524727422, "min": -121.84085469070513, "max": -79.908650929823}, "5": {"mean": -111.19184086547348, "min": -121.00788918869321, "max": -102.58127913748574}, "6": {"mean": -109.9805693146435, "min": -120.55954322506798, "max": -56.627088171814805}, "7": {"mean": -111.82840594208024, "min": -124.7087132532373, "max": -102.59048433558375}, "8": {"mean": -111.6176263577091, "min": -120.6817143688593, "max": -101.69986337299738}, "9": {"mean": -110.48871160046305, "min": -119.2488195849744, "max": -62.22457384951888}, "10": {"mean": -110.76707492121803, "min": -121.39425473404489, "max": -48.981309728762476}, "11": {"mean": -108.22937525838118, "min": -125.0807574089487, "max": -24.568633973991574}, "12": {"mean": -108.14216034191656, "min": -119.68760110939914, "max": -35.183793557484535}, "13": {"mean": -109.93703503541933, "min": -124.38523840203386, "max": -43.68167211130323}, "14": {"mean": -108.56524349126825, "min": -121.3860122733172, "max": -44.064307389258026}, "15": {"mean": -107.9520993391159, "min": -121.68521675805624, "max": -44.01925814956602}, "16": {"mean": -107.21141992135591, "min": -121.93889363660973, "max": -35.42430200293616}, "17": {"mean": -106.77326145916157, "min": -122.55037423606029, "max": -45.56597302606477}, "18": {"mean": -108.33222568475254, "min": -123.08185075253868, "max": -44.39539246764782}, "19": {"mean": -105.03309918280554, "min": -122.15126874187732, "max": -33.51737118984356}, "20": {"mean": -107.2396007025244, "min": -123.52485911200702, "max": -34.23036892344631}, "21": {"mean": -106.54216155256421, "min": -121.89828350760416, "max": -33.580331261615676}, "22": {"mean": -107.62195753416056, "min": -120.09360078295009, "max": -58.732783684030416}, "23": {"mean": -104.71015898733134, "min": -120.74381145370481, "max": -24.944527562532024}, "24": {"mean": -105.62812399572722, "min": -116.68422423505045, "max": -51.64967652681088}, "25": {"mean": -102.52121132278263, "min": -119.57651344930629, "max": -18.22823191061446}, "26": {"mean": -104.47392628116694, "min": -119.81352363228487, "max": -9.00149294957205}, "27": {"mean": -105.88569687803577, "min": -123.65830328139089, "max": -21.971094509129586}, "28": {"mean": -96.86492065403621, "min": -119.87172742850706, "max": -2.6128041100792405}, "29": {"mean": -103.30767917731522, "min": -119.8436571066361, "max": -7.917712114138884}, "30": {"mean": -102.9714933817995, "min": -119.86732634062321, "max": -3.401776358350733}, "31": {"mean": -100.2622886598179, "min": -120.0925413995519, "max": -3.14343625240937}, "32": {"mean": -99.39763359229165, "min": -118.50434363535794, "max": -0.28963423330213023}, "33": {"mean": -101.47682246344337, "min": -123.12398117934215, "max": -0.2466599101754656}, "34": {"mean": -100.52912036268818, "min": -123.06454749700418, "max": -0.4299654335772678}, "35": {"mean": -105.05746439294786, "min": -119.42578931411006, "max": -3.3394308576764233}, "36": {"mean": -107.74597674947034, "min": -117.32448828978394, "max": -99.49125614816117}, "37": {"mean": -96.63263159183192, "min": -121.8548733194018, "max": -5.00248055493112}, "38": {"mean": -103.49424303622119, "min": -121.7198452723334, "max": -28.955381340622605}, "39": {"mean": -104.48851411038422, "min": -119.55705125357231, "max": -28.585148406053563}, "40": {"mean": -106.8386041156622, "min": -120.02303677161457, "max": -22.761866836531382}, "41": {"mean": -100.93928800915518, "min": -116.76142150035093, "max": -15.486285545676909}, "42": {"mean": -104.76120302993753, "min": -119.16492990502041, "max": -23.373072965347042}, "43": {"mean": -101.66957978656066, "min": -120.05550717525489, "max": -6.060545852358687}, "44": {"mean": -99.58174247861338, "min": -120.16809332574184, "max": -6.076443280790369}, "45": {"mean": -103.49114075649153, "min": -116.65742529161997, "max": -6.067484154747233}, "46": {"mean": -105.61742871744107, "min": -119.80229633754564, "max": -23.041405342889334}, "47": {"mean": -105.78556465979318, "min": -125.81380178837914, "max": -22.89000400853763}, "48": {"mean": -104.60486957596639, "min": -119.71355144908838, "max": -9.897021017743729}, "49": {"mean": -106.96378215378411, "min": -120.10664719306412, "max": -22.696925977344016}, "50": {"mean": -104.69875207792248, "min": -123.00868473339122, "max": -23.236981280880748}, "51": {"mean": -103.44863085502216, "min": -118.9335701811456, "max": -23.114169309591055}, "52": {"mean": -103.28809733562075, "min": -120.67142890724709, "max": -21.089272836465238}, "53": {"mean": -101.28630769881461, "min": -123.72958918099314, "max": -21.327580205919634}, "54": {"mean": -103.78107267891546, "min": -124.5406047144742, "max": -8.78709618683298}, "55": {"mean": -103.78713846186307, "min": -126.58930362780764, "max": -21.061738432208806}, "56": {"mean": -99.33242539377174, "min": -123.05793659340614, "max": -14.816421589436839}, "57": {"mean": -93.5294837448616, "min": -122.0360907465369, "max": -13.531258774735225}, "58": {"mean": -97.66010824652409, "min": -123.81999515553109, "max": -5.63385049332219}, "59": {"mean": -96.18333205676191, "min": -122.22344337247517, "max": -13.179631981563448}, "60": {"mean": -98.86732431315286, "min": -121.79121436640057, "max": -21.0723609301878}, "61": {"mean": -102.14266207049421, "min": -123.90913711924885, "max": -21.020199955685875}, "62": {"mean": -99.28985796720661, "min": -120.18301500696684, "max": -7.763223363800614}, "63": {"mean": -102.44542074751801, "min": -120.35960802068561, "max": -11.108019576616787}, "64": {"mean": -103.23018547099466, "min": -119.63552673528407, "max": -23.4543064190434}, "65": {"mean": -105.35363861307343, "min": -118.37293596393508, "max": -59.99295178644089}, "66": {"mean": -101.46731324942066, "min": -119.53966782164754, "max": -31.08812289347483}, "67": {"mean": -104.84317795025659, "min": -117.84227403507771, "max": -34.7730217053085}, "68": {"mean": -102.85646722239386, "min": -122.98290043705185, "max": -34.715234253478734}, "69": {"mean": -100.24803445684228, "min": -114.30102665482985, "max": -10.912665952726133}, "70": {"mean": -99.0598498089576, "min": -120.15797840945427, "max": -7.475368210554445}, "71": {"mean": -97.15750907087359, "min": -122.7269395757777, "max": -21.12901746451018}, "72": {"mean": -102.73392214609865, "min": -119.45541114773812, "max": -21.45644174164874}, "73": {"mean": -102.27823771740177, "min": -124.56577150095002, "max": -13.7751065466945}, "74": {"mean": -104.93088807676317, "min": -132.11375096946963, "max": -93.74910130004632}, "75": {"mean": -105.17076730313713, "min": -125.0922282320051, "max": -79.53147564005891}, "76": {"mean": -101.6460865369292, "min": -114.94856420441053, "max": -40.548695142395}, "77": {"mean": -104.01522295169312, "min": -117.23430047762456, "max": -24.711567344019812}, "78": {"mean": -97.7805875615838, "min": -114.97984969186015, "max": -12.31520073742885}, "79": {"mean": -101.28880210406014, "min": -129.60596583857526, "max": -13.710833089550743}, "80": {"mean": -98.89762731887798, "min": -112.76773642842949, "max": -13.702734892295474}, "81": {"mean": -102.6912514661304, "min": -130.04315409657647, "max": -27.52376909113797}, "82": {"mean": -100.92434397294319, "min": -129.54798448042376, "max": 4.790686781042243}, "83": {"mean": -10.618662599451294, "min": -119.0314707311218, "max": 5.332419544976309}, "84": {"mean": -5.2651120649000545, "min": -115.70947146961898, "max": 5.305217765841298}, "85": {"mean": -9.172613046775457, "min": -119.2770122193845, "max": 5.990819953070138}, "86": {"mean": -0.15276903618121723, "min": -103.6568360691197, "max": 5.569425330483328},