{"0": {"mean": -112.60044315494801, "min": -120.46442229445714, "max": -106.9167130815871}, "1": {"mean": -112.91303383103606, "min": -128.07142616190265, "max": -64.49029513278475}, "2": {"mean": -107.35459526709069, "min": -123.93844634173065, "max": -31.141345723111804}, "3": {"mean": -102.27292012617767, "min": -121.89924459765292, "max": -29.02146873958131}, "4": {"mean": -104.32841705796038, "min": -121.96698317949784, "max": -23.641158634891173}, "5": {"mean": -104.56087602198653, "min": -120.51787781100472, "max": -1.7470338824835396}, "6": {"mean": -105.37857760515007, "min": -119.8259624685496, "max": -36.68361367884696}, "7": {"mean": -102.25594364788549, "min": -128.50212281799566, "max": -10.146740686599248}, "8": {"mean": -101.44093885968991, "min": -120.9984482690872, "max": -43.10802760127326}, "9": {"mean": -107.90129795745439, "min": -123.10823817296948, "max": -36.95821260590441}, "10": {"mean": -107.05815733148955, "min": -120.29583263886349, "max": -25.30965801316471}, "11": {"mean": -108.98703037647951, "min": -125.61136432378677, "max": -54.35503346107381}, "12": {"mean": -109.17365644319248, "min": -122.7628240506225, "max": -35.18408866744174}, "13": {"mean": -107.18706856291801, "min": -121.76109860501873, "max": -35.176838669172845}, "14": {"mean": -106.81212868788747, "min": -125.70361414493371, "max": -47.4215928566337}, "15": {"mean": -105.5535540421692, "min": -126.04383877909432, "max": -32.551303351994115}, "16": {"mean": -108.40927137197312, "min": -123.13945559038348, "max": -22.410136147533095}, "17": {"mean": -111.7792354539337, "min": -121.98820627763929, "max": -97.68693281454414}, "18": {"mean": -109.5961449382918, "min": -128.22684172043824, "max": -55.68571287604144}, "19": {"mean": -105.44110493972647, "min": -122.32960338569058, "max": -24.55290240728904}, "20": {"mean": -106.33418102866841, "min": -121.38194215126957, "max": -28.31774608190184}, "21": {"mean": -98.48565782070563, "min": -120.87590011809021, "max": -7.988459650250706}, "22": {"mean": -103.4938707116605, "min": -124.77148523576196, "max": -14.31352013489986}, "23": {"mean": -107.88507177576066, "min": -123.53471819332557, "max": -13.65871678876294}, "24": {"mean": -99.70116038521424, "min": -119.53758727745267, "max": -12.002292271902444}, "25": {"mean": -98.18367726593347, "min": -120.33476080897654, "max": -23.546533954267524}, "26": {"mean": -97.19813380381292, "min": -120.45331714788949, "max": -12.34772401934135}, "27": {"mean": -105.17583975816821, "min": -121.3409045866394, "max": -24.533775901859904}, "28": {"mean": -104.47955027334066, "min": -119.83457629110535, "max": 2.3872442393718547}, "29": {"mean": -26.503200116161942, "min": -119.77266710840357, "max": 6.0909377689773185}, "30": {"mean": -18.034617216081095, "min": -120.6864486288103, "max": 7.491225119554286}, "31": {"mean": -35.20653621557268, "min": -126.60588043954786, "max": 7.148923743602192}, "32": {"mean": -42.83290547130882, "min": -118.43973150801017, "max": 8.468631232901787}, "33": {"mean": -23.539902485058246, "min": -116.08699079793723, "max": 6.312189337481065}, "34": {"mean": -29.83450934193183, "min": -119.36660358847452, "max": 9.227887819723414}, "35": {"mean": -21.944723008047422, "min": -120.11097355467058, "max": 7.802917027264769}, "36": {"mean": -43.91337271334009, "min": -120.27996794191301, "max": 7.864401523384663}, "37": {"mean": -28.13388134467279, "min": -119.77527024102021, "max": 8.118598172636528}, "38": {"mean": -34.8873192053919, "min": -118.61433983785014, "max": 7.189490983607757}, "39": {"mean": -22.849829698927802, "min": -120.81880717085988, "max": 6.948999056623884}, "40": {"mean": -34.58750983959945, "min": -119.59588063518045, "max": 6.746514539617707}, "41": {"mean": -19.319083283833287, "min": -116.41997131297121, "max": 7.606971356330754}, "42": {"mean": -30.731014952887932, "min": -128.5844154093065, "max": 7.328661337942047}, "43": {"mean": -26.27140808218237, "min": -117.19373123561607, "max": 10.705751218323503}, "44": {"mean": -24.39174685881954, "min": -124.48564183236779, "max": 12.175995329612551}, "45": {"mean": -27.260872040287158, "min": -118.0093802613901, "max": 9.928868340175631}, "46": {"mean": -29.45671695844021, "min": -113.53805924121173, "max": 10.084831215718788}, "47": {"mean": -20.415600061301276, "min": -119.92930223598573, "max": 10.41820897334651}, "48": {"mean": -13.660772180522057, "min": -118.18050624276505, "max": 15.779252055313442}, "49": {"mean": -25.379932558472465, "min": -118.6549586112553, "max": 17.54926386894231}, "50": {"mean": -25.98529897200175, "min": -116.58905004906188, "max": 8.78650438313732}, "51": {"mean": -18.51210071737789, "min": -119.080639017133, "max": 15.037573211214728}, "52": {"mean": -25.216051556444498, "min": -118.59805594367947, "max": 17.760123924479924}, "53": {"mean": -16.098584743063597, "min": -116.4556241757158, "max": 15.811565182739669}, "54": {"mean": -16.016643319610296, "min": -116.85433026785061, "max": 11.904917225517345}, "55": {"mean": -14.572589117947281, "min": -117.3454667196091, "max": 15.288070507570813}, "56": {"mean": -14.350764492735145, "min": -117.78622872055135, "max": 14.269395550614258}, "57": {"mean": -19.63712890114576, "min": -116.20333709752663, "max": 9.827626866116239}, "58": {"mean": -18.63940351026623, "min": -117.89528742585432, "max": 10.755312673467536}, "59": {"mean": -12.17794234446858, "min": -113.77414759743672, "max": 9.629560667566954}, "60": {"mean": -11.949367011664346, "min": -117.33152762410768, "max": 18.896004171243707}, "61": {"mean": -22.50233853632735, "min": -119.47973143906933, "max": 11.077811579053702}, "62": {"mean": -16.889709130429086, "min": -115.6420946941607, "max": 11.964047082930257}, "63": {"mean": -23.81416987933501, "min": -118.22706149356063, "max": 11.618571696538357}, "64": {"mean": -8.606652216757002, "min": -115.46669300295035, "max": 10.116261439856673}, "65": {"mean": -11.847678309083173, "min": -117.84463520746354, "max": 8.324925823901099}, "66": {"mean": -8.858083215219143, "min": -118.55564458232652, "max": 8.497566454720983}, "67": {"mean": -14.731680681859277, "min": -117.62616536829617, "max": 7.192717140952215}, "68": {"mean": -19.14740511404609, "min": -115.21472240819455, "max": 9.633362768459993}, "69": {"mean": -2.9550097544878353, "min": -114.56350009709473, "max": 11.171533256367479}, "70": {"mean": -9.06597411491503, "min": -114.86480970825565, "max": 7.523481138023709}, "71": {"mean": -30.107887837690097, "min": -118.6444508760532, "max": 7.456252756228431}, "72": {"mean": -12.236477432534768, "min": -119.20521924025905, "max": 7.425144983031501}, "73": {"mean": -21.01820047308236, "min": -118.17770497852699, "max": 7.2584527852878855}, "74": {"mean": -12.27912070812019, "min": -117.98430731161594, "max": 7.590589653504554}, "75": {"mean": -5.0420310344952375, "min": -117.81186569121945, "max": 7.388293500256765}, "76": {"mean": -10.264407728301876, "min": -117.74783112048041, "max": 7.34044540053479}, "77": {"mean": -15.727309254804533, "min": -119.31505937923207, "max": 7.432689765366644}, "78": {"mean": -11.962405246787903, "min": -118.13394033978045, "max": 7.303001821735988}, "79": {"mean": -4.531610579146342, "min": -116.50323188830893, "max": 7.33131673803568}, "80": {"mean": -10.534827523090296, "min": -117.66125290668283, "max": 7.296615326079717}, "81": {"mean": -10.774138209180876, "min": -112.54855144709788, "max": 7.232287765360342}, "82": {"mean": -5.475879831623286, "min": -117.3439650398142, "max": 7.231737396069879}, "83": {"mean": -0.25411953966561596, "min": -117.38913428678121, "max": 7.284912990836848}, "84": {"mean": -8.112760973746433, "min": -116.11459345225639, "max": 7.451304169612552}, "85": {"mean": -4.797320857633037, "min": -111.58735631501993, "max": 7.338897448383522}, "86": {"mean": -12.829739315435154, "min": -111.55826759125257, "max": 7.3759982500024925}, "87": {"mean": -11.102778627150313, "min": -127.38283709301497,