{"0": {"mean": -10.897879092186637, "min": -11.062463617146015, "max": -10.803335847350272}, "1": {"mean": -10.374192960475526, "min": -10.983462000741063, "max": -5.956910849115826}, "2": {"mean": -9.115886279803725, "min": -11.417581862632185, "max": -5.958824048249344}, "3": {"mean": -9.760288016924923, "min": -11.698780901236585, "max": -5.95449012043733}, "4": {"mean": -9.761725164814361, "min": -11.689665373545015, "max": -5.956430544533705}, "5": {"mean": -10.477977188531687, "min": -11.495270542422865, "max": -5.96147591498203}, "6": {"mean": -9.931046171951857, "min": -11.747680748826141, "max": -5.956625730688145}, "7": {"mean": -10.01915448529229, "min": -12.069830077983873, "max": -5.960124069533256}, "8": {"mean": -10.460105835086441, "min": -11.74929117030309, "max": -5.960528649399043}, "9": {"mean": -10.45425483926655, "min": -11.901191547715417, "max": -5.95577021927269}, "10": {"mean": -10.457015199549016, "min": -11.958811898013273, "max": -5.930710596566866}, "11": {"mean": -10.2797441068309, "min": -11.873649923380714, "max": -3.81658863633704}, "12": {"mean": -9.983108587889378, "min": -11.68901254423329, "max": -3.809718613552508}, "13": {"mean": -9.972168888412977, "min": -11.693948334616485, "max": -3.811445367884862}, "14": {"mean": -9.893569977172103, "min": -10.636326644208655, "max": -3.809787637907765}, "15": {"mean": -9.577094305275953, "min": -11.11097322876385, "max": -3.8116425103458456}, "16": {"mean": -9.552114119263319, "min": -10.613462325078995, "max": -3.809615013552552}, "17": {"mean": -10.070871216815767, "min": -11.818817374022988, "max": -3.809937242033193}, "18": {"mean": -10.014282506635181, "min": -11.724801796654488, "max": -3.798887642710848}, "19": {"mean": -9.982405485323195, "min": -11.594822420475943, "max": -3.7982027713592825}, "20": {"mean": -10.230257796780517, "min": -10.773559348937125, "max": -3.797164100562363}, "21": {"mean": -9.901463801391484, "min": -10.984884282553505, "max": -3.799888718869468}, "22": {"mean": -10.286552326480361, "min": -11.37917493201873, "max": -3.800741575485461}, "23": {"mean": -9.890861589219282, "min": -10.780459387220938, "max": -3.7091416355515534}, "24": {"mean": -10.296101648597652, "min": -11.485835243998654, "max": -3.802628915813108}, "25": {"mean": -9.903744914975924, "min": -10.869112068838069, "max": -3.8027073166824796}, "26": {"mean": -9.74572915137701, "min": -12.274762502085666, "max": -3.787826337141671}, "27": {"mean": -9.982308863731136, "min": -11.683612766239794, "max": -3.7991963639025736}, "28": {"mean": -10.281803279071788, "min": -11.362375078088146, "max": -3.7990200445671123}, "29": {"mean": -10.244255857838118, "min": -10.829879897718753, "max": -3.8006252900880555}, "30": {"mean": -9.978082481357912, "min": -11.540113994252248, "max": -3.6589262117504853}, "31": {"mean": -7.529696617061687, "min": -11.780759893380852, "max": -3.652516657659069}, "32": {"mean": -4.794985046396419, "min": -11.623075969121977, "max": -3.6486013724229}, "33": {"mean": -6.516827861417949, "min": -10.979404942241436, "max": -3.647024224529213}, "34": {"mean": -6.206581696821279, "min": -11.454515208053651, "max": -3.648732019272241}, "35": {"mean": -5.489571125689748, "min": -11.60085890818524, "max": -3.6456893442964065}, "36": {"mean": -5.784872893582184, "min": -10.88307805561057, "max": -3.6438440761326096}, "37": {"mean": -6.954348335512508, "min": -11.461404566440855, "max": -3.6453942261160655}, "38": {"mean": -5.385213970619512, "min": -10.58699053975207, "max": -3.6447865450508754}, "39": {"mean": -7.544691008235652, "min": -11.645239692255979, "max": -3.6450730283132566}, "40": {"mean": -7.519395766765984, "min": -11.278577742549407, "max": -3.645090894246884}, "41": {"mean": -6.776451297512935, "min": -10.668869827911506, "max": -3.643827022773071}, "42": {"mean": -7.499483685575095, "min": -10.977531595392213, "max": -3.6452891455841527}, "43": {"mean": -8.182143300534996, "min": -10.871377757121872, "max": -3.646087114217908}, "44": {"mean": -9.670340141564642, "min": -11.73270677163303, "max": -3.65661855867856}, "45": {"mean": -8.9963492760201, "min": -11.56797366398722, "max": -3.650016115693417}, "46": {"mean": -8.541583978915543, "min": -11.37187099175354, "max": -3.646137701914742}, "47": {"mean": -7.809525954344274, "min": -10.607689034878959, "max": -3.6470808402399704}, "48": {"mean": -8.152805311686588, "min": -10.582384021314358, "max": -3.6435283985350226}, "49": {"mean": -9.281968429260294, "min": -11.679282358141368, "max": -3.6540574325846267}, "50": {"mean": -9.189591061517845, "min": -10.587005134155664, "max": -3.643242070679418}, "51": {"mean": -9.943261346667228, "min": -11.33101296991709, "max": -3.6554559360779315}, "52": {"mean": -9.557189345412992, "min": -10.901317395388087, "max": -3.6465149010386178}, "53": {"mean": -9.538680973104901, "min": -10.587167447893322, "max": -3.644394533200149}, "54": {"mean": -9.939782588170909, "min": -11.368162860934401, "max": -3.6471039869428252}, "55": {"mean": -10.009536120899046, "min": -11.749914850692388, "max": -3.650444748398914}, "56": {"mean": -9.88725860740933, "min": -10.654780685393575, "max": -3.6487223272793274}, "57": {"mean": -10.261777708934439, "min": -10.857944816284999, "max": -3.644744556704179}, "58": {"mean": -9.958575730942806, "min": -11.655218506927664, "max": -3.6485916157782348}, "59": {"mean": -9.967762704107964, "min": -11.278249477069142, "max": -3.654758904042886}, "60": {"mean": -9.540091665016297, "min": -10.647273946573709, "max": -3.645289436713342}, "61": {"mean": -9.5875895685487, "min": -11.544630299193349, "max": -3.6435546376104067}, "62": {"mean": -9.899681723029307, "min": -10.789762773803869, "max": -3.655885463799834}, "63": {"mean": -9.886721720259251, "min": -10.623973089970463, "max": -3.64950249816124}, "64": {"mean": -9.539765362895148, "min": -10.658436356246595, "max": -3.6476851455832784}, "65": {"mean": -9.204573942600716, "min": -10.713037601416, "max": -3.6471878932954693}, "66": {"mean": -9.906852983282608, "min": -11.002430392166351, "max": -3.6540887779199056}, "67": {"mean": -8.934787770353884, "min": -11.47274013726944, "max": -3.643105508179643}, "68": {"mean": -9.63794626853431, "min": -11.831922138199396, "max": -3.646857727648875}, "69": {"mean": -10.233624498534208, "min": -10.62589968437447, "max": -3.653735469234063}, "70": {"mean": -9.929786347743095, "min": -11.205260403563765, "max": -3.6554297355938106}, "71": {"mean": -9.273524197771609, "min": -11.564843118848652, "max": -3.6484422859539603}, "72": {"mean": -7.387311341786566, "min": -11.573050931454542, "max": -3.6638935870516427}, "73": {"mean": -6.259097641540139, "min": -11.928575961138433, "max": -3.645321994293423}, "74": {"mean": -3.9978400658173783, "min": -10.560236893908865, "max": -3.6417834203506203}, "75": {"mean": -4.001431020148175, "min": -10.647069444527354, "max": -3.6408899573300806}, "76": {"mean": -4.004227376820376, "min": -10.658950496159246, "max": -3.6463357244464514}, "77": {"mean": -5.058055023294851, "min": -10.874654518634452, "max": -3.640594440804273}, "78": {"mean": -5.811734042310375, "min": -11.662577782021618, "max": -3.642315984025091}, "79": {"mean": -5.134818211021574, "min": -11.48246160899562, "max": -3.6400033162988716}, "80": {"mean": -6.570974096018071, "min": -12.114511392339194, "max": -3.643343958868348}, "81": {"mean": -5.058309435919714, "min": -10.783817170356524, "max": -3.639887910104456}, "82": {"mean": -4.694548843741947, "min": -10.585724679335454, "max": -3.6453093507107397}, "83": {"mean": -5.466036324985825, "min": -11.714883554163823, "max": -3.646686285932197}, "84": {"mean": -4.695158690061069, "min": -10.585776636422487, "max": -3.6459913506746746}, "85": {"mean": -6.520455008065679, "min": -11.882939461134686, "max": -3.6495526721127596}, "86": {"mean": -5.441834457449613, "min": -11.411490641770824, "max": -3.648905910734741}, "87": {"mean": -5.403950435588684, "min": -10.886461588191736,