{"0": {"mean": -10.856390421271437, "min": -11.973734087453254, "max": -5.542862312024201}, "1": {"mean": -10.830155309354948, "min": -11.157181080440493, "max": -10.681296552278303}, "2": {"mean": -8.631466040730151, "min": -12.486510238918726, "max": -4.195349485570367}, "3": {"mean": -10.329147895556877, "min": -11.133104225263807, "max": -6.6884381117967155}, "4": {"mean": -10.102648929996914, "min": -11.108154742206695, "max": -6.688582645377684}, "5": {"mean": -10.11085163944178, "min": -11.12593874882143, "max": -6.6899485622297075}, "6": {"mean": -9.865644720370716, "min": -11.009018951824059, "max": -6.6882433532423144}, "7": {"mean": -10.015943681965032, "min": -11.01700416970346, "max": -6.690637272343449}, "8": {"mean": -10.294580640503066, "min": -11.009458402150434, "max": -6.688450670565225}, "9": {"mean": -10.47699751176816, "min": -11.094905787437037, "max": -6.693201533274769}, "10": {"mean": -10.933044098955998, "min": -11.195461188396997, "max": -10.7524881721396}, "11": {"mean": -10.82033553182887, "min": -11.007065426309095, "max": -10.72444572490609}, "12": {"mean": -10.756416097101482, "min": -10.88154156303114, "max": -10.702566540725156}, "13": {"mean": -10.751146917221853, "min": -10.855821618553747, "max": -10.597967130185353}, "14": {"mean": -10.78089580540573, "min": -11.455728694790354, "max": -10.390167637360593}, "15": {"mean": -10.750266828113716, "min": -10.799677767280302, "max": -10.696967612244997}, "16": {"mean": -10.74345477410081, "min": -10.789356332001525, "max": -10.701180037193062}, "17": {"mean": -10.735059332071796, "min": -10.787171892783604, "max": -10.609496974941344}, "18": {"mean": -10.712801022252815, "min": -10.786287494760938, "max": -10.50187709053047}, "19": {"mean": -10.402386303532072, "min": -10.784017326933457, "max": -4.8166433684870045}, "20": {"mean": -7.6892786901709185, "min": -10.776440919170218, "max": -3.8125364518078952}, "21": {"mean": -3.9468848025366716, "min": -4.487043410281887, "max": -3.4708129896501743}, "22": {"mean": -4.242251875057126, "min": -4.541763000607317, "max": -3.8016429151607256}, "23": {"mean": -4.305897097388608, "min": -10.823402840782252, "max": -2.423533714580794}, "24": {"mean": -4.243875366236082, "min": -10.64143734976354, "max": -3.2958199501945056}, "25": {"mean": -3.9170795255889255, "min": -5.222265727102467, "max": -3.2957071577801607}, "26": {"mean": -3.955787956113621, "min": -4.52253883943083, "max": -3.30276656734744}, "27": {"mean": -3.8948525625430435, "min": -4.505246574998336, "max": -3.448878998457698}, "28": {"mean": -3.9198625799863733, "min": -5.498068214754654, "max": -3.2952779536451327}, "29": {"mean": -4.225467684738361, "min": -12.472025577763963, "max": -3.2956707109227934}, "30": {"mean": -4.1836798679733835, "min": -9.59044006435371, "max": -3.2953079987767557}, "31": {"mean": -3.8132762376875404, "min": -4.493343814417334, "max": -3.3028895192297605}, "32": {"mean": -4.44628265304714, "min": -12.16688807571335, "max": -3.767045179572308}, "33": {"mean": -4.107867908979228, "min": -4.537866393586591, "max": -3.8292302113303847}, "34": {"mean": -4.013859130092579, "min": -4.531468777153925, "max": -2.312891905185851}, "35": {"mean": -3.127666662428179, "min": -4.533713294383112, "max": -2.3102819102335963}, "36": {"mean": -3.576906765417534, "min": -11.355315171883255, "max": -2.305541182080588}, "37": {"mean": -3.1932123872857785, "min": -11.382646727060294, "max": -2.307271956125747}, "38": {"mean": -2.329722610461852, "min": -2.3446272442201828, "max": -2.304707057974028}, "39": {"mean": -2.3312454137488547, "min": -2.3649506249894046, "max": -2.2921649880015647}, "40": {"mean": -3.092559266507566, "min": -10.457096663843338, "max": -2.2841299011012155}, "41": {"mean": -5.424541125727883, "min": -10.007677034975327, "max": -0.7690433639417988}, "42": {"mean": -7.036236592013236, "min": -9.869020987137747, "max": 0.5444405037812878}, "43": {"mean": -5.862888521344091, "min": -11.972702267100315, "max": 0.3889579345771221}, "44": {"mean": -5.577282226632002, "min": -11.33991453132407, "max": 1.1974146410022193}, "45": {"mean": -8.179394647037181, "min": -11.516672225224728, "max": 0.6494729457218019}, "46": {"mean": -9.953598368133548, "min": -11.391489783267136, "max": 0.5933652659281201}, "47": {"mean": -9.146808580919924, "min": -11.385064637142895, "max": 0.5424103823880564}, "48": {"mean": -9.152250696684236, "min": -11.362133515036152, "max": 0.4730225650698017}, "49": {"mean": -9.56154764039935, "min": -11.358119919293372, "max": 0.5905994034347566}, "50": {"mean": -10.544829397209893, "min": -11.53324669550725, "max": -0.8753096666940535}, "51": {"mean": -9.399683889742278, "min": -11.375405550525233, "max": 0.2394998004792978}, "52": {"mean": -8.29051508319112, "min": -11.39018921451548, "max": 0.0243169086123503}, "53": {"mean": -9.693055462023292, "min": -11.357921523899732, "max": 0.2588330166446673}, "54": {"mean": -10.309356691363025, "min": -11.39328795182517, "max": -0.8643782766021301}, "55": {"mean": -11.116328959014133, "min": -11.392656394015562, "max": -9.874258819659914}, "56": {"mean": -10.859860027900249, "min": -11.348201881637324, "max": -9.345783191278745}, "57": {"mean": -9.369012556777397, "min": -11.447771304599886, "max": 0.7092419134179259}, "58": {"mean": -8.626773964768283, "min": -11.384291794774631, "max": -0.3727285752277223}, "59": {"mean": -8.997575532009666, "min": -11.362515054105167, "max": 0.1628412936025196}, "60": {"mean": -10.287029739684987, "min": -11.35261071916948, "max": -0.4317039671202077}, "61": {"mean": -10.300315314157022, "min": -11.363685904995759, "max": -0.9388217436283257}, "62": {"mean": -10.041892803033484, "min": -11.379748738236314, "max": -0.31148265008077203}, "63": {"mean": -9.044828732733063, "min": -11.36781435911783, "max": 0.19008127780197465}, "64": {"mean": -10.086528674551388, "min": -11.39219174173099, "max": 0.19258240356032902}, "65": {"mean": -9.737960294830765, "min": -11.37335965753263, "max": -0.14163290256607936}, "66": {"mean": -10.303984691211111, "min": -11.356088144526586, "max": -0.863484743673283}, "67": {"mean": -10.516130858794865, "min": -12.386870028800027, "max": 0.17550458314246076}, "68": {"mean": -9.897447704707947, "min": -11.381221419490458, "max": -0.5103568225695528}, "69": {"mean": -9.454366039754694, "min": -11.397757988978528, "max": -0.4391308974075043}, "70": {"mean": -9.371530989374433, "min": -11.359169089917948, "max": 0.5574427341742898}, "71": {"mean": -7.474069228064944, "min": -11.672498803824897, "max": 0.45363053445914436}, "72": {"mean": -1.3338116348907778, "min": -11.373322802594496, "max": 0.5603143157711551}, "73": {"mean": -1.5530084366346002, "min": -12.477291150971315, "max": 0.4724699140952711}, "74": {"mean": -0.9538792629854967, "min": -11.63510338466612, "max": 0.49868908038955473}, "75": {"mean": -1.1386061656147803, "min": -11.798152953912723, "max": 0.5650550896238817}, "76": {"mean": -0.8742817258152993, "min": -11.219333459630445, "max": 0.5200849388225945}, "77": {"mean": -1.0786052012151817, "min": -12.787478136988822, "max": 0.5732165501276658}, "78": {"mean": -3.305931035241369, "min": -12.593525134074728, "max": 0.7294774796411462}, "79": {"mean": -0.8321440642811583, "min": -12.490263808844556, "max": 0.7487095721671759}, "80": {"mean": -0.8067294536024614, "min": -11.234724511383714, "max": 0.7591956993960203}, "81": {"mean": -0.17167370684200706, "min": -12.135272408576743, "max": 0.7654330849234784}, "82": {"mean": 0.47903467787538184, "min": -0.26605472645144634, "max": 0.7508701691224177}, "83": {"mean": -0.5728047315719886, "min": -11.184471908115883, "max": 0.74534349043394}, "84": {"mean": 0.004969118852585464, "min": -9.18539510089634, "max": 0.7534796750570757}, "85": {"mean": -0.2830042251706651, "min": -12.15539195417086, "max": 0.7613631737404797}, "86": {"mean": -0.730221737512777, "min": -11.531975887948361, "max": 0.7579833949851312}, "87": {"mean": -1.1118509237927747,