{"0": {"mean": -9.16456785587025, "min": -11.02800477094315, "max": -4.503942072528507}, "1": {"mean": -9.987678893668635, "min": -11.87276618652263, "max": -4.506590651060327}, "2": {"mean": -6.449384506971827, "min": -11.494735793731046, "max": -4.493431785882991}, "3": {"mean": -10.285920300902069, "min": -11.828992355492836, "max": -4.502310181014764}, "4": {"mean": -8.599571630670562, "min": -11.50060067975279, "max": -4.502906345017729}, "5": {"mean": -8.816073721076446, "min": -10.690371896605939, "max": -4.477843669430444}, "6": {"mean": -5.760226712760281, "min": -10.847225380391635, "max": -4.50042336536908}, "7": {"mean": -10.232589463080698, "min": -11.68304282646774, "max": -4.503077811757199}, "8": {"mean": -6.468939024089205, "min": -11.670230405791187, "max": -4.503897160782591}, "9": {"mean": -10.285777661682323, "min": -11.88851571811003, "max": -4.504899373881334}, "10": {"mean": -7.922592405218511, "min": -11.957630127654474, "max": -4.501927748473706}, "11": {"mean": -9.603558997498586, "min": -11.71781156703188, "max": -4.538093239580669}, "12": {"mean": -8.309216827172929, "min": -11.195986552218907, "max": -4.503805234686782}, "13": {"mean": -10.683242164787108, "min": -10.777888785965445, "max": -10.645088934162029}, "14": {"mean": -6.81258352131438, "min": -11.677117840665392, "max": -2.2663096902243973}, "15": {"mean": -9.558957595748945, "min": -10.596420421080417, "max": -1.6359387976842954}, "16": {"mean": -6.0462989823303985, "min": -10.779284171755146, "max": -1.6654887977570478}, "17": {"mean": -10.475218998082, "min": -10.605774338779721, "max": -10.345259605849773}, "18": {"mean": -6.020227197556975, "min": -10.433480961715976, "max": -1.6455916636015386}, "19": {"mean": -10.354531362297204, "min": -10.373415743131654, "max": -10.33093762271014}, "20": {"mean": -5.151365086116442, "min": -10.579628268988072, "max": -1.5223253754832948}, "21": {"mean": -10.47946896120298, "min": -11.620720931673823, "max": -10.342709828881159}, "22": {"mean": -9.623272137537134, "min": -11.517426835342647, "max": -1.650057631474587}, "23": {"mean": -10.04907483907724, "min": -10.452873001116174, "max": -9.653026450249083}}