{"0": {"mean": -10.646083492853837, "min": -12.231806382764939, "max": -2.8109624875506256}, "1": {"mean": -10.458555729865674, "min": -11.987763053478735, "max": -2.812938117233833}, "2": {"mean": -4.963096532290921, "min": -11.344260387421896, "max": -2.810579641298539}, "3": {"mean": -4.459323545971545, "min": -11.381234096243109, "max": -2.8095008930395604}, "4": {"mean": -2.825729173007245, "min": -3.0005945660940276, "max": -2.658738319106015}, "5": {"mean": -4.110271799393431, "min": -11.780894533901531, "max": -2.660811880181588}, "6": {"mean": -4.4346462002858775, "min": -11.854395557563317, "max": -2.6180485087918464}, "7": {"mean": -4.4177978145382095, "min": -11.63229297681986, "max": -2.62907037999512}, "8": {"mean": -3.879345180095476, "min": -11.137859025640289, "max": -2.63246346825677}, "9": {"mean": -3.194678555592455, "min": -11.700635363207322, "max": -2.384328890813167}, "10": {"mean": -4.706638351814304, "min": -11.74196790643767, "max": -2.3708097195928186}, "11": {"mean": -4.122911393848184, "min": -11.44481850582293, "max": -2.3697032366004236}, "12": {"mean": -3.309730099501833, "min": -11.956264754122992, "max": -2.361814697563269}, "13": {"mean": -2.8707210082916688, "min": -11.139298021322737, "max": -2.362428015866761}, "14": {"mean": -3.5519677742153553, "min": -10.661776273075553, "max": -2.1794821571009075}, "15": {"mean": -5.323866272988843, "min": -11.396921622209522, "max": -2.161358506329463}, "16": {"mean": -3.0184960352472787, "min": -10.578395889368343, "max": -1.7908408598839123}, "17": {"mean": -5.884924107232474, "min": -11.142229032135456, "max": -1.7916072134254533}}