{"0": {"mean": -113.74605474453067, "min": -119.87658100235899, "max": -107.01157027186018}, "1": {"mean": -111.63629527771775, "min": -120.27882238125864, "max": -61.31986473332667}, "2": {"mean": -112.84131452177826, "min": -119.59681079672029, "max": -107.32851006483598}, "3": {"mean": -105.86017537410855, "min": -119.5547266255046, "max": -33.44948153102784}, "4": {"mean": -111.17914557206744, "min": -121.14476802600424, "max": -59.499326466162714}, "5": {"mean": -112.15699458524824, "min": -119.59839464318505, "max": -60.1877199083298}, "6": {"mean": -111.39409625599131, "min": -119.53087491842112, "max": -106.11793343319744}, "7": {"mean": -112.30914642740801, "min": -119.37716550465859, "max": -61.54985471056019}, "8": {"mean": -113.02808313432655, "min": -119.40443031825994, "max": -57.091900805361966}, "9": {"mean": -109.92253591908847, "min": -121.71868074652491, "max": -61.14829115954767}, "10": {"mean": -113.52090582203016, "min": -121.74936447075257, "max": -105.57882062621974}, "11": {"mean": -112.47709868631232, "min": -119.06485741045141, "max": -70.30700335799027}, "12": {"mean": -111.01713163251661, "min": -118.82302845435093, "max": -45.83911689871976}, "13": {"mean": -111.97665284141836, "min": -121.52840615189758, "max": -58.807509520667665}, "14": {"mean": -113.03000521850956, "min": -120.76967860560492, "max": -105.08059106439724}, "15": {"mean": -112.3985072809576, "min": -123.12385899966706, "max": -94.46631300947551}, "16": {"mean": -110.09238957041421, "min": -120.39019168555427, "max": -42.37601251281172}, "17": {"mean": -107.1066075720104, "min": -123.12651555348033, "max": -42.75417401146455}, "18": {"mean": -108.2658831520298, "min": -122.77095299181482, "max": -41.39864148095661}, "19": {"mean": -110.50623765461518, "min": -124.22746786869504, "max": -42.03247609822641}, "20": {"mean": -110.21909717163213, "min": -120.44127181931896, "max": -41.95500702675974}, "21": {"mean": -110.39545610619193, "min": -120.9896931047508, "max": -39.78349857170239}, "22": {"mean": -110.785861897621, "min": -121.00031191430303, "max": -39.76706852879437}, "23": {"mean": -109.11060956916901, "min": -120.8304107104751, "max": -39.757535939929454}, "24": {"mean": -107.45649391471878, "min": -120.6014402741238, "max": -19.47842486089528}, "25": {"mean": -107.27313302169549, "min": -120.0887214817945, "max": 1.8066989133596119}, "26": {"mean": -16.22372024090142, "min": -112.3973467671076, "max": 3.9513452348288682}, "27": {"mean": -23.498183974364824, "min": -112.81193375160318, "max": 3.875298432196252}, "28": {"mean": -15.383043322020969, "min": -113.39488453488134, "max": 4.034357558324852}, "29": {"mean": -20.023423163712945, "min": -117.89472213493906, "max": 4.04341430089979}, "30": {"mean": -14.81267303150575, "min": -116.99595005726594, "max": 4.607057180933748}, "31": {"mean": -21.225441850927968, "min": -119.1918818082606, "max": 6.12341175122093}, "32": {"mean": -15.93424425658854, "min": -112.69512743732074, "max": 4.976444704583147}, "33": {"mean": -24.539886464827187, "min": -116.06966938012012, "max": 6.331903132835086}, "34": {"mean": -11.832297678778009, "min": -118.4394071723729, "max": 7.133580151660986}, "35": {"mean": -6.1119922792265005, "min": -112.17437905732982, "max": 6.912450758816315}, "36": {"mean": -13.669096227107268, "min": -112.30844898475652, "max": 6.641227721209595}, "37": {"mean": -18.237148352027884, "min": -117.65458217059759, "max": 12.23657867185543}, "38": {"mean": -18.366525627915767, "min": -119.14891960239905, "max": 6.245759977166686}, "39": {"mean": -13.98407547339583, "min": -117.91375552133073, "max": 7.02149544480715}, "40": {"mean": -8.124976006383616, "min": -118.2408870302109, "max": 6.891503803729556}, "41": {"mean": -15.196558619828654, "min": -118.19720952559898, "max": 7.079926118220607}, "42": {"mean": -11.957699784184705, "min": -117.29334979489737, "max": 6.901690164597259}, "43": {"mean": -20.437089697129437, "min": -120.15606367146336, "max": 7.055761347108226}, "44": {"mean": -10.69627466387113, "min": -117.74342380752167, "max": 7.101514376859266}, "45": {"mean": -20.22200473573786, "min": -119.86831306936035, "max": 6.977709277002579}, "46": {"mean": -23.694743085690334, "min": -119.25165143890723, "max": 6.974020424282279}, "47": {"mean": -21.686243286382354, "min": -119.97522332840359, "max": 7.0235631847422715}, "48": {"mean": -11.656721837556534, "min": -120.15978499879755, "max": 7.0295304519097535}, "49": {"mean": -13.727921060541282, "min": -119.52889798117238, "max": 6.908721333186226}, "50": {"mean": -5.221036731420295, "min": -114.86684554036094, "max": 7.017892379565485}, "51": {"mean": -10.809950336914328, "min": -115.12341596267764, "max": 6.943762375910684}, "52": {"mean": -4.3977406314750445, "min": -117.99485292150155, "max": 6.823377107319947}, "53": {"mean": -8.55113362162092, "min": -118.590335721672, "max": 6.965198456560767}, "54": {"mean": -1.5034287997297264, "min": -111.96180382127493, "max": 7.223419412655457}, "55": {"mean": -3.705820621309615, "min": -113.7565014395063, "max": 6.968502468477351}, "56": {"mean": -3.703796635225699, "min": -118.1219093224878, "max": 6.731030201853872}, "57": {"mean": -8.865421965796404, "min": -121.80222186959998, "max": 6.501544496780924}, "58": {"mean": -15.024365997337247, "min": -119.22385294551322, "max": 6.919409919050559}, "59": {"mean": -15.061730239921717, "min": -118.23164945429075, "max": 7.152572809859884}, "60": {"mean": -0.9252693862171284, "min": -115.1768441636827, "max": 7.3358653924788175}, "61": {"mean": -5.621338389594303, "min": -118.9114912613989, "max": 6.866641747893755}, "62": {"mean": -8.239183883994201, "min": -118.20135790915533, "max": 6.991145577447366}, "63": {"mean": -10.431743508430259, "min": -118.98852419402094, "max": 6.7107679194563}, "64": {"mean": -3.912095464379562, "min": -112.70434064938306, "max": 6.726583473404698}, "65": {"mean": -15.291590829941391, "min": -115.22868815893452, "max": 7.258965907526682}, "66": {"mean": -3.969924268318819, "min": -112.51645080698432, "max": 6.799638956714521}, "67": {"mean": -3.338840758748772, "min": -113.60282235728779, "max": 7.436487692526507}, "68": {"mean": -8.402314580945891, "min": -116.86607195006574, "max": 7.176840558301145}, "69": {"mean": -6.252658722930672, "min": -119.45896113541482, "max": 6.797275558604762}, "70": {"mean": 1.0865825714520796, "min": -116.5994648772043, "max": 7.398858621561916}, "71": {"mean": -3.825763665810842, "min": -113.38860167309797, "max": 6.814568661027251}, "72": {"mean": -4.149143867435985, "min": -117.59566143481415, "max": 7.192348212248381}, "73": {"mean": 1.0836966486737947, "min": -118.03190256277801, "max": 6.881356960067716}, "74": {"mean": 4.973583477375257, "min": -23.544738240781495, "max": 6.888194158210312}, "75": {"mean": -1.2447089396599833, "min": -115.1828970032401, "max": 7.225237326879758}, "76": {"mean": -3.5043512702818775, "min": -118.01450268725652, "max": 7.404314705083669}, "77": {"mean": -11.81522369320007, "min": -117.99679103097702, "max": 7.372811205096019}, "78": {"mean": -6.556116612241854, "min": -112.42524138407185, "max": 7.251887843098875}, "79": {"mean": -1.7005868863078877, "min": -119.91737733908082, "max": 7.42185710922553}, "80": {"mean": -8.592370590824935, "min": -118.58830010409578, "max": 7.448512647928776}, "81": {"mean": -15.467093037668047, "min": -118.30970219650514, "max": 6.944848161441921}, "82": {"mean": -11.312259237332023, "min": -118.7287248953928, "max": 7.217445127663242}, "83": {"mean": -15.969047766344154, "min": -118.38922798847393, "max": 7.525333046182804}, "84": {"mean": -13.930270841663004, "min": -118.27208454866272, "max": 6.8538608890680965}, "85": {"mean": -5.721918841495593, "min": -112.76625687104134, "max": 6.961486721307461}, "86": {"mean": -12.879354990686391, "min": -117.62732248412927, "max": 6.975468830486083}, "87": {"mean": -14.771232749587343, "min": -113.60712031641046, "max": 6.821151757844365},