{"0": {"mean": -10.126947128777532, "min": -11.762744976445722, "max": -6.172737072379045}, "1": {"mean": -9.69824999843323, "min": -11.552891152976205, "max": -6.17376001913087}, "2": {"mean": -9.720150993885387, "min": -11.551981479091321, "max": -3.6905105451795475}, "3": {"mean": -8.821675535257105, "min": -10.57452548352629, "max": -3.676865298107577}, "4": {"mean": -10.268449743182469, "min": -12.091925886223155, "max": -3.6898901194629254}, "5": {"mean": -9.513794466663327, "min": -10.61926642700856, "max": -3.676885631917151}, "6": {"mean": -10.21331849612229, "min": -10.746225916844793, "max": -3.688019308517926}, "7": {"mean": -10.19900738110934, "min": -10.601809239189016, "max": -3.689841198218142}, "8": {"mean": -9.212472866707966, "min": -11.322302279740946, "max": -3.6770788487982555}, "9": {"mean": -10.537710863565072, "min": -10.589972380304026, "max": -10.481207469563559}, "10": {"mean": -9.865105627557812, "min": -10.667264276000486, "max": -3.6769086795836445}, "11": {"mean": -9.916569697194559, "min": -11.296545922351628, "max": -3.6898170669414125}, "12": {"mean": -8.493443581230078, "min": -10.674962286469526, "max": -3.6771810873046182}, "13": {"mean": -8.833696482651531, "min": -10.601609377157315, "max": -3.6767908751674607}, "14": {"mean": -9.163961936471239, "min": -10.603313953863767, "max": -3.6770737655411248}, "15": {"mean": -9.1731689079617, "min": -10.67350363188057, "max": -3.676980929719775}, "16": {"mean": -8.227726870835971, "min": -11.868373685638112, "max": -3.688605929806866}, "17": {"mean": -6.830116933149452, "min": -11.767992180607653, "max": -3.6870656290591226}, "18": {"mean": -7.110265363525142, "min": -10.572463213322003, "max": -3.687505465403548}, "19": {"mean": -7.488124852298197, "min": -10.908555559933806, "max": -3.6861062093855286}, "20": {"mean": -6.279411050142731, "min": -10.607474906425676, "max": -1.7538375648182234}, "21": {"mean": -6.9912355884992765, "min": -10.558616070329709, "max": -1.759937615280898}}