{"0": {"mean": -11.443638429880794, "min": -12.067665196618934, "max": -10.831404414740392}, "1": {"mean": -10.841477221598948, "min": -10.906501556020169, "max": -10.777310313592729}, "2": {"mean": -10.814676864126357, "min": -10.88310287611528, "max": -10.78124900276307}, "3": {"mean": -10.83206808605191, "min": -10.891397427011094, "max": -10.789547718895413}, "4": {"mean": -10.864001999412459, "min": -10.913420106023363, "max": -10.78260485662048}, "5": {"mean": -10.917442163070044, "min": -11.574276755250121, "max": -10.791012159540008}, "6": {"mean": -10.852820816959236, "min": -10.947496463072053, "max": -10.7821433701658}, "7": {"mean": -10.856034777577488, "min": -10.90107064416719, "max": -10.7904371840739}, "8": {"mean": -10.928638981966078, "min": -11.68176562267188, "max": -10.814734464182767}, "9": {"mean": -10.835266954084231, "min": -10.893509436829762, "max": -10.79122705011405}, "10": {"mean": -10.890913217092102, "min": -11.357198365897748, "max": -10.77844919953787}, "11": {"mean": -10.827390839177388, "min": -10.896047438696773, "max": -10.78324717746582}, "12": {"mean": -10.827663023994496, "min": -10.87907606602994, "max": -10.781172093387134}, "13": {"mean": -10.822604928245177, "min": -10.87374360988643, "max": -10.783814883121785}, "14": {"mean": -11.011922613536846, "min": -12.057375872574312, "max": -10.792402656595224}, "15": {"mean": -10.841752358296699, "min": -10.872118277328214, "max": -10.784160580916703}, "16": {"mean": -10.821622449366693, "min": -10.91868176750783, "max": -10.728704791748152}, "17": {"mean": -10.768348153421718, "min": -10.889236015573578, "max": -10.63169023993754}, "18": {"mean": -10.75728366840257, "min": -11.53527206687921, "max": -10.603339633399248}, "19": {"mean": -10.885483744209866, "min": -11.546917691779571, "max": -10.522227963550232}, "20": {"mean": -10.634859177089652, "min": -11.38379985404499, "max": -10.47547247377159}, "21": {"mean": -10.805957939658969, "min": -11.954308742538592, "max": -10.527951576513363}, "22": {"mean": -10.525521948979783, "min": -10.561471479823455, "max": -10.49184705903361}, "23": {"mean": -10.548917611633453, "min": -10.584430531050543, "max": -10.51412003837858}, "24": {"mean": -10.524288041734957, "min": -10.586433865745429, "max": -10.470724849475532}}