{"0": {"mean": -10.555531993771565, "min": -12.095530906478814, "max": -6.197971623566013}, "1": {"mean": -9.893688609917621, "min": -12.04526822668047, "max": -6.197812284948135}, "2": {"mean": -9.806133202705325, "min": -12.038784960948552, "max": -6.172245412248308}, "3": {"mean": -10.944030477004835, "min": -11.882643665261318, "max": -6.175285600223913}, "4": {"mean": -10.167561474266869, "min": -11.34817942199347, "max": -2.4315763284313636}, "5": {"mean": -10.62502391465675, "min": -11.945680651412903, "max": -6.866787372660861}, "6": {"mean": -7.841848503609612, "min": -12.879024728102364, "max": -0.6723801755060368}, "7": {"mean": -7.283041624568599, "min": -11.686582178933216, "max": -0.6926474442709509}, "8": {"mean": -8.856858447337084, "min": -11.597761785751327, "max": -0.7273578215537625}, "9": {"mean": -10.003856630874624, "min": -11.578532126091426, "max": 0.45479907351343996}, "10": {"mean": -4.8800480719074235, "min": -12.069445241363237, "max": 0.7000426656733586}, "11": {"mean": 0.0210669059501355, "min": -11.798049541725163, "max": 0.7127318668205227}, "12": {"mean": -0.36114597177280283, "min": -11.487589311177008, "max": 0.7211282436336951}, "13": {"mean": -1.805851266004252, "min": -11.541777754121716, "max": 0.7278271768498096}, "14": {"mean": -1.4275391991830702, "min": -11.93885447669321, "max": 0.7524210091749741}, "15": {"mean": -0.8973022855679785, "min": -11.21265211450951, "max": 0.7690342441561986}, "16": {"mean": -1.2001109482922074, "min": -11.16192751503165, "max": 0.7868531438130887}, "17": {"mean": -4.0005178730962925, "min": -11.880318274565282, "max": 0.8067979841631955}, "18": {"mean": -7.8735904696326635, "min": -11.877767898630276, "max": 0.8144439464047702}, "19": {"mean": -5.607886400731724, "min": -11.92896227281679, "max": 0.8481009104144729}, "20": {"mean": -4.990600353892877, "min": -11.899852827431603, "max": 0.8615471115998011}, "21": {"mean": -2.8533557088643233, "min": -11.955291818325824, "max": 0.861816458889457}, "22": {"mean": -3.998512535832638, "min": -11.956766807122067, "max": 0.8520768272713916}, "23": {"mean": -3.4037085719971714, "min": -11.91266052585654, "max": 0.8489111312440178}, "24": {"mean": -8.873732359442197, "min": -11.832109935686852, "max": 0.83938274981231}, "25": {"mean": -2.557141038121512, "min": -11.924410532453935, "max": 0.8501851946439396}, "26": {"mean": -3.7938137444211435, "min": -11.937482576301162, "max": 0.837858595333488}, "27": {"mean": -1.201188289100565, "min": -11.92374124496309, "max": 0.8455294388914679}, "28": {"mean": -1.8786117898324128, "min": -11.842277497705837, "max": 0.847712830856799}, "29": {"mean": -1.659422340943361, "min": -11.903259253286526, "max": 0.8575361294031011}, "30": {"mean": -3.0895051431068823, "min": -11.924828092165455, "max": 0.8492025047055971}, "31": {"mean": -3.460481804012545, "min": -11.906967291001438, "max": 0.8473485349227005}, "32": {"mean": -3.295486578307894, "min": -12.02322495278543, "max": 0.857722285604592}, "33": {"mean": -4.681739805107067, "min": -11.922036935185737, "max": 0.8492581266188266}, "34": {"mean": -3.3929729014520382, "min": -11.828135926822654, "max": 0.8527344546502007}, "35": {"mean": -4.862812928812686, "min": -11.91686035971251, "max": 0.8396260785474114}, "36": {"mean": -4.679621332915744, "min": -11.911507824161584, "max": 0.853660635370161}, "37": {"mean": -7.792285950097657, "min": -11.911488729369175, "max": 0.8173088378492638}, "38": {"mean": -3.9414476785641694, "min": -12.161013582900548, "max": 0.8253003420435536}, "39": {"mean": -2.9217409361978777, "min": -11.881865029356135, "max": 0.8460141445867286}, "40": {"mean": -3.4275878792614476, "min": -11.878371929190095, "max": 0.8425533247276209}, "41": {"mean": -3.944418653479733, "min": -11.962347719645871, "max": 0.8356390913046444}, "42": {"mean": -0.2430726146026625, "min": -11.83467386392714, "max": 1.6068251921877093}, "43": {"mean": -2.000404780861576, "min": -11.608815369092389, "max": 0.893612320884138}, "44": {"mean": -3.6279980939027157, "min": -11.654556963160825, "max": 1.3091866127044252}, "45": {"mean": -2.584453565473601, "min": -11.879317607968915, "max": 1.729347256943722}, "46": {"mean": -2.4203954722593797, "min": -11.885050755976888, "max": 1.5019254241402737}, "47": {"mean": -5.168128453130447, "min": -11.890052135957172, "max": 2.5398479071322493}, "48": {"mean": -4.679161882025948, "min": -12.253839965779191, "max": 1.6837298502900149}, "49": {"mean": -2.8942782568763414, "min": -11.852797333417742, "max": 3.81872924131336}, "50": {"mean": -5.0570550122786955, "min": -11.977911704842526, "max": 1.7780309693357779}, "51": {"mean": -6.573650216201305, "min": -11.874354567488716, "max": 2.736703105881916}, "52": {"mean": -6.59478049349664, "min": -11.974283518433907, "max": 2.9292242472981678}, "53": {"mean": -7.971686164727097, "min": -12.279452058265782, "max": 2.382356564607539}, "54": {"mean": -5.7449741980950515, "min": -11.853389880443158, "max": 2.266911542213757}, "55": {"mean": -7.8208577319299275, "min": -11.880171791013575, "max": 2.549836638483008}, "56": {"mean": -8.134828631477, "min": -12.229473525812665, "max": 2.462884175804685}, "57": {"mean": -3.1808203488426456, "min": -12.14675839549491, "max": 2.1441807710413077}, "58": {"mean": -3.1923365230032026, "min": -11.90755961955382, "max": 2.579004253859334}, "59": {"mean": -4.268159289648698, "min": -11.93025589720063, "max": 1.9636856802804616}, "60": {"mean": -2.2979395859251044, "min": -11.82620143872509, "max": 3.187745193717894}, "61": {"mean": -4.673317225458118, "min": -11.930153961007171, "max": 1.838010246229407}, "62": {"mean": -2.6322312303518878, "min": -12.354440603241335, "max": 2.6220432442477306}, "63": {"mean": -4.3373085218937515, "min": -11.809325161141278, "max": 1.835075430148854}, "64": {"mean": -4.509434905982889, "min": -11.815933868250887, "max": 3.027156476985161}, "65": {"mean": -3.44089577854781, "min": -11.833630089988098, "max": 2.4828114397373247}, "66": {"mean": -4.87819210682901, "min": -12.161885777504821, "max": 2.925921942861909}, "67": {"mean": -7.0347253317163245, "min": -11.771471876083476, "max": 2.249534809990906}, "68": {"mean": -5.272549674936211, "min": -12.2068054638703, "max": 2.844861388456434}, "69": {"mean": -6.4360099849768355, "min": -11.824377690126887, "max": 2.244689529119395}, "70": {"mean": -6.625392954848222, "min": -12.342140341112355, "max": 1.9426379993190759}, "71": {"mean": -5.866238655677945, "min": -11.771441843293264, "max": 1.9036429722247556}, "72": {"mean": -7.30386376027121, "min": -12.281333340489857, "max": 2.415158351537323}, "73": {"mean": -2.0707333198669122, "min": -12.268756558333681, "max": 3.051653450786484}, "74": {"mean": -2.6215047189467056, "min": -12.318179504472331, "max": 2.5872682141109187}, "75": {"mean": -2.660961257543282, "min": -11.80599630920275, "max": 2.4688350463667565}, "76": {"mean": -2.9639610496251936, "min": -11.802285883612722, "max": 3.1940756101113053}, "77": {"mean": -4.282268381936445, "min": -11.814359069765949, "max": 2.090842989332001}, "78": {"mean": -3.34068559458239, "min": -11.75087872802829, "max": 2.7778404479485315}, "79": {"mean": -3.9619105046354433, "min": -11.83962474254397, "max": 2.0625711263324256}, "80": {"mean": -4.535144340900013, "min": -12.255496553675364, "max": 2.601186639359344}, "81": {"mean": -6.327403064859743, "min": -12.316107443515698, "max": 2.4875343226149136}, "82": {"mean": -6.422413988102619, "min": -11.838430698842494, "max": 1.5984108006321394}, "83": {"mean": -7.21223635586926, "min": -12.29468175496815, "max": 1.8714382213484448}, "84": {"mean": -6.086424877222885, "min": -11.841563725960773, "max": 1.9857008850468147}, "85": {"mean": -7.946357231972651, "min": -12.229003799455336, "max": 2.4643721483957117}, "86": {"mean": -6.428006616336332, "min": -11.986640299937047, "max": 2.181600108554479}, "87": {"mean": -7.623400353837675, "min": -11.970387978326666, "max": 2.8905378384947786},