{"0": {"mean": -11.31884249833127, "min": -11.953904010688017, "max": -10.691595503478712}, "1": {"mean": -8.22592706145801, "min": -11.306317474620107, "max": -3.6580486367936285}, "2": {"mean": -7.228284779166712, "min": -10.811265491118274, "max": -3.6558365163946633}, "3": {"mean": -5.332731188959896, "min": -10.66381287043689, "max": -3.702224354018927}, "4": {"mean": -5.0183178239061235, "min": -10.762799071556906, "max": -2.882720139935426}, "5": {"mean": -3.9753124593415157, "min": -10.437417197494677, "max": -2.829082171069799}, "6": {"mean": -3.682320350217746, "min": -10.397498466904384, "max": -2.791889399846599}, "7": {"mean": -5.1944815108894975, "min": -11.451118149103287, "max": -2.598606639113531}, "8": {"mean": -5.36362226755315, "min": -11.404464830441276, "max": -2.518287341509708}, "9": {"mean": -4.261981030939768, "min": -10.801494760048644, "max": -2.5536454563607736}, "10": {"mean": -4.257850617673165, "min": -10.672072715858157, "max": -2.540976891538119}, "11": {"mean": -4.317938834701027, "min": -10.699978548277475, "max": -1.8497984155566876}, "12": {"mean": -3.859134789018783, "min": -10.849472552020186, "max": -1.344493446526215}, "13": {"mean": -4.375687630618521, "min": -10.80437068088003, "max": -1.2799029515657312}, "14": {"mean": -2.5694678339393633, "min": -11.535522957599598, "max": -1.272187504143894}, "15": {"mean": -2.4611125984591027, "min": -11.638767493788718, "max": -1.2803877026639998}, "16": {"mean": -6.984641660044278, "min": -10.794882844742908, "max": -1.1586712330231947}}