{"0": {"mean": 0.95, "min": 0.8999999999999999, "max": 0.9999999999999999}, "1": {"mean": 0.93, "min": 0.7999999999999999, "max": 1.0999999999999999}, "2": {"mean": 0.9399999999999998, "min": 0.8999999999999999, "max": 0.9999999999999999}, "3": {"mean": 0.9399999999999998, "min": 0.7999999999999999, "max": 0.9999999999999999}, "4": {"mean": 2.4499999999999953, "min": 0.8999999999999999, "max": 15.99999999999996}, "5": {"mean": 4.309999999999998, "min": 0.8999999999999999, "max": 19.300000000000004}, "6": {"mean": 11.54999999999999, "min": 0.7999999999999999, "max": 21.300000000000033}, "7": {"mean": 16.800000000000004, "min": 9.89999999999998, "max": 28.700000000000138}, "8": {"mean": 14.2, "min": 0.8999999999999999, "max": 23.000000000000057}, "9": {"mean": 16.710000000000058, "min": 0.9999999999999999, "max": 50.00000000000044}, "10": {"mean": 25.660000000000178, "min": 0.8999999999999999, "max": 50.00000000000044}, "11": {"mean": 36.99000000000031, "min": 0.7999999999999999, "max": 50.00000000000044}, "12": {"mean": 40.20000000000035, "min": 0.9999999999999999, "max": 50.00000000000044}, "13": {"mean": 23.880000000000184, "min": 0.9999999999999999, "max": 50.00000000000044}, "14": {"mean": 30.440000000000264, "min": 0.8999999999999999, "max": 50.00000000000044}, "15": {"mean": 16.990000000000098, "min": 0.9999999999999999, "max": 50.00000000000044}, "16": {"mean": 30.720000000000265, "min": 0.8999999999999999, "max": 50.00000000000044}}