{"0": {"mean": -11.079618138116423, "min": -11.75675201394384, "max": -10.792920118043137}, "1": {"mean": -10.537817355066407, "min": -11.860043774523586, "max": -6.460812454319063}, "2": {"mean": -10.987479062150989, "min": -11.626476413773124, "max": -10.838149960315414}, "3": {"mean": -10.052721759755588, "min": -11.194443507106788, "max": -6.460001713754628}, "4": {"mean": -11.034999971841891, "min": -11.836125538343316, "max": -10.86095397695427}, "5": {"mean": -10.035999142128045, "min": -11.024525963182189, "max": -6.4626289069991305}, "6": {"mean": -10.064613246977283, "min": -11.305658709797324, "max": -6.43441308706955}, "7": {"mean": -10.136828257634955, "min": -11.751407632000868, "max": -6.460166172241489}, "8": {"mean": -10.076494085313367, "min": -11.338929905653744, "max": -6.4462849132515565}, "9": {"mean": -10.938178489502924, "min": -11.209836490406532, "max": -10.748455245867373}, "10": {"mean": -10.825448504555858, "min": -11.0177691508128, "max": -10.712774963646321}, "11": {"mean": -11.119530825925136, "min": -12.053820740175805, "max": -10.70866071772507}, "12": {"mean": -10.15223743424961, "min": -11.597135716417277, "max": -3.8766714018245754}, "13": {"mean": -10.97373839457288, "min": -12.127196331404894, "max": -10.473832161281972}, "14": {"mean": -10.822543479815288, "min": -11.753226089031125, "max": -10.443160568551253}, "15": {"mean": -10.679642876490103, "min": -11.537243321238583, "max": -10.422905525282273}, "16": {"mean": -10.47798838855805, "min": -10.703089797912316, "max": -10.219098675547837}, "17": {"mean": -10.787117090462194, "min": -12.09737014458614, "max": -10.1845501359998}, "18": {"mean": -10.290830897579161, "min": -11.040715716913645, "max": -10.163716153219408}, "19": {"mean": -10.320233632289252, "min": -11.265079949641677, "max": -10.128981155203094}, "20": {"mean": -10.17795543602195, "min": -10.243121379244604, "max": -10.038846070208866}, "21": {"mean": -10.347279412734556, "min": -11.250907198037984, "max": -9.980864978793738}, "22": {"mean": -10.247483920596665, "min": -11.971105241596005, "max": -9.882398557192882}, "23": {"mean": -6.658262703824647, "min": -11.16890285654092, "max": -0.9677237706294131}, "24": {"mean": -2.7362318322070522, "min": -10.38375806508389, "max": -0.7971833197659577}, "25": {"mean": -3.1933044318421673, "min": -11.97351975285727, "max": -0.7351679327616989}, "26": {"mean": -5.079062106692321, "min": -11.80570249253924, "max": -0.7274564148133558}, "27": {"mean": -3.907096675019664, "min": -11.270318271898303, "max": -0.5105787328691204}, "28": {"mean": -3.8888689335628626, "min": -11.79520013672171, "max": -0.7229395797855208}, "29": {"mean": -2.8533335667112345, "min": -11.154185062562819, "max": -0.5928959388451934}, "30": {"mean": -2.6377178791211007, "min": -11.527979816723942, "max": 0.1710443963344171}, "31": {"mean": -0.6507663112568356, "min": -0.7064227485410614, "max": -0.5396256229588499}, "32": {"mean": -1.7610495043638803, "min": -11.168106827208797, "max": -0.6550227869572017}, "33": {"mean": -0.6369449854153938, "min": -1.2953840080434078, "max": 0.23241513548079873}, "34": {"mean": -2.4935318133958093, "min": -11.147796967250201, "max": 0.27912778213490097}, "35": {"mean": -2.1847482590044853, "min": -11.45203779234711, "max": 0.5005526451227149}, "36": {"mean": -1.898973562027583, "min": -11.480756626145023, "max": 0.30348499489813496}, "37": {"mean": -3.691481633440086, "min": -9.835756916735116, "max": 0.3069382000620237}, "38": {"mean": -2.021367836348112, "min": -11.472171049587061, "max": 0.6105105482711303}, "39": {"mean": -2.549573246267669, "min": -9.941417004363995, "max": 0.6785408696390298}, "40": {"mean": -2.413778365091297, "min": -9.742441877784762, "max": 0.6983197129950709}, "41": {"mean": -0.393089566121625, "min": -9.245024344453391, "max": 0.6998273432383542}, "42": {"mean": -4.378931043943448, "min": -9.3036350972196, "max": 0.687153961760983}, "43": {"mean": -2.3366242697566135, "min": -9.45597719804322, "max": 0.7043939465005273}, "44": {"mean": -1.6461256996021134, "min": -12.043624409368407, "max": 0.6572527405342218}, "45": {"mean": -1.3524659972582558, "min": -9.377430455700077, "max": 0.6883124501680379}, "46": {"mean": -0.3789860843285152, "min": -9.116768349728249, "max": 0.8187917076122552}, "47": {"mean": -5.485062967501797, "min": -11.142406129194827, "max": 0.6997967770964828}, "48": {"mean": -0.2944264398468214, "min": -8.95394491291706, "max": 0.6994183552776312}, "49": {"mean": -0.4235730070444309, "min": -9.815426103778151, "max": 0.6861943040285068}, "50": {"mean": -2.536346080022155, "min": -10.1891486332045, "max": 0.6896831977746127}, "51": {"mean": -1.5045895831949918, "min": -10.285317807271948, "max": 0.727771632550268}, "52": {"mean": -2.782491661744971, "min": -11.427350517859331, "max": 0.7506476138065302}, "53": {"mean": -2.402448555113697, "min": -9.73146388729338, "max": 0.7650258479868935}, "54": {"mean": -0.5034934848568612, "min": -9.16068885884811, "max": 0.7689421206473381}, "55": {"mean": -3.8034495830078194, "min": -11.457424295664598, "max": 0.852999986260549}, "56": {"mean": -3.448437513203623, "min": -9.489110231232077, "max": 0.77093588966756}, "57": {"mean": -4.361250744433146, "min": -10.237594327420172, "max": 0.760451706808777}, "58": {"mean": -0.36843366326480076, "min": -9.415229156860228, "max": 0.7663843794554179}, "59": {"mean": 0.5686743598644675, "min": -0.08234922753525072, "max": 0.7606201044241326}, "60": {"mean": -1.4406047273040552, "min": -11.298793259004805, "max": 0.7953778212488027}, "61": {"mean": -2.4585874363505353, "min": -11.231639999601557, "max": 0.783292786898559}, "62": {"mean": -1.66631610954614, "min": -11.380958038500811, "max": 0.7806029531227672}, "63": {"mean": -4.941032854482791, "min": -12.08606480809404, "max": 0.7924868207033895}, "64": {"mean": -5.952609161799807, "min": -11.157777962808613, "max": 0.8516595764585135}, "65": {"mean": -4.6328063955704035, "min": -10.899916243727953, "max": 0.9200942612022776}, "66": {"mean": -3.540824777480264, "min": -10.998072616722219, "max": 0.9035475569579394}, "67": {"mean": -2.721854653672779, "min": -11.326434354282005, "max": 0.9748546555047559}, "68": {"mean": -4.652171810232054, "min": -11.344210990955624, "max": 0.9057691689683601}, "69": {"mean": -1.29945031343017, "min": -10.269405592151717, "max": 1.046987255709292}, "70": {"mean": -7.149484813952414, "min": -11.474081562670275, "max": 0.9449347156289687}, "71": {"mean": -7.249509442456057, "min": -11.199770277720951, "max": 1.0172406589337275}, "72": {"mean": -4.686666107310993, "min": -11.18785760429118, "max": 1.02406732559347}, "73": {"mean": -3.926705314061002, "min": -11.305449758522501, "max": 0.9948186187079686}, "74": {"mean": -3.4973489180175, "min": -10.331453102997024, "max": 1.015989383180356}, "75": {"mean": -3.8026734465788046, "min": -11.387011427122822, "max": 1.0540065379095107}, "76": {"mean": -5.7873369062893385, "min": -11.373571222896665, "max": 1.0253227603958537}, "77": {"mean": -3.6656623230373944, "min": -11.297151997808779, "max": 1.1159887104304653}, "78": {"mean": -6.426084080243163, "min": -10.671131082200217, "max": 1.1093251246327707}, "79": {"mean": -3.6378690966009324, "min": -11.071584538974768, "max": 1.0215730998427022}, "80": {"mean": -8.363347344709428, "min": -9.742261232777423, "max": -0.17460239842203906}, "81": {"mean": -3.403286491770485, "min": -10.946712231685815, "max": 1.051325189527972}, "82": {"mean": -9.432325638195064, "min": -11.215909707921242, "max": -9.111297232990227}, "83": {"mean": -3.7422722922457536, "min": -11.366710198970736, "max": 1.1486724176299508}, "84": {"mean": -6.7253092592937405, "min": -11.250654943978148, "max": 0.9992144470029558}, "85": {"mean": -1.5295276602580277, "min": -10.980589602273797, "max": 1.1013916348473523}, "86": {"mean": -8.543497026078336, "min": -11.290724737725297, "max": 0.9601426473905394}, "87": {"mean": -4.1095597465495635, "min": -11.830636247652194,