{"0": {"mean": -11.221181128594106, "min": -12.049301929521373, "max": -10.805719475833513}, "1": {"mean": -10.807787687703613, "min": -10.843136399241537, "max": -10.777092640431224}, "2": {"mean": -10.82483471861044, "min": -10.848063618189034, "max": -10.753730464855147}, "3": {"mean": -10.918386960160293, "min": -11.725448015523455, "max": -10.80405685423265}, "4": {"mean": -10.90152957430416, "min": -11.788443551729557, "max": -10.753810106832658}, "5": {"mean": -10.392325344224108, "min": -11.676348696755431, "max": -5.4717256132120395}, "6": {"mean": -10.706605250687922, "min": -11.667230549070116, "max": -5.48226029883952}, "7": {"mean": -9.236777322425295, "min": -10.984609469851542, "max": -5.444937908519077}, "8": {"mean": -9.772318655069192, "min": -10.88613156048941, "max": -5.445037891046996}, "9": {"mean": -9.772441497809789, "min": -10.88632143091696, "max": -5.445932573279575}, "10": {"mean": -9.777753665873831, "min": -10.901170479361651, "max": -5.4457704069373785}, "11": {"mean": -8.70303159025344, "min": -10.916768009699073, "max": -5.445017138443052}, "12": {"mean": -8.740969818385496, "min": -11.21381727600197, "max": -5.445374247115851}, "13": {"mean": -9.794695667331457, "min": -10.94497297516583, "max": -5.445567182721259}, "14": {"mean": -8.676973400822448, "min": -10.902522435696858, "max": -5.445738735884464}, "15": {"mean": -9.235235256206423, "min": -10.907568561524897, "max": -5.445623061465454}, "16": {"mean": -9.310025802161887, "min": -11.739018074945175, "max": -5.455448472963123}, "17": {"mean": -10.047394477864927, "min": -10.928967170617481, "max": -2.8088598965821854}, "18": {"mean": -8.365079695459396, "min": -10.885621889840502, "max": -2.816596464167192}, "19": {"mean": -7.427845054295124, "min": -10.528834170896374, "max": -2.8165118601990793}, "20": {"mean": -9.68195512822948, "min": -10.533892076065577, "max": -2.8168513578695933}, "21": {"mean": -7.428620664660258, "min": -10.60630543728266, "max": -2.7839496478381562}, "22": {"mean": -7.421014536711217, "min": -10.538168529617662, "max": -2.8164095790896737}, "23": {"mean": -5.9001122982047445, "min": -10.525264735203113, "max": -2.816375147469334}, "24": {"mean": -8.939468839769605, "min": -10.535864511546865, "max": -2.8045324791729382}}